196307;-0.61;1.26;2.72;-1.25;-0.89;-1.47;-1.62;-0.64;1.62;0.34;-1.65;-3.33;-0.11;-2.73;-1.2;-3.42;-0.82;-1.77;-1.45;-0.01;0.56;1.36;0.07;-0.79;0.67
196308;2.32;3.88;2.56;2.19;4.33;6.13;6.34;4.12;5.27;3.8;6.17;4.2;3.91;4.89;7.16;5.51;5.09;6.42;4.75;6.66;5.05;4.62;4.86;5.9;5.98
196309;-1.31;-0.88;-2.1;3.99;-1.4;-1.63;-2.02;0.71;-1.87;-4.09;-0.83;-1.39;-1.24;-1.66;-3.58;-1.93;-0.97;-1.82;-3.04;-2.05;-2.81;-1.8;0.69;-1.83;-1.21
196310;0.24;-0.89;1.5;2.56;0.49;3.54;3.24;1.85;-1.33;4.77;2.13;1.96;2.97;2.06;1.06;3.04;0.84;1.73;-0.59;3.2;0.39;0.36;2.08;3.33;7.8
196311;-2.13;-1.44;-3.46;-1.61;-3.34;-1.58;0.1;0.07;-0.84;-2.12;-1.2;-0.19;-2.39;-3.15;-2.41;-0.16;-0.95;-0.31;-0.27;0.4;-1.37;-1.23;1.29;0.98;-2.75
196312;-1.14;-0.84;-0.61;-0.17;-2.37;-0.36;-0.03;0.49;-1.49;0.11;1.72;1.5;1.11;-0.89;3.24;3.59;0.93;1.03;1.37;-0.85;0.99;4.21;1.47;3.19;2.12
196401;5.22;4.32;2.8;4.17;2.72;1.3;1.96;1.59;2.03;2.05;3.5;2.7;0.84;0.61;3.82;2.35;1.35;1.63;0.42;0.59;1.8;4.54;2.51;1.82;3.13
196402;3.78;0.68;-0.58;1.7;2.63;3.21;1.83;0.59;-0.37;4.31;3.45;2.23;1.69;0.95;2.52;1.46;2.96;3.29;2.48;3.27;2.15;1.98;0.59;1.64;2.28
196403;2.47;2.75;1.45;2.81;1.59;4.99;6.06;2.73;3.49;4.49;8.83;3.42;3.48;2.47;1.82;4.89;3.88;3.38;2.42;2.71;0.98;2.69;-0.25;1.59;1.97
196404;-0.75;1.39;0.26;2.34;-1.42;-0.65;-0.94;-2.16;-1.65;-0.95;-2.18;-0.07;1.78;-4.03;-1.47;5.62;0.83;-1.27;-0.18;-2.84;4.94;1.84;0.54;-1.37;0.81
196405;1.79;-0.36;1.25;0.04;-1.6;4.63;1.03;0.91;-0.82;3.27;1.66;-1.54;1.72;-0.45;1.72;1.49;2.46;1.97;1.65;2.63;0.74;2.59;0.47;0.34;2.87
196406;0.25;2.04;-0.12;2.31;1.38;1.56;2.06;1.48;-1.08;2.82;1.69;2.94;2.47;1.84;1.4;0.2;2.4;2.23;1.08;0.93;2.08;0.71;4.25;0.49;0.83
196407;3.49;4.88;2.59;3.54;2.44;3.56;2.36;2.02;0.89;3.96;1.64;4.44;3.46;2.19;1.51;-0.04;2.12;1.58;3.54;1.04;2.77;1.73;0.62;3.25;2.37
196408;0.28;-0.44;-1.05;-1.04;-0.91;-1.91;-2.17;-1.23;1.42;-1.01;-1.35;-0.2;-1.26;0.6;-1.46;0.02;1.3;1.64;-0.3;-1.88;-1.66;-1.67;-1.01;-1.23;-1.25
196409;2.59;5.19;4.09;5.09;5.24;4.92;2.45;2.43;-0.81;3;1.92;3.31;2.26;1.15;2.68;3.48;4.34;3.61;1.95;6.33;4.51;3.61;0.92;3.79;2.99
196410;2.27;1.58;3.09;2.67;2.15;0.93;1.28;1.83;0.34;1.72;2.54;1.38;1.91;2.23;4.61;1.95;3.43;0.29;2.26;0.82;3.14;1.73;-0.18;1.61;-0.41
196411;-0.98;0.45;1.37;0.47;0.66;-1.75;0.45;-1.32;-1.35;1.04;-1.74;2.38;-0.13;1.84;0.69;-0.04;0.59;0.93;0.33;1.04;1.07;1.32;-1.09;1.21;0.37
196412;-1.22;-2.33;-3.3;0.3;-1.93;-0.48;1.57;-0.63;1.32;0.14;-0.67;-0.51;-0.24;0.4;-0.4;-1.68;-1.97;1.22;0.05;0.52;-1.5;-0.78;1.92;0.64;1.01
196501;7.11;7.67;5.57;8.5;8.17;5.79;4.84;6.14;6.61;7.79;5.9;6.85;4.37;5.45;6.14;8.73;4.91;3.93;5.18;6.97;4.3;0.18;1.95;4.59;5.55
196502;2.03;2.63;3.54;3.12;3.86;3.73;1.92;5.75;3.21;2.7;4.92;3.71;4.95;1.33;6.17;2.59;3.14;3.07;2.27;4.21;1.61;-2.05;0.54;1.27;0.51
196503;1.79;4.06;3.13;-0.01;1.47;0.42;-0.05;0.33;-0.45;3.02;-0.2;0.5;0.01;1.66;-1.51;0.48;1.11;0.22;-0.7;-1.9;-2.9;-2.4;-1.02;-0.82;-1.24
196504;3.32;5.79;4.38;3.44;6.1;3.84;3.52;5.84;2.79;2.59;5.39;3.22;4.32;5.04;3.12;5.65;3.58;4.1;2.42;4.42;3.09;2.75;2.26;3.15;4.68
196505;-0.96;-1.12;-1.26;0.13;0.03;-0.06;2.21;-1.36;0.64;0.04;-1.77;1.15;-2.38;0.57;1.1;-3.04;0.33;-1.06;-1.29;2.48;0.91;0.05;1.09;-1.24;-0.68
196506;-9.87;-9.35;-10.57;-8.91;-10.66;-9.41;-7.86;-9.82;-9.97;-9.69;-9.69;-9.24;-8.03;-7.68;-8.29;-8.44;-9.22;-6.02;-6.02;-8.7;-6.18;-2.17;-3.98;-4.91;-5.07
196507;3.18;1.11;5.77;2.76;3.34;2.87;3.39;2.96;1.81;2.32;4.26;6.08;2.03;1.7;2.62;3.63;2.66;3.82;2.55;3.1;5.21;0.36;1.11;0.21;1.98
196508;3.7;2.29;4.61;4.25;4.6;5.03;6.05;4.03;2.36;6.49;6.02;8.36;4.64;3.99;7.81;2.67;5.37;3.52;3.92;5.99;0.88;1.68;1.22;1.89;4.78
196509;4.02;3.16;5.79;3.99;3.79;5.11;5.33;3.14;3.54;2.81;3.57;6.4;3.88;2.6;2.56;4.5;2.25;1.74;3.74;5.03;3.48;1.7;4.2;2.72;4.17
196510;8.29;6.49;7.83;6.95;8.27;6.25;6.36;2.91;0.54;7.32;4.53;8.22;4.16;5.6;5.92;4.03;3.09;2.89;3.13;6.72;2.6;0.11;1.41;2.39;4.83
196511;9.63;5.89;4.46;6.21;3.82;4.99;5.75;2.6;-0.08;6.26;2.94;3.13;4.55;4.64;5.69;1.09;2.47;2.49;3.36;6.62;1.01;-2.18;-0.86;0.96;-0.5
196512;4.71;2.92;6.93;2.66;7.26;7.59;3.37;4.84;3.41;4.87;2.14;5.12;2.58;1.61;2.43;6.07;1.99;2.97;0.07;1.82;1.55;0.69;0.92;1.01;0.45
196601;8.99;8.83;4.91;8.48;5.87;7.91;6.24;5.93;1.9;4.44;7.22;3.18;2.39;3.67;3.74;4.77;3.91;2.41;0.96;4.26;3.01;-0.57;-1.38;0.27;0.82
196602;5.63;8.13;5.05;3.18;5.85;4.53;1.43;-0.03;-1.51;1.76;2.53;5.65;2.08;-0.06;1.15;2.37;-0.2;-1.22;-0.09;4.13;-2.8;-0.95;-3.97;-1.78;-0.75
196603;-1.01;1.13;-4.26;-4.46;1.78;-2.03;-4.85;-0.21;-4.24;-3;-4.79;-3.69;-1.37;-0.57;-2.69;-3.24;-3.91;-2.49;-1.84;1.82;-3.54;-3.36;-1.78;-1.23;-1.42
196604;5.5;2.57;6.42;8.55;9.25;7.14;7.16;4.18;1.16;4.28;4.23;3.91;2.83;7.17;3.61;1.65;1.35;4.2;3.76;4.43;0.77;1.11;3.3;2.12;1.72
196605;-12.79;-9.99;-10.94;-11.48;-11.29;-10.71;-10;-9.15;-10.33;-9.41;-8.82;-9.88;-9.49;-6.64;-7.28;-9.56;-6.56;-5.85;-5.72;-6.01;-5.67;-3.93;-4.79;-4.42;-4.06
196606;0.36;-2.06;1.58;3.5;0.15;-0.14;1.18;0.49;-1.1;0.23;-1.45;2.16;-0.51;4.28;0.22;0.6;-2.13;1.41;-1.21;1.79;-0.87;-1.08;-1.13;-1.88;-1.99
196607;-1.64;-1.55;-2.34;-0.91;-2.31;-3.14;0.48;-0.07;-3.67;-0.96;-0.24;0.67;-1.94;-1.09;-2.97;-3.6;-0.99;-2.22;-1.34;-1.08;-0.52;-1.25;0.07;-0.68;-1.6
196608;-11.95;-11.06;-10.37;-9.39;-10.7;-9.73;-9.58;-11.19;-10.22;-10.92;-7.39;-8.45;-8.76;-9.26;-10.19;-9.87;-8.26;-7.78;-7.38;-8.73;-8.32;-5.53;-7.01;-7.4;-7.94
196609;-1.94;-2.77;-2.22;-1.26;-1.32;-2.68;-1.88;-0.32;-1.24;-0.6;-1.89;-0.37;-2.13;-3.19;-3.41;-2.79;-1.79;-0.68;-0.03;-1.14;-0.71;0.86;2.14;-2.38;-1.5
196610;-3.9;-3.31;-1.83;-3.12;-6.24;-1.2;0;2.25;-0.71;-5.24;1.93;2.99;2.91;2.17;0.96;-0.93;6.18;3.68;3.36;-2.32;5.79;8.65;7.84;2.14;2.53
196611;3.78;4.06;1.54;4.39;7.5;4.22;-0.35;2.71;4.59;6.32;4.13;3.51;3.43;1.43;9.12;4.58;1.07;3.08;2.45;8.62;1.46;-2.12;-2.18;3.42;4.4
196612;1.06;0.39;3.06;4.57;1.3;0.89;2.81;0.28;1.71;3.02;1.91;1.48;2;2.31;3.46;2.3;2.53;3.38;1.84;3.27;1.01;-0.37;0.96;1.53;-0.93
196701;18.51;22.68;18.57;18.9;18.92;17.56;17.75;16.02;17.05;19.96;11.54;14.22;12.72;13.03;17.31;16.23;9.69;8.97;7.34;11.93;7.88;5.9;6.19;6.92;8.33
196702;6.95;4.83;4.25;5.9;6.12;2.67;1.73;3.09;4.74;0.08;0.54;-1.13;0.71;0.09;2.73;1.6;-0.11;1.05;0.68;2.39;-0.44;-0.68;-0.63;1.35;2.52
196703;5.8;8.09;6.43;6.27;6.17;5.95;7.85;5.96;8.29;5.84;3.11;7.1;4.7;5.02;7.35;4.72;4.57;6.09;5.69;5.82;4.56;3.05;3.44;3.81;4.89
196704;5.31;4.24;4.62;4.43;3.96;2.77;4.29;4.93;6.69;4;6.24;4.31;5.43;1.54;5.06;4.82;4.24;3.74;4.32;7.98;1.48;2.07;2.18;4.04;6.99
196705;1.15;-0.19;-1.81;-0.29;-0.15;-1.76;-0.63;-3.46;-0.84;-0.73;-1.86;-2.4;-1.76;-0.37;-3.28;-1.24;-2.4;-1.76;-3.29;-1.12;-3.2;-4.48;-2.82;-5.47;-5.86
196706;11.69;16.01;9.92;12.54;12.63;8.18;9.05;8.59;7.79;5.61;5.75;5.67;4.45;3.68;6.83;4.52;3.93;5.04;1.5;4.29;2.75;1.61;0.35;-0.02;1.98
196707;9.85;7.28;8.27;11.87;9.23;8.31;8.44;11.26;6.24;7.69;8.93;5.68;5.02;4.94;6.88;7.65;4.92;6.17;4.81;5.27;7.6;1.74;5.71;7.67;3.88
196708;0.97;-1.55;-1.72;1.85;0.91;-1.46;-1.09;-0.6;-0.11;0.3;0.85;-1.32;2.09;-2.84;-0.34;0.77;-0.47;-2.71;0.03;-0.27;-1.91;-0.89;-0.58;-0.8;-0.8
196709;8.39;11.33;5.38;7.67;9.76;5.66;5.34;3.46;7.22;3.94;1.7;3.01;2.14;5.93;3.65;1.96;3.14;3.58;1.82;3.16;5.36;2.67;1.51;2.15;4.89
196710;-0.34;-0.11;-1.55;-2.12;-3.33;-3.7;-2.22;-3.41;-0.71;-3.67;-2.76;-2.59;-0.82;-3.79;-4.18;-2.02;-4.09;-6.18;-5.25;-3.82;-4.35;-3.44;-3.36;-3.05;-0.05
196711;-1.69;-0.85;0.65;1.82;0.81;1.11;1.33;0.39;0.45;-0.42;-1.85;0.7;0.79;0.78;1.46;-0.8;1.61;1.97;1.05;1.36;-0.21;0.36;1.73;-0.98;0.99
196712;11.77;8.54;7.26;11.44;9.74;9.66;5.87;6.31;6.52;10.84;10.13;4.76;4.64;7.9;4.71;5.7;2.5;3.93;2.59;2.21;2.38;2.24;3.39;1.64;2.44
196801;6.03;1.17;2.17;2.05;1.34;0.48;-0.42;1.16;-2.09;-2.28;1.02;-0.1;-2.9;-2.69;-3.57;-1.14;-3.67;-5.01;-3.12;-5.5;-0.3;-1.37;-3.54;-6.11;-6.87
196802;-8.41;-7;-4.93;-7.26;-6.74;-4.59;-6.7;-5.6;-7.03;-6.41;-3.16;-3.8;-2.72;-6.19;-5.74;-5.42;-4.58;-2.94;-3.19;-5.31;-1.82;-2.21;-2.41;-2.61;-3.06
196803;0.09;-0.33;-3.06;-2.6;-0.87;0.02;-0.56;-2.39;-1.82;-0.51;-0.52;0.02;-1.27;-0.88;1.51;-0.49;1.02;-1;-2.66;0.74;0.91;-1.08;-0.12;0.61;2.94
196804;18.84;15.98;13.58;19.67;18.49;15.63;12.91;10.45;13.12;18.42;15.05;10.36;8.17;11.78;17.86;11.01;10.72;8.41;7.67;15.26;7.56;3.91;8.21;9.86;10.46
196805;12.13;12.02;9.59;8.82;11.86;9.19;8.04;7.66;10.81;7.62;6.35;6.09;5.47;3.53;8.48;3.24;3.49;2.52;2.62;4.83;1.91;-0.55;1.2;0.33;2.43
196806;-0.49;3.36;2.59;-0.43;0.07;-0.51;1.26;0.63;0.06;-0.42;-1.52;2.13;2.28;1.21;0.88;2.8;0.38;4.19;3.79;-1.35;4.62;2.15;1.87;-0.4;-0.34
196807;-0.99;-5.91;-5.15;-3.65;-4.17;-1.67;-4.94;-2.16;-4.94;-6.66;-1.42;-5.14;-2.77;-2.7;-5.3;-4.94;-1.65;-3.55;-1.7;-6.72;-3.06;1.59;1.18;-2.97;-4.36
196808;4.76;4.8;4.56;3.28;4.34;4.16;2.99;2.9;3.09;2.39;2.25;5.25;2.58;3.29;3.31;5.24;3.35;1.2;-0.22;2.18;1.91;1.81;0.95;0.93;1.17
196809;8.75;8.06;3.07;6.52;9.14;7.74;6;7.7;4.94;7.01;7.35;3.82;5.67;6.83;5.8;6.53;7.22;6.89;4.94;6.53;7.12;4.25;3.12;4.14;2.13
196810;0.2;1.07;1.55;-0.97;-0.94;-0.39;0.66;0.48;2.1;1.74;0.83;2.88;0.61;1.16;1.88;-0.5;0.88;0.77;1.2;-0.04;3.95;2.53;1.69;0.86;-1.45
196811;6.72;7.39;6.25;7.35;7.75;8.36;7.5;9.56;8.13;8.78;10.18;7.89;9.07;7.26;7.55;8.21;5.88;7.31;7.83;7.3;4.6;4.89;4.48;6.12;5.35
196812;4.78;1.47;-0.81;0.36;2.08;0.65;-0.71;-2.21;-0.27;-2.88;-1.18;-2.04;-4.02;-0.88;-2.41;-2.71;-2.85;-3.29;-4.26;-2.76;-2.63;-4.65;-3.61;-4.55;-4.9
196901;-0.61;-3.44;-0.36;-0.84;-1.58;0.38;0.39;0.49;-2.99;-2.29;-0.93;-1.17;-0.73;-2.57;-2.61;-0.07;-1.07;-0.7;1.56;-2.94;0.24;0.35;0.75;-1.45;-2.32
196902;-11.73;-9.72;-9.12;-8.83;-10.43;-10.49;-8.55;-6.45;-6.71;-8.19;-8.8;-6.03;-8.62;-6.16;-8.02;-6.19;-7.94;-6.94;-6.41;-7.44;-6.73;-4.7;-3.88;-4.11;-3.08
196903;3.75;1.67;1.67;3.4;2.42;4.44;2.39;4.28;0.98;3.62;3.82;2.73;-0.42;3.02;2.5;2.56;3.34;2.3;0.18;2.67;3.8;3.64;4.34;2.13;3.87
196904;1.15;0.06;-0.35;-0.54;0.44;4.6;0.88;1.32;1.16;0.04;3.6;0.09;2.6;-2.36;2.76;3.12;1.51;-0.16;1.84;0.96;1.8;2.6;1.65;2.28;3.07
196905;3.01;1.45;1.23;-0.4;-1.24;-0.01;-1.5;-0.51;-2.32;-1.1;-0.78;0.15;0.08;2.34;0.44;0.02;0.28;0.71;-0.4;-0.28;-0.08;1.18;0.21;-0.19;0.39
196906;-14.17;-13.49;-12.93;-12.73;-12.96;-11.81;-12.09;-11.86;-8.92;-9.57;-11.76;-10.32;-8;-8.71;-10.22;-11.35;-8.66;-7.22;-6.78;-7.06;-8.43;-7.32;-6.91;-4.47;-1.67
196907;-12.09;-11.34;-10.97;-11;-10.76;-10.67;-9.55;-6.33;-8.14;-10.95;-7.98;-7.25;-8.5;-7.86;-8.99;-8.88;-8.51;-4.91;-6.26;-7.14;-8.73;-6.21;-6.09;-6.04;-4.37
196908;3.07;4.9;3.3;4.73;6.38;6.04;6.37;2.58;4.82;7.23;7.31;7.39;6.19;5.19;8.68;6.92;4.82;3.81;3.95;9.01;2.86;4.51;5.57;4.15;5.46
196909;-3.62;-2.57;-4.61;-2.44;-3.71;-2.34;2.24;-1.66;-1.68;2.23;-1.47;-3.19;-1.47;-2.33;3.07;-2.23;-1.34;-2.17;-0.7;-1.51;-5.06;-4.8;-4.57;-1.07;-0.84
196910;11.97;10.15;10.85;9.5;10.79;6.99;13.56;8.13;6.94;9.26;7.56;7.97;6.44;6.93;8.72;10.33;7.14;7.56;5.52;7.95;3.8;3.61;2.42;6.84;5.53
196911;-7.07;-6.49;-6.45;-6.81;-7.85;-4.51;-5.03;-4.76;-4.48;-2.98;-5.96;-3.41;-4.41;-5.97;-3.67;-4.98;-4.62;-3.43;-2.97;-2.25;-3.85;-2.65;-4.13;-3.53;-1.93
196912;-9.23;-5.81;-7.78;-7.12;-6.21;-8.21;-7.24;-4.52;-4.95;-3.24;-4.55;-3.51;-3.75;-4.42;-0.49;-1.03;-1.96;-1.94;-1.56;-1.81;-0.42;-3.28;-0.72;-1.71;0.12
197001;-1.22;-3.32;-3.79;-4.6;-6.77;-4.53;-4.52;-3.94;-6.18;-6.01;-2.5;-5.59;-5.17;-9.47;-7.42;-10.48;-8.37;-6.64;-6.9;-7.07;-7.6;-7.16;-9.09;-7.17;-8.05
197002;2.94;4.09;4.07;3.47;1.17;4.09;3.77;3.46;2.12;4.78;4.45;5.22;4.76;5.48;3.16;8.03;6.88;7.38;4.73;3.78;8.58;9.31;4.88;5.14;4.33
197003;-3.97;-3.38;-4.3;-4.19;-4.49;-0.93;-3.72;-1.97;0.01;-4.66;-0.93;-1.62;0.1;-1.36;-1.78;-0.99;1.1;0.67;0.08;-2.59;-0.73;0.99;0.21;-0.29;-0.62
197004;-20.06;-16.13;-15.15;-15.01;-19.1;-17.62;-16.14;-15.22;-15.7;-20.01;-13.91;-12.06;-12.61;-11.56;-18.52;-13.69;-14.12;-9.64;-10.87;-13.04;-7.09;-7.97;-8.87;-9.81;-9.23
197005;-11.3;-8.79;-9.6;-9.17;-9.29;-7.94;-13.33;-9.7;-8.59;-11.29;-9.33;-9.42;-9.54;-11.57;-8.65;-9.66;-8.08;-8.25;-7.71;-9.7;-3.88;-3.76;-2.39;-6.39;-6.77
197006;-8.14;-9.03;-8.4;-7.59;-10.75;-9.26;-8.63;-6.66;-7.59;-6.43;-7.54;-7.71;-5.09;-4.1;-6.23;-7.87;-6.79;-3.06;-2.62;-2.01;-4;-5.59;-4.34;-2.31;-6.11
197007;3.72;2.91;5.85;6.31;6.18;6.4;9.35;5.96;8.61;7.79;3.25;10.39;7.06;7.99;7.63;14.63;8.88;7.45;7.03;7.05;7.09;9.08;10.51;7.89;4.35
197008;5.72;7.87;6.99;5.64;7.1;7.02;6.94;6.43;8.16;9.14;6.03;5.41;5.47;6.9;6.91;4.18;4.07;7.49;6.45;5.74;4.65;3.74;4.37;4.08;5.49
197009;15.5;14.8;15.25;13.5;17.56;14;10.88;12.88;9.73;16.56;9.97;7.27;8.4;8.34;13.91;11.98;4.67;4;5.59;7.87;3.05;2.68;0.55;2.7;4.97
197010;-8.59;-9.47;-7.82;-5.9;-8.01;-8.32;-3.92;-4.88;-4.23;-4.11;-6.93;-6.15;-2;-3.29;-6.89;-5.35;-3.46;-4.18;-3.05;-2.14;-0.37;-2.05;-0.66;-0.39;-0.33
197011;-3.95;-2.71;0.12;-0.44;-0.16;1.13;2.55;2.76;4;1.96;2.44;3.42;4.06;3.94;3.63;4.74;6.66;6.34;2.64;5.39;4.31;6.08;6.18;4.92;5.68
197012;7.48;9.62;10.55;10.05;11.97;8.57;7.49;9.17;7.49;10.38;7.16;7.89;9.27;7.86;9;7.88;9.45;8.41;9.59;7.69;7.27;4.01;5.86;5.87;5.08
197101;16.74;14.5;14.81;13.72;14.8;15;10.01;14.12;10.3;7.46;9.08;8.34;7.62;9.44;9.35;10.79;7.36;8;7.31;5.28;2.76;3.91;3.82;3.28;3.74
197102;6.16;4.7;5.11;6.53;8;0.47;2.99;2.67;2.92;5.07;2.68;4.04;1.64;1.94;3.11;3.24;1.54;0.48;3.99;3.29;1.63;1.14;-0.63;2.83;1.64
197103;5.64;5.8;5.55;6.9;7.14;1.85;3.99;6.46;5.4;8.71;7.36;5.13;5.73;4.48;9.96;5.51;4.39;4.04;3.93;6.58;2.85;3.78;2.27;4.75;4.97
197104;2.07;3.04;2.99;1.9;1.23;7.37;1.46;2.11;3.23;2.49;5.37;8.05;3.45;5.69;3.88;7.33;2.66;3.75;2.12;4.29;5.84;2.67;1.86;3.67;3.97
197105;-6.85;-5.58;-5.85;-5.63;-5.35;-5.64;-5.67;-4.45;-4.7;-1.94;-3.93;-4.32;-3.59;-4.64;-4.1;-2.89;-4.58;-4.5;-3.23;-2.06;-5.07;-4.21;-3.41;-2.51;-3.62
197106;-3.13;-2.03;-2.11;-1.88;-0.94;-3.69;1.22;-2.31;-0.24;3.39;-2.01;-1.46;-1.73;0.22;-1.05;-0.5;0.27;1.42;-0.17;1.46;-1.15;0.34;1.83;1.85;-0.51
197107;-7.63;-4.85;-6.66;-5.53;-9.15;-4.88;-5.87;-3.12;-6.47;-6.41;-5.86;-4.37;-5.41;-5;-6.35;-6.95;-5.02;-4.22;-3.24;-4;-3.56;-3.37;-3.68;-3.29;-4.7
197108;4.15;3.31;3.75;4.55;5.31;7.37;5.4;5.07;5.33;5.05;7.86;4.84;3.25;4.59;7.3;7.05;4.17;4.74;3.56;7.32;6.6;4.74;1.14;5.31;4.46
197109;-1.57;-0.36;-0.28;-0.6;4.5;-4.44;-2.61;1.15;-2.23;1.97;-2.18;-2.01;0.19;0.49;1.35;-2.27;-1.45;-1.07;-0.13;1.93;-1.94;-0.66;-0.75;-0.53;0.15
197110;-8.04;-6.31;-5.92;-4.49;-7.17;-7.46;-4.8;-3.3;-3.33;-5.79;-9.2;-2.64;-4.81;-5.74;-6.48;-5.41;-3.68;-4.19;-2.2;-3;-5.13;-3.92;-3.9;-4.18;-2.86
197111;-6.04;-4.32;-4.29;-2.93;-3.92;-2.83;-3.43;-1.4;0.52;-3.29;-3.58;-1.58;-2.6;-1.04;-1.58;-3.84;-1.28;-1.81;-1.76;1.4;-1.52;0.4;-0.1;0.6;1.7
197112;13.25;11.11;13.47;12.82;14.56;14.08;13.28;11.56;13.01;12.2;13.2;10.56;9.89;11.05;12.36;9.75;11.01;9.12;9.85;12.26;10.41;6.64;9.16;7.7;9.14
197201;15.47;13.31;11.43;9.86;11.5;11.61;8.31;4.74;10.21;6.4;9.12;4.1;4.05;3.22;6.3;5.34;2.4;3.03;1.39;3.6;2.73;0.6;-0.19;0.61;4.29
197202;5.2;3.31;4.98;2.84;3.71;5.76;3.57;3.57;3.1;4.58;1.28;2.43;3.3;3.9;6.14;1.44;1.05;1.57;2.48;5.68;2.43;0.84;3.3;4.01;3.76
197203;-1.01;-0.29;-1.8;0.57;0.3;0.15;-1.32;0.58;1.52;0.83;-0.21;1.5;-0.63;2.74;2.54;0.62;0.63;0.64;2.37;0.67;-0.82;0.59;-1.27;2.52;1.76
197204;0.33;0.79;-0.75;-0.13;0.41;1.48;1.33;0.83;2.56;-0.05;0.19;-0.16;0.24;-1.57;2.75;2.34;1.51;-1.27;-1.86;0.54;1.71;-0.66;-0.33;2.27;0.68
197205;-3.57;-1.29;-1.89;-2.03;-2.44;0.35;-5.23;-1.45;-1.57;-0.37;-3.06;-0.94;-0.8;0.25;1.18;0.03;-1.49;-0.22;-0.27;3.82;-0.87;0.18;3.04;2.1;3.6
197206;-4.14;-2.34;-4.16;-2.13;-5.51;2.11;-1.15;-2.78;-3.75;-2.94;-4.81;-4.26;-3.4;-2.71;-0.06;-7.4;-4.71;-2.28;-3.08;-2.98;-3.55;-2;-3.3;-0.95;-0.46
197207;-3.67;-2.85;-3.55;-4.06;-6.71;-4.92;-1.62;-1.96;-5.37;-5.55;-1.74;-2.27;-1.92;-2.55;-2.94;-5.31;0.66;-1.83;-2.1;-4.54;-4.65;-1.95;-0.73;1.54;1.61
197208;0.02;-0.72;-0.01;-0.27;-0.35;1;1.41;3.95;-1.54;-0.84;4.76;2.81;2.55;2.87;-0.17;6.82;2.11;2.36;3.45;2.45;7.12;6.84;3.38;5.87;1.64
197209;-5;-4.1;-4.52;-3.42;-5.07;-4.94;-2.77;-2.94;-3.52;-1.93;-3.44;-2.59;-1.27;-0.71;-2.61;-4.73;-2.88;-1.25;-1.06;-2.53;-2.57;-0.23;0.85;-0.27;-0.22
197210;-4.06;-2.07;-1.38;-2.65;-2.57;-1.6;1.75;-1.98;0.62;-1.72;-1.22;-0.15;0.3;0.35;-2.27;0.73;-0.74;0.9;0.67;-0.96;1.37;2.67;2.62;2.06;0.03
197211;4.7;4.46;5.14;3.93;4.71;7.16;6.03;5;5.5;5.65;5.04;4.11;6.02;5.62;5.43;10.28;7.22;7.62;7.23;6.65;8.5;7.27;5.33;4.06;2.9
197212;-1.8;-2.05;-1.77;-2.36;-3.36;-3.45;-2.16;-1.35;-0.3;-2.23;-0.3;-0.97;-0.32;-0.27;0.42;-2.86;-1.97;-1.56;-0.21;0.3;-3.2;-0.1;2.15;2.15;2.55
197301;-1.81;-3.4;-3.62;-3.93;-5.7;-5.83;-6.18;-3.98;-8.06;-6.05;-4.45;-6.86;-6.42;-5.03;-7.6;-5.63;-6.21;-6.42;-5.33;-5.15;-4.8;-0.14;-3.27;-0.85;-1.19
197302;-7.37;-8.06;-8.53;-8.47;-10.69;-6.17;-6.94;-7.08;-7.93;-11.15;-6.68;-7.39;-6.02;-8.39;-10.58;-2.72;-5.92;-5.02;-5.94;-8;-3.69;-6.13;-3.15;-3.22;-2.62
197303;-2.21;-1.15;-2.88;-3.73;-4.35;-2.05;-1.24;-2.45;-3.39;-2.18;-3.09;-2.41;-2.49;-3.64;-3.54;-0.48;-3.59;-2.18;-2.57;-3.29;2.46;1.3;-2.31;0.65;-0.07
197304;-7.09;-5.59;-5;-8.52;-8.93;-6.39;-2.94;-8.09;-6.75;-10.36;-4.55;-4.24;-5.97;-5.76;-10.3;-6.55;-4.12;-4.98;-7.13;-8.82;-5.53;-3.61;-1.57;-3.35;-5.46
197305;-9.32;-8.51;-9.99;-8.69;-9;-9.64;-6.86;-8.53;-8.22;-9.84;-6.04;-5.53;-5.92;-5.58;-8.95;-6.72;-3.54;-2.68;-5.31;-6.29;-3.84;-2.98;-0.72;0.36;-0.91
197306;-2.83;-3.48;-2.86;-3.07;-6.28;-1.94;-2.29;-2.74;-5.02;-4.59;-1.77;-2.8;-1.91;-4.04;-5.05;-2.44;-3.08;-2.09;-5.27;-3.27;-1.18;-0.97;-1.6;0.21;0.01
197307;13.19;14.81;13.2;14.25;15.79;14.7;12.08;9.52;11.16;18.78;13.05;7.24;6.55;8.1;15.51;8.35;9.31;7.37;9.69;13.73;6.92;2.89;3.05;7.22;2.64
197308;-4.77;-5.62;-5.56;-5.89;-6.64;-3.67;-6.1;-4.12;-4.09;-4.86;-1.75;-3.17;-3.12;-3.47;-4.21;-2.15;-1.9;-2.12;-3.01;-1.35;1.38;-4.5;-2.61;-4.14;-3.3
197309;9.53;7.86;9.02;8.45;9.96;8.94;9.92;10.85;8.81;11.92;9.76;9.16;10.11;9.95;10.8;9.67;11.78;10.4;9.84;11.52;7.94;5.34;8.21;4.81;0.55
197310;2.2;1.82;0.72;-0.73;-2.7;2.71;2.17;-0.95;-1.45;-2.69;0.91;1.05;2.38;-1;-3.42;0.18;-0.42;-0.05;-0.49;-2.87;1.35;-0.58;-1.74;0.39;0.19
197311;-17.6;-19.58;-20.37;-19.88;-23.47;-18.58;-18.98;-17.32;-19.78;-22.49;-16;-17.43;-14.94;-17.92;-22.2;-12.04;-16.25;-15.67;-15.55;-22.04;-7.47;-12.54;-8.13;-11.89;-10.69
197312;-3.68;-4.5;-2.94;-4.35;-3.82;1.13;-0.27;-3.25;-3.24;-1.23;0.94;1.88;2.21;-0.43;-2.75;5.94;2.76;3.17;2.16;1.83;6.06;5.06;3.98;1;-1.31
197401;17.22;15.18;12.06;13.75;11.96;11.3;10.28;9.25;9.96;7.48;7.35;5.44;5.83;6.47;7.42;3.14;5.44;4.74;0.14;-1.22;-1.3;-1.71;-0.19;-2.56;-1.19
197402;-1.03;0.17;0.07;0.3;0.57;5.61;2.75;-0.54;1.09;0.49;0.1;-1.07;0.35;-0.5;0.71;0.97;1.63;1.01;-0.16;-0.91;1.27;0.03;3.21;-0.98;-1.2
197403;-0.19;2.19;0.6;0.85;0.94;-0.36;-0.57;-1.12;-0.39;0.93;-1.04;-2.23;-2.58;-1.63;0.13;-5.19;-3.12;-1.45;-2.73;-2.4;-5.54;-4.62;-3.64;-1.41;-1.04
197404;-5.29;-4.25;-5.03;-5.28;-4.77;-7.87;-4.18;-5.14;-6.03;-5.09;-7.92;-6.34;-5.04;-4.81;-5.01;-5.92;-5.98;-6.35;-5.32;-7.58;-7.49;-6.23;-4.91;-2.06;-3.49
197405;-7.48;-8.55;-6.49;-6.56;-7.1;-8.63;-7.5;-6.42;-7.1;-6.53;-10.4;-8.42;-7.08;-8.25;-5.46;-8.49;-6.18;-6.11;-6.46;-6.93;-8.99;-7.49;-2.61;-0.41;-1.01
197406;-2.51;-2.35;-2.22;-2.65;-2.73;-2.23;-2.81;-2.33;-1.8;-2.44;-0.87;-4.49;-3.62;-2.34;-4.07;-0.85;-4.69;-4.07;-3.55;-1.95;-2.66;-2.71;-0.76;-2.16;-1.47
197407;-5.01;-4.57;-2.98;-6.06;-7.25;-4.72;-3.35;-3.79;-4.56;-4.5;-3.06;0.88;-3.04;-4.34;-5.94;-2.7;-3.82;-4.67;-6.65;-7.97;-6.43;-8.7;-6.63;-8.47;-9.26
197408;-7.81;-7.18;-7.48;-7.78;-7.97;-6.62;-7.44;-7.35;-8.79;-9.27;-6.44;-7.27;-8.12;-9.89;-10.35;-7.76;-9.59;-8.63;-11.39;-9.29;-9.63;-10.07;-6;-10.9;-8.1
197409;-8.18;-7.63;-8.28;-8.93;-9.77;-10.25;-8.02;-6.44;-7.91;-9.9;-8.57;-5.15;-6.62;-8.67;-12.79;-6.69;-4.87;-7.96;-9.49;-12.77;-4.41;-11.05;-7.46;-12.02;-14.96
197410;9.94;8.23;9.2;8.56;9;10.72;11.2;8.08;8.79;9.82;10.45;9.02;9.62;9.6;16.03;16.46;16.16;12.17;15.59;13.95;21.94;12.89;20.47;21.11;17.05
197411;-7.06;-5.12;-3.97;-5.84;-6.23;-3.05;-3.79;-5.36;-5.7;-6.9;-3.69;-1.57;-3.01;-4.47;-5.26;0.09;-0.9;-2.41;-3.34;-3.18;0.1;-3.79;-3.7;-3.34;-5.66
197412;-7.93;-7.86;-6.79;-8.59;-8.42;-5.15;-6.84;-6.45;-5.8;-5.85;-5.91;-4.31;-4.89;-5.12;-5.85;-3.44;-2.89;-3.46;-4.92;-4.39;-1.42;-1.87;0.78;-2.92;-3.06
197501;33.19;29.43;25.72;29.47;27.14;22.98;25.63;26.24;27.44;26.71;26.31;21.47;21.7;22.72;24.26;20.21;19.82;20.33;19.21;22.02;9.63;16.9;8.75;10.48;12.34
197502;5.65;4.58;6.68;3.39;3.95;7.72;6.23;5.9;2.49;3.54;4.97;4.28;3.13;3.99;6.12;3.24;3.13;2.95;4.53;5.87;2.83;3.97;2.85;7.43;9.73
197503;7.69;7.9;8;10.67;11.6;5.9;6.08;5.13;8.18;7.97;7.12;3.43;4.78;7.16;7.34;1;3.93;6.21;6.34;11.3;1.48;6;1.18;3.7;0.9
197504;4.62;4.21;4.09;4.69;4.75;5.32;2.56;4.01;4.52;3.38;2.75;3.83;5.08;4.95;6.22;4.96;3.1;4.8;6.27;4.79;2.05;2.03;3.95;4.65;6.38
197505;8.11;9.43;8.75;8.42;9.15;8.89;10.34;5.2;7.86;9.28;8.62;5.46;6.87;4.66;4.4;5.36;8.14;5.64;5.95;4.87;7.87;4.73;5.67;2.77;6.27
197506;8.94;7.34;6.77;7.91;6.82;8.86;8.29;7.33;5.38;7.12;5.6;7.51;5.25;6.04;5.09;8.97;7.71;9.52;7.08;3.52;6.59;7.57;4.95;5.67;2.96
197507;-1.07;-0.98;0.24;-0.36;-0.59;-4.83;-2.9;-2.69;-3.49;-2.71;-7.03;-3.01;-2.15;-4.78;-4.8;-6.54;-5.44;-6.8;-6.45;-5.56;-5.55;-8.76;-3.89;-7.81;-7.11
197508;-6.59;-6.09;-5.76;-6.42;-6.06;-7.75;-3.69;-3.81;-4.94;-4.61;-4.92;-3.88;-3.83;-3.87;-2.6;-2.97;-2.52;-4.61;-3.28;-3.56;-3.95;-0.41;-2.38;-2.44;-0.89
197509;-4.52;-3.16;-2.32;-3.11;-3.72;-4.99;-3.46;-3.46;-3.77;-3.23;-6.33;-3.13;-4.39;-4.31;-2.85;-3.36;-4.13;-4.43;-4.28;-2.51;-3.36;-4.32;-1.88;-5.87;-2.62
197510;0.46;2.08;2.2;2.1;2.64;3.12;2.87;2.55;2.93;4.08;2.61;2.61;2.65;5.88;1.6;5.63;6.42;5.36;8.09;4.3;6.97;9.19;7.54;7.78;4.44
197511;0.25;3.96;2.64;2.59;2.84;2.17;4.05;0.95;4.09;2.38;1.13;3.77;3.68;3.18;3.4;5.26;5.77;2.96;3.43;3.3;4.77;3.78;3.45;2.68;2.46
197512;-0.67;-1.71;-2.33;-0.82;-0.8;-1.27;-2.02;-0.71;-1.02;-1.16;0.44;-0.04;0.02;0.56;-1.37;0.09;-0.54;0.18;-1.27;-1.08;-1.22;-2.78;0.01;-1.67;-1.36
197601;23.54;22.02;20.54;20.9;19.5;24.99;17.56;16.22;16.53;18.15;20.71;15.99;15.09;17.38;16.53;14.59;14.91;16.39;14.6;14.34;9.9;11.24;10.31;11.68;11.78
197602;14.67;11.88;10.13;10.52;11.13;10.3;8.92;6.97;6.93;8.01;6.51;4.63;3.87;7.02;6.96;1.97;2.22;3.49;1.71;5.09;0.65;0.51;-0.01;-2.13;-1.82
197603;2.73;1.93;0.3;2.3;1.7;0.23;1.15;1.67;-0.48;1.78;4.78;1.92;1.09;0.26;0.61;3.34;2.1;0.6;3.19;0.78;3.7;4.79;3.05;2.41;3.16
197604;-2.08;-1.58;-0.58;-1.08;-2.06;-1.8;-1.09;0.38;-2.28;-1.3;-0.69;-0.43;0.39;-1.02;-1.16;-1.69;-2.07;-1.78;-0.89;-1.14;-1.27;-2.25;0.77;-1.6;-1.26
197605;-4;-3.62;-3.66;-2.55;-1.47;-3.39;-2;-1.37;-1.6;-2.13;-3.83;-0.58;-1.53;-1.6;-1.3;-1.79;-2.04;-0.24;-0.62;-2.76;-2.08;-2.82;-1.91;-1.49;1.4
197606;2.31;2.21;2.36;2.83;3.28;6.76;3.38;3.94;2.36;2.01;6.34;5.67;5.26;5.47;5.73;5.37;6.59;7.25;3.81;4.03;6.47;3.82;3.34;3.85;5.46
197607;-0.3;0.35;1;0.66;-1.13;-0.9;1.22;1.61;0.97;-0.44;-0.47;0.68;1.12;-0.66;-2.24;3.02;1.41;-1.21;0.35;-2.15;0.42;-0.94;-0.08;-1.39;-0.91
197608;-3.75;-1.24;-0.43;-1;-2.55;-3.99;-1.54;-1.54;-2.12;-3.05;-2.99;-2.05;-1.19;-0.61;-2.84;-0.24;0.61;-1.41;-0.55;-1.96;2.69;0.77;1.42;-0.33;-0.38
197609;1.09;2;2.66;1.73;2.34;1.86;4.49;2.81;2.92;4.27;1.45;2.02;2.21;3.61;3.46;1.63;2.95;2.54;2.29;2.27;1.59;2.63;2.44;2.06;3.16
197610;-2.85;-1.53;-1.68;-1.45;-2.14;-3.1;-0.88;-0.98;-2.47;-3.15;-3.48;-0.59;-1.67;-0.67;-3.1;-2.13;-1.56;-2.14;-1.57;-1.93;-1.77;-2.05;-0.56;-2.34;-2.95
197611;2.66;3;1.88;3.26;4.07;5.36;3.79;5.26;3.46;2.06;5.85;3.18;3.26;3.89;4.68;1.68;4.2;2.1;3.94;4.56;3.22;0.59;-0.24;-1.41;-0.65
197612;10.55;9.59;9.6;10.21;10.75;11.78;8.95;7.88;10.11;10.02;9.24;8.18;8.09;8.39;7.36;7.95;7.24;7.53;7.12;7.02;3.85;5.78;5.42;4.71;5.68
197701;5.22;4.14;5.1;4;4.37;3.75;0.52;0.62;2.7;0.65;-1.12;-0.68;0.24;1.28;-0.56;-2.45;-2.05;-3.69;-2.71;-1.08;-6.75;-3.31;-3.15;-7.42;-4.24
197702;-0.37;0.36;-0.65;0.67;-0.73;-2.75;0.07;-0.21;-0.74;-0.64;-1.78;-1.99;-1.31;-1.96;-3.29;-4.04;-1.76;-1.91;-1.91;-2.84;-0.63;-3.08;-0.16;-2.19;-1.58
197703;0.94;1.5;0.84;1.41;0.46;1.04;-1.3;-0.06;0.59;-0.6;-0.32;0.28;0.54;-0.19;1.16;1.27;0.07;0.71;-1.07;-0.6;-0.57;-1.77;-1.11;-3.13;-0.66
197704;2.12;0.9;2.62;1.45;2.02;1.92;0.61;2.8;2.28;1.03;2.03;2.02;0.82;1.71;1.65;2.57;1.86;1.5;1.24;1.33;3.05;1.33;-0.36;-0.33;-0.96
197705;0.26;1.34;0.11;0.46;-0.56;-1.01;-0.5;-0.06;1.19;-0.2;-1.8;0.38;0.17;1.53;0;-2.59;-0.19;-0.63;-1.64;1.17;-1.18;-1.66;0.07;-1.76;-1.68
197706;5.96;7.06;7.12;5.64;6.91;8.17;7.54;3.6;5.61;8.74;5.35;6.1;5.41;7.15;8.04;5.78;5.68;3.36;6.35;6.38;4.22;4.32;2.81;4.59;6.11
197707;0.15;0.25;2.02;1.63;0.94;-1.46;0.4;0.49;0.06;-0.28;-1.4;-1.03;-0.06;-0.43;-0.29;-3.67;-0.98;-1.19;-1.78;-2.61;-3.26;0.73;-1.01;-1.95;-1.34
197708;-2.19;-0.97;-1.29;0.08;0.52;-1.94;-1.16;-0.47;-0.03;-0.58;0.39;-0.91;-1.27;-0.94;1.63;-2.67;-2.22;-1.24;-1.35;-1.5;-1.17;-3.14;-1.36;0.41;-2.02
197709;0.74;2.1;2.43;2.02;1.75;-2.75;1.16;0.05;1.34;1.45;0.25;0.95;-0.12;1.51;2.83;-0.47;0.09;0.51;0.36;1.3;-2.48;0.55;1.37;-0.63;-0.1
197710;-3.28;-1.76;-2.36;-1.92;-2.69;-3.79;-1.72;-0.73;-2.9;-3.08;-4.19;-1.63;-0.54;-3.5;-3.29;-4.77;-3.14;-3.34;-3.01;-3.54;-3.52;-4.7;-5.06;-4.39;-3.75
197711;8.09;8.38;8.33;8.7;8.76;6.52;6.28;9.82;9.29;8.87;7.8;5.37;6.28;8.63;6.15;7.94;5.08;7.33;5.48;7.35;4.23;4.36;3.13;3.27;2.97
197712;2.24;2.89;1.98;3.15;4.08;2.39;-0.15;1.42;1.51;2.47;0.72;2.07;0.98;0.86;1.73;-0.38;0.24;0.34;0.18;1.51;-1.03;0.12;1.49;-0.05;1.06
197801;0.05;-1.32;-1.57;-2.5;-1.51;-2.81;-2.71;-2.69;-4.68;-4.53;-3.33;-2.39;-3.33;-5.16;-6.44;-3.96;-4.65;-4.77;-6.09;-6.98;-5.87;-5.57;-5.38;-7.39;-5.72
197802;2.61;2.81;3.13;4.33;3.98;0.8;0.71;0.75;2.32;2.22;0.26;-1.2;1.6;1.45;1.92;-1.61;-0.4;-1.11;-0.29;-0.67;-2.35;-0.93;0.83;-2.68;-2.09
197803;8.45;7.46;7.34;7.49;8.41;7.77;6.26;6.58;6.3;6.77;5.39;5.78;5.06;5.86;5.58;5.22;4.54;4.57;4.37;5.55;1.7;2.95;3.44;3.4;1.01
197804;9.13;6.99;7.93;7.84;9.55;7.04;6.44;7.44;8.08;10;6.79;5.79;6.24;8.35;10.7;5.61;4.77;7.18;9.09;8.7;9.12;6.21;6.17;11.73;9.39
197805;8.74;6.76;7.25;7.29;8.24;7.08;3.53;4.21;5.45;8.05;5.52;2.81;4.16;5.77;5.78;3.07;2.85;2.57;3.53;4.96;1.34;1.4;0.74;1.96;0.53
197806;0.12;0.12;0.58;0.39;0.71;4.42;-0.73;-0.53;-1.32;-0.69;2.29;-0.73;-0.51;0.28;-1.08;-0.87;0.58;-0.61;-0.43;-1.32;-2.16;-0.8;-1.21;-1.1;-2.57
197807;5.08;4.85;4.75;6.15;6.94;5.7;5.29;5.47;5.54;9.17;2.45;5.36;3.94;5.81;6.76;6.98;5.29;5.81;6.38;8.1;4.72;6.52;3.67;6.01;6.04
197808;8.62;7.65;8.92;9.53;11.62;9.87;8.98;7.18;7.48;9.97;10.31;5.17;6.17;7.57;8.21;1.92;4.55;5.17;6.66;7.77;1.75;2.52;2.85;3.55;3.61
197809;0.71;-0.35;-0.4;-0.11;-2.07;-2.65;-0.06;-0.87;-0.19;-3;-0.24;0.15;-1.21;-2.98;-2.56;0.56;-0.7;-1.59;-0.94;-3.35;-0.49;-1.19;-0.14;-0.8;-0.54
197810;-23.39;-20.08;-21.4;-21.61;-25;-22.1;-18.87;-16.55;-17.56;-23.42;-16.89;-15.53;-16.09;-16.04;-20.27;-11.65;-11.95;-13.51;-14.46;-17.01;-9.92;-9.52;-7.55;-9.09;-7.79
197811;4.1;6.1;6.54;5.73;7.95;5.6;6.81;4.78;4.29;9.72;3.49;2.42;4.63;4.87;7.8;2.6;2.29;3.06;4.13;3.95;3.08;4.57;3.16;2.66;2.72
197812;0.91;2.59;0.98;2.45;3.42;1.4;3.25;1.43;3.04;2.83;1.04;1.33;1.92;2.88;2.25;0.06;2.09;0.73;1.96;0.61;-1.68;0.16;1.2;0.68;4.25
197901;11.68;9.39;9.31;10.01;10.62;9.48;7.95;8.23;7.39;9.55;9.56;6.61;6.26;7.08;7.14;9.2;7.2;5.73;4.35;5.62;8.71;4.48;3.6;3.26;3.02
197902;-2.06;-1.08;-2.29;-3.64;-3.39;-1.56;-2.19;-1.85;-3.15;-5.01;1.29;-1.55;-2.25;-3.94;-4.77;-3.18;-2.72;-4.7;-2.86;-4.52;-3.03;-4.13;-2.09;-3.21;-2.66
197903;8.75;7.91;7.97;10.24;10.61;10.24;8.46;7.9;7.62;12.5;9.78;7.41;8.38;9.13;11.37;7.6;7.45;8.12;7.63;8.19;5.47;5.6;3.75;5.81;6.02
197904;3.06;3.02;3.02;3.92;2.33;1.72;3.1;2.1;1.87;2.93;1.39;2.8;1.27;1.72;2.53;-1.2;0.73;3.24;1.51;1.42;-1.92;-1.66;-0.81;1.16;1.27
197905;-1.08;-1.26;-2.92;-1.71;2.72;-1.75;-1.51;-1.18;-0.94;-1.32;-0.28;-0.61;0.6;-3.46;-4.32;-1.36;0.86;-2.51;-1.49;-0.58;0.17;-1.48;-0.9;-2.16;-2.03
197906;5.47;5.76;5.63;5.73;4.81;7.85;6.18;5.11;6.54;4.56;5.36;5.81;6.07;4.33;4.56;7.12;9.74;5.72;5.7;4.47;4.64;4.92;4.05;4.22;3.32
197907;1.72;2.76;2.97;3.13;2.73;2.33;3.54;3.98;3.6;2.39;3.04;3.84;3.41;3.79;4.47;2.71;1.94;2.93;2.82;2.55;1.53;0.8;1.5;2.62;-0.64
197908;8.16;6.78;8.15;8.44;8.49;8.33;7.44;6.07;8.24;9.13;5.46;5.09;8.14;7.55;9.15;4.66;6.02;7.89;7.65;8.83;4.31;3.82;8;6.4;5.38
197909;-0.6;-1.57;-0.97;0.02;-0.26;-2.33;0.71;-0.62;-0.17;-0.72;-1.25;-0.93;-0.49;0.25;-0.76;-1.79;-1.15;-1.07;1.26;-0.61;-2.17;-0.18;0.72;0.33;0.67
197910;-11.03;-9.76;-9.94;-10.22;-11.67;-11.99;-10.42;-10;-10.39;-11.05;-9.26;-8.29;-8.36;-10.07;-8.77;-9.08;-9.89;-8.16;-7.15;-9.07;-6.99;-6.31;-6.1;-6.11;-5.58
197911;8.08;7.12;6.05;8.21;9.1;9.51;7.52;6.82;8.83;9.89;8.62;6.97;6.76;8.18;10.09;6.91;6.06;7.26;6.58;9.99;5.54;5.26;6.7;4.35;5.3
197912;9.76;8.12;7.31;6.46;8.29;7.6;6.21;5.18;6.81;6.21;3.48;5.49;2.68;4.9;4.97;3.37;3.18;2.7;3.49;4.28;0.57;0.8;2.7;1.83;1.48
198001;13.65;10.43;11.04;7.39;11.19;8.24;7.62;5.74;6.8;6.61;8.67;5.43;7.97;5.74;5.35;6.68;3.78;4.85;7.44;6.98;5.37;2.85;7.64;6.53;5.9
198002;0.59;-2.44;-2.24;-0.7;-0.95;2.17;-1.3;-3.06;-4.28;-1.5;-1.9;-0.89;-3.78;-3.09;-3.82;-2.39;-3.35;-3.39;-2.35;-1.87;-1.02;2.23;-0.21;-1.75;1.57
198003;-21.36;-17.17;-16.57;-17.91;-19.91;-19.85;-18.71;-15.81;-15.82;-16.95;-18.73;-13.74;-16.24;-15.13;-14.83;-15.35;-12.25;-12.46;-13.95;-11.89;-8.44;-8.36;-10.3;-7.23;-11.43
198004;5.18;5.88;5.45;7.38;6.78;7.4;7.3;4.86;5.34;4.89;10.45;5.05;6.25;7.18;6.8;8.14;7.01;6.41;6.05;5.68;5.31;6.7;5.28;3.63;2.6
198005;6.72;6.77;6.34;7.21;7.64;7.97;7.65;9.81;8.24;10.45;7.87;8.85;8.21;6.72;7.49;7.36;8.44;8.33;9.32;7.62;5.73;4.65;5.45;5.79;4.09
198006;4.34;2.88;4.28;5.25;4.99;4.04;5.55;5.58;4.27;3.59;5.51;4.17;3.81;4.76;4.72;5.22;4.65;4.42;4.14;4.36;3.2;1.92;2.76;2.22;3.79
198007;9.74;9.83;10.22;11;12.57;10.78;9.28;9.24;10.86;13.8;4.48;7.39;8.47;10.65;13.85;1.61;6.88;7.62;10.06;12.1;3.35;4.17;5.85;7.57;6.86
198008;7.65;7.21;7.91;8.73;10.88;6.34;3.99;6.66;5.16;7.25;2.12;3.62;4.96;5.29;5.22;0.19;0.59;2.33;4.01;4.08;-1.29;2.4;2.46;0.61;1.93
198009;4.64;2.95;2.13;4.8;4.44;0.69;1.8;2.1;3.69;5.71;2.05;2.12;1.65;3.46;5.46;1.1;2.03;3.23;3.19;4.59;0.71;1.1;3.55;4.55;2.65
198010;4.83;4.9;4.34;5.27;6.67;5.64;2.97;3.22;3.42;3.74;4.48;2.47;1.55;1.19;3.19;-2.07;0.02;1.26;1.67;2.98;-0.3;-0.92;2;2.18;4
198011;8.27;5.8;5.66;7.12;10.39;10.44;7.79;6.35;7.64;10.07;4.43;6.9;6.26;6.12;9.1;5.08;6.02;9.23;9.17;11.5;3.39;4.91;17.44;12.74;13.5
198012;-6.31;-4.69;-4.06;-3.68;-4.36;-7.08;-1.44;-1.57;-2.2;-3.58;-4.58;-1.19;-0.69;-1.24;-4.15;-0.39;-1.56;-2.44;-2.9;-2.82;0.02;-0.26;-3.69;-4.29;-3.86
198101;-0.85;1.51;0.02;-0.48;-2.26;-1.5;0.15;-0.79;-2.05;-1.76;2.18;-2.38;0.05;-1.58;-3.81;-0.14;-1.79;-2.91;-2.87;-5.02;-0.3;1.03;-6.98;-5.3;-7.53
198102;-1.12;1.43;1.51;-0.07;-1.24;2.05;3.91;1.01;1.62;1.12;3.6;-0.69;1.87;3.9;2.04;1.36;1.87;3.4;3.66;2.29;-0.33;1.64;2.41;4.66;-0.58
198103;7.22;7.96;7.71;8.25;9.19;6.23;6.28;6.96;9.03;9.57;5.41;10.88;5.97;8.14;8.11;8.41;7.57;7.93;8.1;7.7;10.24;4.99;2.84;3.33;-0.7
198104;3.3;4.19;3.52;3.84;5.54;-0.11;1.52;2.54;5.02;4;-0.19;0.92;0.74;3.84;4.04;-1.87;0.97;-0.1;-1.21;2.87;-0.14;0.86;-1.51;-4.05;-3.41
198105;3.78;4.64;3.28;3.8;4.98;4.56;1.67;2.38;1.97;6.24;1.96;1.34;3.53;2.71;3.89;2;0.77;2.5;3.07;3.8;1.43;3.75;-0.84;-0.5;-0.56
198106;-4.68;0.47;0.68;-1.13;-1.8;-2.75;-0.08;-0.7;-2.47;-4.99;1.03;-0.63;-1.19;-2.48;-3.4;0.16;0.37;-0.69;-2.75;-3.37;-0.93;0.6;-1;-1.24;0.59
198107;-3.57;-2.75;-2.94;-3.67;-3;-1.77;-1.68;-0.65;-2.7;-3.04;-0.83;-0.06;-2.5;-2.58;-2.63;-1.6;-1.83;-1.54;0.36;-1.38;-2.02;-1.97;-0.12;1.15;2.46
198108;-9.51;-6.66;-6.6;-9.01;-11.32;-9.95;-7.55;-4.89;-7.17;-8.88;-7.31;-6.31;-5.46;-5.53;-7.81;-5.29;-5.6;-4.23;-6.19;-4.78;-5.68;-7.05;-3.91;-6.18;-5.73
198109;-10.76;-8.89;-7.3;-8.57;-10.89;-9.47;-7.07;-6.29;-7.37;-6.7;-7.75;-5.07;-5.43;-5.87;-6.77;-6.26;-5.75;-7.88;-6.95;-7.01;-3.13;-4.04;-3.97;-4.93;-6.91
198110;6.89;7.28;7.35;8.92;10.97;8.98;6.83;7.6;8.25;9.49;5.73;5.46;6.84;9.25;8.39;3.85;7.02;4.43;8.19;7.87;-0.38;6.4;4.42;6.92;6.65
198111;-0.25;3.24;2.63;2.67;1.28;1.68;5.02;5.36;3.99;3.58;3.13;3.48;3.17;1.99;1.99;6.54;4.82;5.14;3.98;3.03;6.43;5.55;3.85;4.29;4.65
198112;-3.49;-1.22;-1.29;-1.3;-1.53;-2.18;-1.77;-1.56;-1.51;-2.06;-3.24;-2.78;-1.69;-1.63;-1.14;-3.68;-2.36;-0.31;-3.9;-2.3;-2.25;-3.2;-2.13;-3.41;-3.44
198201;-1.8;-1.13;-1.36;-3.14;-2.1;-4.62;-1.37;-3.13;-4.84;-3.6;-1.92;-2.69;-1.92;-5.27;-5.05;-1.49;-2.83;-4.54;-6.24;-3.69;0.36;-0.58;-2.68;-2.27;-1.14
198202;-5.55;-2.7;-2.82;-3.75;-5.98;-4.23;-2.64;-3.44;-4.36;-5.78;-2.96;-2.26;-2.36;-4.94;-5.08;-0.29;-2.3;-5.6;-5.14;-3.84;-0.43;-2.41;-5.7;-7.02;-5.96
198203;-1.22;-0.52;-0.22;-0.72;-1.79;-1.99;0.98;-0.5;-1.08;-1.55;-0.81;-0.11;1.73;-1.44;-0.42;-0.76;-0.29;-1.68;-1.42;-0.98;2.88;0.44;-0.81;-0.65;-2.14
198204;3.58;3.89;5.58;7.5;7.85;6.98;4.85;6.56;3.9;7;4.95;5.28;4.76;5.9;6.19;4.43;4.62;5.66;4.8;5.85;3.17;4.65;1.42;4.16;5.98
198205;-1.6;-1.62;-1.43;-1.02;-2.18;-3.38;-3.11;-3.18;-2.59;-3.55;-3.29;-3.49;-1.7;-1.64;-3.07;-3.13;-3.12;-4.63;-3.78;-5.59;-2.86;-5.23;-2.04;-2.48;-1.94
198206;-4.14;-2.87;-1.06;-1.68;-3.68;-0.57;-2.07;-1.89;-2.75;-2.43;-4.88;-3.15;-1.29;-1.99;-1.01;0.06;-3.52;-1.73;-2.3;-1.68;-0.33;-1.49;-2.9;-0.91;-2.57
198207;-2.49;-1.38;-2.04;-0.74;-2.13;-3.12;-1.76;-0.93;-0.23;-0.15;-2.45;-2.59;-0.48;-0.93;-2.34;-3.17;-2.42;-2.62;-3.27;-2.38;-2.89;-1.91;-2.84;-2.41;-0.84
198208;4.57;6.16;6.92;5.42;5.55;9.04;7.41;7.29;8.95;8.52;11.29;11.57;11.7;10.47;10.33;14.36;13.46;13.8;11.35;10.18;15.05;16.7;11.92;12.17;9.74
198209;2.37;3.71;4.52;4.37;3.57;2.6;2.9;3.03;4.82;4.9;0.7;3.22;4.69;4.47;5.67;1.75;4.84;3.48;3.05;2.21;-0.79;-0.51;0.52;1.58;2.82
198210;12.85;11.72;13.11;14.43;19.95;16.26;11.12;12.71;13.68;13.91;14.83;12.61;14.22;14;14.15;15.18;11.76;12.81;13.61;16.04;12.46;12.6;9.15;10.21;11.7
198211;10.14;11.5;8.79;8.79;11.5;13.3;5.69;8.24;8.86;8.52;8.27;8.87;8.57;6.29;9.94;7.05;6.26;4.57;8.01;6.41;5.24;4.43;2.97;3.36;5.16
198212;2.1;1.36;3.64;3.11;1.76;0.35;2.19;0.85;-0.19;0.98;1.15;0.89;-1.43;0.92;1.18;3.37;1.95;1.41;-0.74;0.03;1.47;1.05;-0.43;0.73;3.9
198301;11.68;9.21;8.92;9.95;10.55;8.71;6.71;6.28;4.51;7.3;5.84;4.77;4.79;4.21;3.54;2.47;0.95;4;4.82;4.42;2.86;4.17;5.96;2.73;2.2
198302;5.73;6.3;6.25;6.39;4.85;5.94;5.35;3.94;6.72;5.5;3.9;3.03;6.19;3.93;6.46;2.1;4.43;4.45;3.9;3.94;5.4;3.17;2.2;1.93;2.23
198303;4.51;5.78;5.08;6.82;2.73;3.16;2.89;5.26;3.87;5.37;7.52;5.31;3.61;3.09;4.04;4.71;4.33;3.63;3.36;1.68;3.72;2.58;3.05;2.63;4.55
198304;8.34;7.64;8.15;7.88;7.77;8.33;5.88;6.61;8.59;9.88;8.11;5.17;7.24;7.65;6.32;6.78;5.1;6.45;3.69;8.52;9.08;7.56;7.65;6.74;7.7
198305;11.74;10.17;9.27;7.72;9.71;7.97;6.44;5.31;2.93;4.88;3.69;3.24;4.08;2.97;4.54;2.68;2.35;3.68;3.58;5.03;-0.79;-0.15;-0.92;-2.62;-0.74
198306;4.89;4.61;3.96;5.13;3.57;5.07;2.94;3.13;4.64;6.12;2.92;3.17;3.62;6.44;3.77;-0.48;-0.65;4.43;5.51;5.32;2.32;2.38;2.29;5.97;4.28
198307;-3.59;-2.03;-1.32;-2;-2.44;-7.52;-1.56;-1.77;-2.13;-2.76;-5.72;-0.54;-0.88;-2.33;-3.22;-3.47;-1.97;-2.46;-3.64;-4.59;-2.8;-2.1;-3.11;-4.32;-3.94
198308;-5.51;-2.87;-3.42;-2.54;-2.98;-5.71;-2.33;-3.03;-0.65;-4.33;-1.34;-2.95;-1.24;-1.99;-3.84;0.83;0.77;-0.01;-0.89;-0.58;2.7;0.82;3.13;1.57;0.69
198309;-2.86;0.67;1.05;1.35;0.45;-0.58;2.83;3.96;4.58;2.2;0.7;5.99;5;2.9;2.69;1.16;4.66;2.6;2.65;1.71;2.1;1.55;0.52;1.52;1.79
198310;-7.84;-5.88;-4.3;-5.56;-7.59;-8.76;-4.22;-5.22;-4.64;-7.62;-5.17;-2.61;-3.91;-4.51;-6.37;-2.27;-1.41;-3.39;-2.08;-6.89;-2.2;0.81;-2.22;-1.77;-0.9
198311;2.17;3.42;3.92;5.8;4.07;4.94;5.27;6.1;4.14;5.81;5.53;5.88;6.04;5.37;3.22;7.72;3.8;4.96;3.55;3.93;5;1;1.41;3.2;0.39
198312;-3.03;-0.56;-1.22;-1.23;-2.73;-2.45;-1.29;-1.07;-1.1;-0.89;-0.71;-1.51;-1.34;0.01;-3.41;-1.56;-3.07;-1.99;-1.45;-2.17;-3.34;-1.81;-0.9;-0.32;1.16
198401;0.68;-1.45;-0.37;0.06;-0.81;-0.08;-1.2;-1.48;-0.39;-3.62;-2.46;-3.12;-4.58;-4.21;-2.99;-1.61;-1.88;-2.96;-3.89;-5.3;-2.99;-1.35;2.05;0.87;-2
198402;-6.09;-5.69;-5.26;-5.99;-6.96;-5;-4.55;-5.95;-3.12;-6.25;-7.27;-4.7;-6.27;-5.06;-5.68;-4.16;-5.75;-5.7;-3.45;-5.32;-4.82;-3.9;-3.65;-1.99;-3.27
198403;0.25;0.65;1.02;0.92;0.93;1.79;0.95;0.81;1.17;-0.26;1.43;2.21;1.04;0.69;2.02;3.76;2.07;2.11;0.37;1.09;4.4;1.34;-0.09;0.8;1.83
198404;-3.3;-1.9;-0.87;-0.88;-1.52;-2.44;-0.42;0.71;0.58;0.4;-2.88;-0.89;0.95;0.97;0.47;-5.71;-1.36;-0.99;-0.57;-0.02;-3.58;0.06;2.76;1.47;1.7
198405;-6.16;-4.42;-4.54;-3.12;-4.26;-6.4;-5.21;-4.13;-5;-4.59;-10.45;-3.87;-4.47;-5.41;-5.2;-8.25;-5.14;-4.73;-4.05;-4.22;-8.26;-4.84;-6.43;-3.01;-4.91
198406;0.93;1.57;1.82;3.24;2.84;0.22;2.77;2.49;4.44;4.31;2.05;1.1;2.44;4.09;5.45;1.72;3.53;3.75;3.52;5.13;-2.93;2.09;5.27;2.81;2.09
198407;-7.88;-3.65;-3.64;-3.1;-4.02;-8.27;-6.52;-1.86;-1.52;-3.5;-5.8;-2.35;-3.93;-2.67;-1.04;-8.61;-3.78;-3.16;-2.05;-1.5;-3.18;-0.75;-2.09;-2.66;0.73
198408;8.58;10.34;10.86;10.51;11.45;14.57;14.44;11.05;9.42;12.15;14.8;11.67;12.45;12.08;13.55;12.84;12.21;13.23;11.23;11.06;14.31;11.51;9.76;11.03;10.95
198409;-1.7;0.04;0.08;-0.46;-0.95;-2.72;-0.89;-0.18;0.2;-1;-1.53;-0.45;-0.07;1.2;1.06;1.34;-0.18;-0.03;-0.02;1.45;-2.49;-0.3;0.66;0.6;-0.72
198410;-4.14;-2.4;-1.75;-0.52;-2.08;-1.34;-2.15;-0.39;-0.87;-0.83;-3.91;-0.05;-0.97;1.31;-0.05;-3.45;2.92;-0.42;0.27;0.54;0.66;0.7;-1.55;0.79;1.15
198411;-5.9;-1.73;-2.94;-2.41;-2.4;-4.65;-3.09;-2.01;-0.44;-1.76;-3.03;0.59;0.01;0.74;-0.37;0.02;0.21;-0.02;-1.87;-2.09;1.07;-0.47;0.08;-1.43;-1.85
198412;-0.95;0.22;1.85;2.16;1.3;0.53;2.79;2.59;2.86;2.03;0.34;2.93;2.11;4.02;3.8;-0.02;2.84;2.38;3.4;4.3;2.4;2.93;1.79;2.61;2.48
198501;13.49;12.88;12.83;11.17;14.49;14.82;13.89;10.79;9.14;13.32;11.33;9.82;10.13;8.59;11.98;11.88;7.89;8.91;9.82;11.55;7.81;7.96;5.17;7.65;8.18
198502;3.67;3.58;3.67;3.28;5.25;1.84;2.76;2.42;2.35;2.92;-1.07;0.05;0.97;1.88;2.87;2.03;0.61;1.39;1.84;2.59;0.79;-0.05;2.22;2.96;1.56
198503;-3.12;-3.07;-0.54;-1.18;-1.68;-4;-2.79;-1.32;-0.54;-1.69;-3.07;-1.13;-0.18;-0.88;-0.89;-0.69;0.04;-0.93;0.03;-0.12;1.24;-0.53;2.09;0.55;-0.9
198504;-2.52;-1.06;-0.46;0.27;-0.74;-4.03;-2.1;-0.53;0.14;1.26;-1.24;-1.21;-0.23;0.73;1.22;-1.41;-0.61;-0.15;0.4;-1.06;-0.57;0.33;0.97;-0.68;-0.91
198505;-0.04;3.41;4.33;3.97;3.79;3.52;1.08;4.63;5.06;4.23;2.89;3.88;4.28;4.65;7.18;3.96;5.52;5.29;6.7;6.87;7.79;5.91;7.26;5.93;6.13
198506;-1.12;0.08;1.73;2.87;1.83;-0.67;0.97;2.03;4.18;3.94;-0.7;3.08;2.45;3.62;3.96;0.47;2.09;2.77;2.22;2.21;3.43;1.6;3.04;1.08;0.68
198507;2.06;2.66;1.91;2.48;3.35;4.13;2.93;2.6;2.77;2.34;4.4;2.03;-1.24;2.39;1.24;1.93;-0.25;1.65;-1.62;-1.4;-0.69;-0.66;-1.62;-1.1;-0.3
198508;-1.17;-0.33;-0.45;-1.45;-1.2;-1.46;-1.39;0.35;-0.57;-0.53;-1.04;-1.31;-0.45;-1.39;-0.56;-0.91;0.85;-0.77;-0.57;-0.52;-0.94;0.5;-1.04;0.26;-0.96
198509;-7.16;-4.81;-4.56;-5.74;-6.23;-8.14;-5.82;-5.18;-4.85;-4.74;-5.15;-4.17;-3.53;-4.63;-5;-7.06;-5.13;-4.62;-3.7;-5.38;-4.24;-4.66;-2.7;-2.62;-3.08
198510;0.68;1.84;3.72;2.02;2.29;4.12;3.2;4.32;3.68;4.47;1.01;3.11;3.77;3.26;5.21;2.51;4.63;3.97;7.79;6.11;7.28;6.15;4.5;3.84;5.02
198511;4.24;5.14;6.42;6.64;7.54;8.43;5.91;7.6;7.06;10.66;8.37;7.06;6.28;6.45;6.63;7.63;6.03;6.88;6.74;8.66;7.97;6.45;8.62;5.58;7.68
198512;3.22;4.05;3.93;5.39;4.42;2.79;5.32;3.81;4.61;5;2.45;3.96;4.26;4.46;5.03;2.72;4.2;4.58;4.61;3.91;3.93;4.34;5.65;3.02;6.64
198601;3.2;0.45;3.93;2.04;4.12;2.47;-0.75;1.06;1.37;1.89;4.34;0.25;1.13;2.45;2.34;5.93;1.38;0.36;0.57;2.49;5.85;3.35;-1.76;0.02;0.03
198602;5.24;5.92;7.52;5.93;7.94;4;5.99;7.74;8.38;8.25;5.17;6.13;6.17;8.12;9.34;8.58;7.48;5.38;9.31;8.7;7.95;8.58;8.29;7.78;7.08
198603;4.85;3.21;5.66;5.57;5.63;5.09;3.79;6.12;5.53;4.4;5.77;3.94;6.65;5.15;6.73;5.69;2.74;4.24;6.87;6.43;5.96;4.36;4.35;6.81;6.07
198604;1.52;1.48;1.48;0.9;3.62;0.72;0.44;0.8;2.56;1.61;-2.14;-0.44;2.23;2.69;2.54;-4.68;-0.62;-1.1;-0.1;-0.11;-7.62;-3.49;-0.57;-0.55;-0.13
198605;3.83;4.09;3.47;3.93;4.35;2.67;2.31;4.11;2.69;5.94;-0.22;5.34;5.15;5.44;7.11;3.72;4.16;5.08;4.91;6.79;4.38;5.04;5;6.42;5.32
198606;-0.44;0.14;0.75;0.57;0.67;-1.14;-0.81;0.85;2.3;2.3;-1.62;-0.83;0.63;0.96;3.27;1.36;0.44;0.63;2.41;2.28;1.11;0.98;2.78;2.59;1.02
198607;-9.34;-8.71;-7.65;-8.13;-10.3;-11.23;-8.98;-8.27;-8.13;-10.07;-12.22;-7.72;-6.91;-5.79;-8.07;-7.04;-6.7;-4.86;-4.53;-9.5;-3.71;-3.71;-3.15;-4.41;-7.06
198608;0.25;1.97;1.61;1.37;0.85;5.41;2.77;4.75;3.53;3.15;7.46;7.38;7.64;4.56;2.95;10.23;9.49;7.52;6.83;5.37;8.1;8.56;6.93;7.63;6.23
198609;-6.13;-5.61;-5.62;-6.49;-7.13;-6.65;-5.4;-4.6;-7.24;-6.69;-5.17;-4.67;-6.7;-7.74;-6.87;-4.84;-5.47;-7.04;-8.45;-7.5;-11.19;-9.04;-8.81;-9.29;-8.17
198610;1.91;1.01;2.03;3.24;3.2;3.03;4.68;3.74;5.86;4.58;2.89;2.29;3.93;2.8;3.84;3.74;6.34;4.68;7.6;5.07;4.33;7.72;6.01;5.66;4.8
198611;-1.77;-0.78;0.9;1.9;-1.69;-0.95;0.52;-0.14;0.62;-0.63;-0.24;-0.37;0.37;0.12;0.34;-0.9;2.03;1.26;0.2;1.46;0.87;1.88;3.33;2.29;2.43
198612;-5.39;-2.24;-2.74;-2.84;-3.21;-3.24;-1.63;-2.6;-2.98;-2.67;-2.13;-2.66;-1.77;-2.21;-2.8;-4.63;-3.51;-2.71;-3.07;-3.37;-1.85;-3.45;-2.35;-2.6;-2.7
198701;10.51;8.98;10.17;9.44;13.21;13.44;12.96;10.93;13.23;11.18;11.76;10.94;13.67;11.08;11.27;12.08;15.22;10.64;11.49;12.41;11.62;14.11;13.38;12.69;13.43
198702;9.9;6.93;6.25;8.06;8.71;9.4;6.97;7.21;6.69;9.72;9.18;7.28;4.42;5.98;6.94;5.54;4.44;4.58;5.41;7.4;8.17;3.01;3.87;2.51;4.28
198703;4.09;3.01;3;2.04;1.65;2.29;1.98;2.36;2.98;0.89;2.13;0.44;2.13;2.16;0.6;1.82;0.24;4.12;1.77;1.09;-3.72;2.86;0;2.61;4.27
198704;-1.04;-1.71;-2.9;-3.66;-2.7;-1;-5.73;-3.05;-3.75;-3.61;-0.9;-2.32;-2.38;-3.69;-2.66;0.43;-1.21;-2.54;-3.58;-3.31;-4.39;-0.63;-2.5;-0.47;-0.66
198705;0.08;0.14;1.2;-0.59;-0.47;-0.3;0.36;0.14;-0.86;-1.1;3.17;0.87;-0.65;-0.73;0.53;1.3;-0.47;-0.17;0.27;1.86;-1.87;-0.46;2.33;0.73;0.92
198706;0.57;1.46;2.65;2.6;2.03;0.45;3.18;2.67;3.88;3.4;0.11;4.39;2.77;4.89;3.53;2.55;3.28;3.37;4.6;4.58;4.56;4.35;4.18;5.93;5.65
198707;2.13;4.01;2.93;2.32;2.72;3.05;4.47;2.5;4.27;2.52;6.36;4.75;4.23;2.99;3.39;7.91;5.92;3.34;4.84;2.26;8.92;2.99;3.64;3.98;5.79
198708;0.35;0.42;2.26;3.48;3.14;1.54;3.67;3.63;3.62;3.99;0.19;2.84;3.53;4.53;4.88;3.2;2.21;4.7;2.7;5.28;4.94;3.73;4.3;4.01;5.04
198709;-2.09;-0.65;0.02;-2.04;-1.53;-2;-3.47;-0.79;-1.51;-1.05;-0.92;-3.43;-2.04;-3.08;-2.37;1.4;-2.21;-2.44;-0.94;-2.42;0.22;-1.86;-1.32;-2.49;-3.59
198710;-32.61;-28.41;-28.85;-29.53;-32.83;-33.27;-30.11;-27.08;-26.9;-31.54;-32.98;-27.66;-23.44;-25.46;-27.3;-27.3;-23.17;-23.52;-25.12;-25.78;-23.43;-20.34;-19.58;-18.62;-22.05
198711;-7.05;-4.87;-2.81;-4.52;-8.14;-4.57;-5.73;-2.25;-3.23;-7.69;-2.96;-3.71;-2.44;-4.36;-5.56;-2.68;-5.49;-4.87;-5.71;-6.47;-7.16;-6.87;-9.19;-9.06;-8.64
198712;2.1;6.3;5;5.48;5.16;5.47;9.63;7.51;9.21;11.27;8.39;7.33;6.18;7.8;11.32;6.01;5.96;9.13;9.93;10.23;7.28;6.12;7.61;6.61;6.86
198801;7.41;4.49;4.57;5.01;4.89;4.12;4.47;3.68;3.12;3.31;2.29;6.36;5.66;3.02;3.1;2.45;4.16;3.11;5.24;3.91;3.61;4.79;5.4;5.21;3.88
198802;6.24;7.15;8.67;7.22;8.01;8.51;9.27;8.49;7.25;11.36;5.62;6.89;7.88;8.94;8.14;7.71;6.19;7.7;7.57;7.28;4.73;2.11;3.79;3.78;5.27
198803;3.75;6.25;5.59;5.79;6.27;2.91;6.47;2.83;4.8;3.42;4.27;-0.3;-0.35;1;2.88;0.87;2.11;-0.27;0.54;0.66;-3.33;-3.54;-2.72;-4.69;-3.49
198804;1.89;3.24;1.26;1.27;2.04;3;2.38;3.06;2.39;3.09;0.97;0.26;1.93;-0.12;-0.2;0.44;1.1;0.76;0.05;0.32;2.08;-0.12;2.58;1.07;-0.02
198805;-2.39;-0.58;-1.47;-1.84;-3.14;-2.61;-3.35;-0.77;-1.8;-3.85;2.27;0.12;-1.15;-0.49;-1.54;0.04;0.37;0.37;-0.41;0.2;-0.37;1.62;0.66;1.26;0.4
198806;4.45;7.54;5.77;6.66;7.14;7.45;7.18;8.79;7.98;8.2;4.09;6.45;6.37;6.14;8.17;6.23;5.58;5.58;7.1;8.29;3.14;3.68;3.44;5.39;4.93
198807;-0.47;-0.82;-0.14;0.29;-0.88;0.42;-1.06;-1.5;-1.33;-1.48;-2.51;-1.01;-3.13;-1.21;-2.47;-0.81;0.99;-3.07;-2.35;-2.7;1.01;-0.33;-0.12;-0.96;-0.23
198808;-3.86;-1.39;-0.98;-1.07;-2.83;-2.2;-2.61;-2.86;-2.02;-3.8;-1.96;-2.24;-2.38;-1.62;-3.11;-2.21;0.3;-1.46;-2.43;-3;-1.53;-0.84;-4.14;-3.84;-2.17
198809;0.73;3.52;2.68;3.5;2.46;2.1;2.73;2.6;3.3;2.19;0.23;2.45;2.63;3.55;4.05;3.36;2.42;2.2;4.01;4.2;2.17;5.3;2.6;4.98;5.94
198810;-3.41;-1.91;-0.93;-1.03;-0.64;-1.55;-0.7;0.23;-1.7;-0.62;-0.83;1.17;1.3;0.34;-0.48;0.33;0.07;0.57;0.79;0.05;0.26;2.6;3.65;2.3;3.18
198811;-5.54;-4.08;-3.2;-3.23;-2.96;-1.73;-3.62;-2.5;-3.04;-3.82;-1.02;-2.84;-2.06;-1.84;-3.49;-1.1;-1.48;-2.93;-2.37;-2.19;0.04;-1.84;-1.6;-0.93;-1.41
198812;3.23;3.71;2.87;3.17;3.04;3.61;4.19;3.52;5.35;5.04;3.16;5.24;2.46;3.27;3.68;1.99;2.02;1.43;2.93;2.23;-0.58;1.39;2.15;1.52;2.28
198901;5.76;4.29;4.04;5.59;5.51;7.16;3.99;5;4.25;4.06;8.21;4.32;3.66;5.03;4.4;6.68;5.73;6.18;5.45;5.52;7.91;5.81;6.95;8.08;6.9
198902;-0.13;0.74;0.68;0.91;1.14;0.62;1.34;1.72;2.18;1.07;0.03;0.71;0.17;0.99;-0.39;-0.05;-0.73;-0.42;0.31;0.32;-2.29;-1.72;-3.46;-2.62;-2.38
198903;2.41;2.61;3.67;3.96;2.64;4.2;3.14;1.74;2.13;0.78;1.12;1.58;2.43;2.46;2.53;2.07;0.2;1.34;1.81;1.73;4.3;3.34;-0.26;3.33;3.38
198904;2.98;1.11;2.72;5.16;4.1;5.24;4.21;5.44;3.98;5.48;4.63;4.88;3.33;5.58;5.59;5.34;4.35;5.75;5.83;5.11;6.3;4.32;4.14;6.62;4.87
198905;2.82;3.59;2.63;4.87;5.1;4.75;4.63;2.95;2.68;4.65;4.68;3.48;5.5;4.27;5.6;5.5;3.17;4.3;3.55;4.09;3.51;4.65;2.39;5.15;4.71
198906;-1.91;-0.65;-1.02;-2;-1.25;-4.35;-2.12;-2.06;-0.77;-2.3;-1.61;-0.41;-0.09;-1.32;-2.25;1.17;2.37;0.47;0.02;-3.45;0.19;-0.83;0.39;-1.46;-0.39
198907;1.77;3.77;3.57;3.51;4.43;4.34;4.4;3.76;4.84;5.34;3.7;5.37;3.69;5.09;4.93;7.03;5.32;8.77;7.68;6.54;7.8;8.05;6.57;9.1;11.01
198908;0.97;1.54;1.22;1.46;2.34;2.89;2.34;2.53;3.51;3.91;2.16;1.22;3.35;4.01;4.21;2.96;1.5;2.4;4.03;4.21;2.57;2.54;1.25;2.09;1.34
198909;0.44;-0.21;0.21;-0.63;0.87;0.04;0.04;0.82;2.29;0.76;-1.62;-1.03;-0.71;0.8;0.17;-0.58;-0.23;-2.07;-2.03;-0.82;-1.42;0.83;-1.05;0.24;1.06
198910;-6.21;-5.53;-3.2;-5.73;-5.63;-6.36;-6.27;-6.08;-5.26;-5.15;-3.8;-4.89;-6.48;-5.05;-5.34;-4.67;-2.36;-4.1;-4.12;-5.22;-1.67;-1.17;-0.66;-3.03;-2.1
198911;-1.42;0.11;0.4;-0.02;0.51;1.91;2.88;1.66;-0.69;-0.81;0.33;1.69;2.97;0.98;0.57;4.17;1.73;1.84;0.77;0.31;2.68;3.53;1.8;2.98;0.53
198912;-1.65;-1.24;0.27;-0.97;0.3;1.15;1.32;0.77;0.38;0.38;-0.4;0.65;1.82;0.58;-1.96;0.81;3.26;2.46;2.02;1.95;0.65;1.96;2.71;3.36;1.13
199001;-6.05;-6.72;-6.49;-7.52;-9.97;-8.27;-8.65;-8.69;-9.14;-9.34;-8.33;-8.19;-7.33;-8.16;-9.68;-8.3;-8.07;-7.23;-7.96;-7.4;-5.2;-6.95;-5.93;-7.01;-7.47
199002;1.4;2.96;3.48;0.87;2.32;2.9;4.57;2.92;2.89;3.24;3.8;1.02;1.64;2.1;4.8;1.72;1.06;1.85;1.66;2.32;2.42;2.78;1.72;0.67;1.04
199003;2.96;2.41;3.43;3.12;4.83;2.4;4.84;4.57;4.67;5.27;1.81;2.37;3.01;2.88;3.93;1.56;0.76;2.36;4.25;2.5;0.28;-0.31;1.13;3.06;3.62
199004;-3.28;-1.77;-1.76;-1.24;-2.7;-3.87;-2.9;-2.79;-4.64;-2.84;-4.34;-4.39;-3.65;-2.89;-2.87;-7.06;-4.73;-5;-4.02;-3.64;-3.74;-4.66;-1.71;-2.84;-0.5
199005;5.71;5.77;7.65;5.65;6.1;7.5;7.99;6.19;7.61;9.45;6.16;6.96;8.9;7.85;8.01;9.05;8.93;7.61;10.45;9.6;7.96;8.83;8.96;9.77;9.86
199006;1.15;2.2;1.38;0.84;1.08;0.94;-0.41;0.56;0.88;-1.58;1.11;0.96;-0.25;0.71;-0.26;0.07;0.32;-1.41;-1.19;-1.1;-0.87;-0.53;-0.58;-2.01;0.9
199007;-3.98;-3.37;-3.95;-3.64;-5.05;-5.12;-3.4;-2.49;-4.47;-5.71;-5.91;-3.28;-1.31;-3.17;-4.81;-2.97;-1.82;-1.55;-2.94;-2.22;-1.89;2.35;1.02;-0.33;-1.72
199008;-14.28;-11.52;-12.67;-15.11;-14.64;-15.36;-11.27;-11.9;-12.91;-14.34;-12.7;-9.53;-10.83;-11.78;-14.8;-9.85;-8.81;-10.4;-10.35;-11.39;-9.79;-8.22;-7.97;-9.22;-8.49
199009;-9.12;-6.76;-8.12;-9.31;-11.4;-10.08;-6.44;-7.88;-9.98;-10.02;-9.8;-3.58;-6.15;-9.31;-11.44;-6.52;-6.47;-7.64;-6.89;-7.77;-7.73;-5.64;-2.9;-4.24;-4.82
199010;-7.82;-6.39;-4.27;-7.79;-4.98;-9.48;-5.96;-3.22;-4.43;-5.54;-6.12;-2.31;-6.59;-3.17;-4.33;-4.53;-2.02;-0.41;-2.75;-5.34;-2.68;-0.05;-0.02;-1.41;1.95
199011;1.86;3.64;3.69;4.48;5.35;6.29;6.76;8;8.06;8.7;9.9;6.1;9.01;9.11;11.55;4.49;6.88;9.56;10.62;10.02;10.94;6.03;5.89;6.62;5.97
199012;-0.85;-0.17;1.59;0.87;3.55;2.43;3.75;6.51;4.91;5.15;2.47;2.74;4.86;5.21;6.51;2.59;2.74;4.2;4.35;5.51;2.56;1.63;2.47;1.73;4.11
199101;8.71;6.95;11.02;8.94;9.81;11.57;6.05;7.59;5.74;10.49;4.87;4.3;9.07;8.92;11.63;2.98;4.48;5.79;7.42;7.81;5.98;2.14;2.87;4.63;5.76
199102;14.14;10.83;11.89;13.26;12.92;12.29;10.14;8.08;11.15;12.17;10.55;8.03;7.91;10.55;9;9.22;7.86;6.44;9.01;9.35;8.17;6.83;5.64;6.03;8.38
199103;10.03;6.5;7.23;6.09;10.87;9.39;4.67;8.17;4.64;6.42;4.84;4.09;4.42;5.57;5.12;2.6;3.04;5.17;5.2;2.42;5.41;0.01;2.2;0.97;4.03
199104;0.79;1.38;0.16;0.03;2.67;-2.54;0.65;-0.61;0.98;2.07;-3.71;0.5;1.99;1.02;0.96;-0.27;-0.35;0.41;1.04;2.7;1.74;-0.62;0.76;-0.14;-0.1
199105;2.32;3.74;2.66;4.26;5.61;4.48;4.2;4;4.38;4.99;3.92;2.46;5.79;4.57;4.56;3.13;3.63;7;5.25;5.26;3.07;2.26;1.91;5.58;4
199106;-6.06;-3.71;-3.37;-3.83;-6.22;-6.88;-4.98;-6.07;-1.2;-4.13;-5.93;-4.14;-4.14;-3.17;-3.56;-4.75;-5.6;-4.19;-4.39;-4.55;-6.09;-5.19;-3.62;-5.2;-3.96
199107;2.57;3.55;2.83;2.15;4.02;2.91;3.7;2.39;4.56;5.39;3.89;5.12;3.89;6.01;5.09;3.52;3.61;2.96;5.67;5.91;4.07;4.43;4.23;3.64;6.15
199108;2.94;3.91;2.18;1.59;4.51;4.94;3.39;3.2;2.63;4.01;3.21;4.6;3.93;5.83;3.56;0.36;3.03;0.92;3.54;3.09;1.94;2.15;0.6;1.93;4.14
199109;2.17;-0.32;1.65;0.28;1.63;2.62;0.15;1.36;-0.96;-0.41;-1.88;0.11;-1.3;-1.23;0.83;2.05;0.78;0.04;-3.18;-1.05;-0.76;0.63;-1.13;-1.64;-2.03
199110;4.66;3.4;2.53;4.59;3.85;5.12;1.64;2.27;0.39;1.68;5.22;1.86;1.5;1.87;2.01;4.99;2.38;0.98;0.77;2.15;1.97;2.96;1.16;1.03;1.47
199111;-2.91;-3.44;-2.8;-2.73;-4.52;-8.72;-3.47;-4.63;-4.63;-2.9;-4.74;-3.98;-3.17;-4.82;-4.8;-3.18;-1.69;-3.04;-4.91;-4.33;-2.99;-3.69;-5.45;-5.23;-1.43
199112;4.22;6.33;4.73;5.39;7.73;7.9;7.68;6.6;7.24;10.88;11.11;11.83;10.15;11.06;11.35;11.16;7.1;9.9;12.53;12.18;8.97;8.95;10.74;9.39;14.5
199201;17.65;10.02;13.02;12.24;12.84;9.75;6.18;5.17;7.6;8.04;3.6;3.19;6.12;4.51;5.7;0.65;-1.98;1.98;1.39;2.7;-2.13;-2.33;-2.49;-1.09;-3.09
199202;2.99;5.29;4.74;6.34;4.83;-0.23;3.33;2.36;2.63;4.04;2.61;1.25;2.93;3.04;4.72;-1.5;0.81;1.76;3.39;2.67;1.83;1.63;3.44;0.18;0.22
199203;-3.99;-2.19;-2.52;-2.93;-4.99;-5.53;-1.65;-1.33;-3.52;-5.98;-5.49;-1.91;-1.93;-2.04;-1.13;-2;-0.01;-5.1;-2.05;-4.23;-1.13;-1.5;-0.91;-2.45;-1.99
199204;-7.43;-4.74;-3.88;-4.4;-6;-6.06;-4.36;-2.44;-1.88;-3.92;-5.53;-0.64;-1.67;-0.79;-1.54;-1.65;3.41;1.17;0.19;0.96;0.97;2.11;4.64;5.38;0.52
199205;-1.14;1.81;-1;-1.29;-0.1;2.41;1.2;2.02;0.68;-1.22;3.46;1.27;0.93;0.65;-0.63;-0.54;0.85;0.35;1.11;0.43;0.77;1.18;0.21;0.27;0.97
199206;-7.22;-5.68;-3.9;-5.74;-6.18;-4.54;-2.45;-3.85;-5.14;-3.63;-1.89;-2.24;-3.71;-3.17;-3.25;-2.28;0.22;-1.52;-3.24;-2.62;-2.3;-1.42;-0.53;-0.92;-2.57
199207;0.51;3.09;0.49;2.55;4.96;3.12;3.53;4.55;4.65;3.41;4.18;4.6;5.34;4.79;4.22;1.93;5.78;4.7;4.57;3.15;3.43;2.44;4.46;4.59;4.28
199208;-4.83;-3.2;-1.91;-1.41;-2.75;-6.55;-1.97;-2.63;-2.07;-0.33;-7.35;-1.23;-2.24;-1.84;-1.99;-3.35;-2.56;-1.56;-1.53;-2.59;-5.34;-4.82;-1.52;-1.96;-0.96
199209;0.43;1.76;1.7;-0.05;1.8;1.24;0.6;3.2;3.14;3.89;0.1;2.73;1.62;0.95;4.76;-1.02;2.9;2.75;1.07;0.51;3.11;-0.4;0.79;1.96;1.02
199210;1.87;2.93;2.13;2.12;3.3;1.6;2.75;3.37;4.36;5.52;3.54;4.01;1.27;2.83;5;5.15;1.62;1.93;3.22;3.07;-0.24;-2.54;-0.91;0.32;2
199211;9.52;8.55;7.96;10.2;10.91;9.28;6.81;7.13;7.31;8.63;7.5;6.24;6.15;6.6;8.74;5.24;2.36;3.91;4.77;7.54;7.03;3.48;1.72;3.18;3.87
199212;3.38;3.15;3.48;4.37;3.79;2.97;3.19;4.07;2.76;2.36;4.68;3.65;2.41;3.35;4.61;3.38;2.67;3.9;2.45;2.69;3.9;-1.63;1.51;2.99;0.41
199301;4.72;5.6;4.04;4.59;5.9;2.3;3.39;2.6;3.06;3.91;2.61;1.27;3.37;2.47;1.48;2.47;2.96;2.27;1.38;2.43;5.1;2.81;1.46;-0.03;-1.01
199302;-3.77;-2.09;-2.22;-4.35;-5.14;-6;-1.86;-1.68;-3.56;-1.29;-2.15;0.2;-0.31;-1.56;-3.35;-2.42;3.32;1.59;-1.45;-1.33;2.89;2.77;3.31;2.75;-1.25
199303;3.12;1.16;3.67;0.85;3.3;0.75;2.13;3.59;2.62;3.33;3.56;4.02;3.71;3.85;4.5;2.44;5.05;4.5;2.33;3.22;4.44;1.74;3.02;3.06;0.85
199304;-3.06;-1.93;-3.27;-3.21;-4.02;-0.89;-2.94;-3.55;-3.41;-3.12;-0.59;-3.51;-2.09;-3.31;-3.48;-1.26;-2.4;-1.3;-3.36;-4.91;3.67;-0.45;-0.82;-2.04;-5.68
199305;6.33;4.22;3.23;4.23;4.11;7.21;3.75;3.68;5.95;4.19;7.83;4.91;4.62;3.65;5.04;3.79;3.44;3.95;3.05;4.61;2.48;1.46;2.3;1.99;3.44
199306;0.51;0.14;-0.72;-1.3;0.89;1.38;-0.54;0.58;0.2;0.78;1.45;1.93;0.92;-0.15;-0.01;2.29;2.41;0.22;1.59;1.31;1.26;1.03;0.07;1.77;-0.92
199307;-0.24;2.13;2.19;0.45;-0.35;-1.09;0.69;2.34;0.01;1.14;1.64;-0.45;0.62;0.41;0.12;1.28;1.3;0.18;-0.78;-0.41;4.33;1.96;1.33;-1.19;-2.67
199308;3.52;3.91;3.7;3.76;4.79;6.11;4.27;4.65;2.69;6.43;4.89;6.51;1.98;3.77;4.01;7.47;4.65;4.49;5.03;3.55;4.92;3.93;2.4;4.59;2.94
199309;3.16;4.06;2.86;1.66;1.98;3.78;2.22;1.48;3.26;4.71;-1.69;3.16;1.75;2.79;2.11;-0.69;1.25;-0.82;0.33;1.29;-1.19;-1.01;-0.14;-0.53;-0.51
199310;5.7;4.7;2.78;4.14;5.03;5.16;1.53;0.42;1.6;2.33;2.39;-0.1;-0.27;0.54;2.24;0.97;-1.79;2.32;1.38;0.08;1.84;0.11;1.32;2.38;1.88
199311;-4.81;-2.78;-0.2;-2.55;-0.97;-4.06;-3.05;-2.65;-2.59;-3.23;-2.68;-1.98;-1.42;-3.16;-2.62;-5.29;-2.3;-2.78;-2.15;-2.45;-3.22;-1.69;-1.89;-0.83;0.4
199312;-0.54;1.97;2.74;1.86;1.63;0.61;5.13;3.92;3.42;4.61;2.76;5.07;6.6;4.77;2.96;2.88;4.48;5.23;4.29;2.79;-0.43;1.49;2.17;0.15;0.99
199401;5.01;5.76;4.36;5.16;3.5;4.59;1.26;2.12;2.06;1.49;5.35;2.77;2.23;1.22;2.11;3.01;3.2;3.1;2.45;3.89;3.53;5.56;3.84;2.7;1.99
199402;-2.52;-0.74;1.62;0.14;-0.08;-3.26;-0.94;0.86;1.36;0.14;-2.47;1.33;-0.97;0.75;0.31;-4.05;-2.21;-1.49;-1.15;-0.5;-5.87;-4.22;-2.76;-1.53;-3.24
199403;-6.09;-3.91;-5.46;-4.16;-5.66;-8.48;-4.98;-5.58;-4.72;-5.65;-5.26;-4.95;-6.5;-4.6;-4.75;-4.26;-3.92;-6.6;-4.45;-3.21;-4.7;-4.06;-4.11;-4.03;-4.19
199404;-3.3;0.05;-1.79;-0.22;1.02;0.29;1.12;1.51;-0.6;0.03;-1.19;1.42;1.72;-0.24;0.53;-1.45;2.45;0.74;1.36;0.66;1.03;1.33;1.15;0.35;2.32
199405;-1.69;-2.01;-0.93;-0.46;-1.93;-1;-1.61;-1.59;-1.06;-2.3;-0.59;-2.48;-1.45;-0.83;-0.63;-1.65;-2.42;-1.86;0.56;2.43;2.46;0.7;0.51;2.23;2.61
199406;-5.59;-3.67;-2.59;-4.32;-4.18;-4.71;-2.46;-3.29;-2.86;-2.34;-2.46;-1.22;-2.52;-2.44;-2.97;-4.09;-0.61;-2.89;-3.76;-4.93;-2.72;-3.69;-2.7;-1.64;-2.48
199407;-0.16;1.47;0.44;0.64;1.04;2.86;2.42;0.89;2.45;2.64;3.41;3.62;3.01;2.35;2.62;6.96;4.91;2.41;2.78;2.7;5.62;4.77;3.89;2.35;2.84
199408;2.34;4.11;3.33;4.67;4.69;7.17;4.7;5.13;6.34;6.32;7.08;4.8;5.04;6.87;6.16;7;2.4;4.74;5.09;5.79;2.49;2.97;2.17;2.89;6.08
199409;0.73;1.41;2.51;1.8;0.94;-2.63;1.95;0.75;-0.15;0.59;-0.39;-3.07;-1.18;-0.68;0.93;-1.66;-2.72;-1.65;-2.49;-1.56;-3.41;-2.08;-2.73;-3.69;-1.66
199410;-0.99;0.32;1.37;0.76;1.19;-1.15;0.58;-0.15;0.46;-0.93;-0.82;0.31;0.44;1.05;2.14;-1.85;1.12;0.94;0.22;0.33;2.11;4;3.83;1.15;2.36
199411;-4.45;-2.8;-2.08;-3.8;-3.52;-3.78;-3.94;-3.54;-3.55;-3.46;-5.51;-4.36;-3.21;-5.7;-5.01;-5.24;-3.23;-3.52;-3.92;-4.69;-2.92;-2.92;-3.85;-4.06;-2.86
199412;-2.22;-0.54;-0.26;0.08;-1.47;-0.92;3.97;2.85;2.86;1.87;2.06;2.18;3.57;2.8;2.36;0.78;1.74;0.92;2.26;0.31;1.55;1.58;2.39;0.95;0.85
199501;2.12;2.15;1.64;3.02;1.35;-1.27;-0.46;-1.24;-2.42;2.28;-1.54;-0.56;-1.56;-0.84;-0.43;1.01;2.82;1.29;1.19;1.7;5.42;3.02;0.95;2.83;3.66
199502;1.65;3.85;2.45;3.4;3.88;3.77;3.28;4.16;3.91;3.86;5.18;3.49;5.27;5.84;5.56;4.65;2.23;4.02;5.96;4.92;1.63;3.52;3.92;4.18;4.09
199503;1.32;0.45;0.37;1.4;2.5;3.64;4.3;1.8;1.86;2.47;2.97;2.62;1.68;1.96;1.5;1.44;0.87;2.63;3.57;3.09;1.75;1.95;2.68;3.53;2.78
199504;2.41;3.67;2.96;3.03;2.73;2.09;3.12;1.92;1.11;1.3;1.79;2.38;1.97;0.95;1.06;1.78;2.01;2.43;1.33;1.8;1.78;2.75;1.71;1.99;4.09
199505;3.18;1.49;1.74;1.4;1.76;1.69;1.25;2.09;2.1;1.6;1.18;1.19;0.71;2.57;2.59;0.12;2.52;2.96;2.34;3.6;4.51;4.23;3.7;3.62;4.49
199506;8.19;5.51;5.36;4.93;6.18;7.08;5.51;6.22;4.65;6.43;4.28;3.52;4.62;3.63;5.11;5.23;2.38;3.86;3.65;5.27;1.73;1.2;0.57;2.44;3.52
199507;5.63;5.14;6.08;5.57;8.01;5.44;3.76;5.66;8.87;8.61;5.85;5.1;7.22;4.76;6.63;6.05;3.56;4.92;6.31;6.8;3.68;1.68;6.31;3.07;3.33
199508;6.03;3.68;2.8;3.15;2.91;3.07;1.08;1.68;1.37;2.29;0.79;2.73;1.82;1.49;1.44;2.07;2.32;0.52;1.29;1.67;2.36;0.29;-1.52;0.15;1.32
199509;3.07;2.59;2.22;1.47;2.77;1.76;3.26;1.54;0;2.71;1.39;2.27;1.14;2.23;1.38;2.06;2.58;2.47;2.31;3.14;3.94;3.65;1.23;4.24;6.09
199510;-6.29;-3.36;-3.47;-3.36;-4.25;-7.29;-6.14;-6.67;-4.63;-4.71;-2.7;-2.45;-4.52;-2.21;-2.88;-1.89;-0.87;-3.28;-2.57;-1.69;-0.38;0.22;-2.48;-0.96;1.05
199511;0.3;3.32;2.67;2.04;2.6;6.72;4.1;3.67;5.39;3.66;8.27;3.87;4.7;3.23;5.26;2.68;2.99;6.58;4.77;4.28;4.44;4.82;6.68;4.59;3.62
199512;2.54;2.41;1.07;0.57;1.14;5;3.5;1.14;2.53;1.89;6.23;3.58;1.42;-0.39;1.2;-0.99;-0.18;1.6;-1.22;-0.01;1.33;4.1;1.61;3.15;0.06
199601;2.98;0.75;-0.06;0.3;-0.2;1.24;0.27;-1.06;-2.05;0.04;-0.37;1.8;-1.25;-1.57;0.16;2.51;-0.35;3.44;1.46;1.94;2.87;2.01;4.73;3.13;3.98
199602;3.48;3.28;2.29;2.68;3.39;2.07;3.29;3.55;4.69;4.37;1.17;2.67;3.21;4.79;5.87;-0.45;2.42;1.48;3.98;2.77;1.6;-0.15;4.04;0.31;1.79
199603;1.25;4.43;4.02;2.99;4.56;1.62;1.8;1.58;2.73;3.81;-0.29;2.72;3.24;3.84;3.2;0.53;2.62;0.59;1.76;1.57;-2.83;1.44;1.75;2.52;-0.29
199604;7.9;8.97;7.01;7.11;7.21;8.92;7.59;3.63;6.55;8.33;4.36;1.42;4.7;3.4;4.47;3.59;2.04;3.45;3.99;4.01;-0.91;0.09;-0.1;1.43;2.39
199605;8.48;6.93;6.08;4.62;6.15;8.54;2.81;5.61;3.05;4.9;2.95;1.62;2.5;3.39;2.42;0.38;0.67;1.22;2.63;2.11;-0.48;1.44;1.65;2.07;4.04
199606;-7.11;-4.01;-3.63;-2.45;-2.55;-6.63;-2.51;-2.74;-4.06;-2.85;-7.8;-2.57;-2.9;-3.05;-2.93;-1.85;-1.45;-1.21;-2.47;-2.18;-0.7;1.63;-1.43;0.09;1.13
199607;-11.67;-6.45;-5.49;-7.56;-7.38;-12.88;-8.02;-9.11;-7.62;-9.4;-12.09;-5.96;-8.06;-6.72;-9.35;-6.69;-6.49;-6.24;-4.63;-7.52;-7.26;-6.29;-4.57;-5.17;-3.23
199608;4.17;3.66;5.26;4.48;3.98;5.77;4.94;5.56;6.11;6.95;8.22;6.94;6.16;6.39;6.71;5.32;4.77;5.79;5.19;5.01;2.78;2.37;2.41;2.91;1.45
199609;2.18;2.13;2.41;4.66;4.08;4.67;2.27;4.71;3.57;3.87;4.33;3.84;4.68;5.23;6.19;2.22;2.64;5.23;5.82;4.97;3.9;3.5;3.91;6.25;6.73
199610;-4.11;-0.28;1.15;0.33;-1.5;-3.24;-0.29;-2.15;0.25;-0.24;-3.18;-2.19;-1.47;-0.92;-5.96;-1.47;1.58;0.33;0.39;-1.08;0.46;6.49;2.51;2.11;2.5
199611;1.2;3.89;4.21;2.47;2.42;0.81;4.43;3.74;6.1;1.44;2.14;3.09;4.73;6.45;5.38;4.79;4.63;5.69;6.81;7.37;6.45;4.54;6.28;7.54;8.93
199612;-0.77;1.92;3.9;1.99;2.46;1.11;2.98;2.63;3.56;1.99;-0.35;-0.24;1.26;0.5;1.16;0.26;-0.69;-0.86;-0.61;0.11;-0.73;-1.26;-0.82;-2.97;-1.84
199701;6.06;5.55;3.04;5.22;5.74;2.02;4.44;2.66;1.17;3.89;3.3;2.5;1.83;0.83;2.84;1.94;2.06;3.75;5.16;0.08;1.75;5.68;4.64;5.7;8.38
199702;-3.08;-1.62;-0.38;-0.49;-4.09;-5.14;-1.87;-2.06;-2.64;-2.69;-3.29;-0.63;-1.55;-1.75;-2.59;-0.35;0.21;0.11;0.34;-0.3;-0.28;-0.27;-0.54;1.2;0.76
199703;-6.88;-3.7;-2.99;-2.76;-3.34;-7.54;-5.35;-2.34;-4.65;-5.2;-5.57;-3.55;-3.77;-5.12;-5.29;-6.48;-4.71;-4.8;-5.2;-4.06;-3.63;-3.53;1.06;-4.26;-6.04
199704;-4.85;-2.32;-2.18;-2.18;-2.55;-4.08;0.08;1.17;0.76;-0.97;1;1.7;1.92;3.99;-0.65;-1.17;0.26;1.98;3.63;4.45;1.91;2.83;2.2;5.67;8.6
199705;9.95;9.84;10.35;8.86;10.35;14.3;9.65;11.35;12.59;13.23;12.39;10.91;9.9;9.6;10.01;6.45;6.65;7.94;7.51;9.51;8.82;5.83;6.26;5.66;6.13
199706;5.38;6.57;7.24;7.31;4.55;2.8;5.76;5.26;6.53;6.85;4.61;5.61;4.09;3.42;5.16;5.34;3.5;2.91;3.86;3.06;3.07;4.95;3.15;5.65;3.98
199707;4.38;5.93;6.57;6.76;5.93;4.67;5.95;3.34;6.34;5.44;6.27;4.77;6.82;7.05;4.66;6.17;6.4;7.17;8.01;6.35;7.48;8.46;7.7;9.31;7.85
199708;5.02;3.9;3.38;4.86;4.02;2.55;3.21;2.58;4.54;2.66;2.79;1.19;0.95;2.01;2.36;0.58;-0.56;0.8;-1.17;0.76;-4.97;-3.82;-3.97;-5.7;-6.47
199709;9.77;7.78;9.39;9.63;9.54;8.13;8.47;7.88;6.59;7.26;7.94;5.63;6.92;7.7;6.34;6.11;5.09;4.12;5.83;5.58;6.25;6.19;5.4;5.44;5.16
199710;-3.96;-2.05;-1.48;-1.86;-3.71;-5.39;-5.68;-4.21;-3.26;-2.43;-6.11;-4.13;-3.13;-4.68;-3.62;-5.55;-4.21;-5.74;-3.62;-6.22;-3.44;-1.77;-3.43;-3.72;-2.47
199711;-3.95;-0.06;-0.51;-0.17;0.03;-3.6;-0.43;-0.7;-0.96;-1.6;-2.06;0.37;-1;0.19;-1.13;-0.31;3.83;0.34;3.73;1.76;2.63;1.9;1.53;5.24;6.17
199712;-4.9;0.56;0.66;1.72;0.21;-0.7;1.3;1.81;0.79;2.37;1.5;2.58;1.37;2.46;2.07;0.33;3.07;3.03;2.39;0.17;2.6;4.76;2.14;2.33;1.2
199801;-0.27;-0.9;-0.3;-1.15;-2.45;-1.8;-2.27;-0.42;-1.12;0.7;0.05;-2.95;-3.76;-0.53;0.55;-0.91;-1.73;-0.98;-2.56;1.84;2.56;-0.85;-1.87;0.34;2.8
199802;6.66;5.73;5.06;7.18;5.49;8.17;7.11;8.36;7.46;9.34;9.46;8.5;9.45;7.71;7.71;7.37;6.13;6.76;8.26;9.09;8.85;7.68;7.03;7.37;6.97
199803;5.84;2.89;5.34;5.08;4.75;5.91;3.32;3.71;3.97;4.66;4.31;5.03;4.2;3.5;4.88;6.07;5.16;3.54;5.01;4.83;9.12;4.03;3.68;4.82;5.45
199804;2.78;2.64;2.58;2.18;2.21;0.49;1.05;1.79;1.75;1.51;0.7;2.5;0.31;-0.47;-0.26;-0.48;-1.05;0.24;0.74;0.6;4.12;1.32;3.08;2.7;-0.28
199805;-5.2;-2.61;-4.81;-4.57;-4.6;-6.52;-4.55;-6.27;-4.5;-5.69;-7.02;-5.53;-4.81;-5.41;-5.74;-4.7;-3.54;-4.78;-2.45;-3.74;-2.66;-2.14;-1.12;-1.04;-2.06
199806;-0.44;-1.98;-0.88;-0.82;-0.17;0.76;0.13;-0.58;0.33;-0.95;5.41;0.38;-2.69;-0.66;1.26;0.84;1.48;-1.65;0.45;0.99;6.72;3.89;2.09;3.78;5.78
199807;-7.28;-4.42;-6.62;-5.65;-6.5;-8.74;-9.22;-6.34;-8.3;-5.81;-8.19;-7.23;-7.77;-9.84;-5.62;-3.25;-4.24;-7.46;-5.88;-5.53;-1.15;-3.09;-2.09;-1.1;0.42
199808;-24.1;-19.1;-17.91;-19.7;-21.45;-24.76;-17.01;-17.16;-18.87;-21.27;-22.29;-17.16;-18.89;-20.56;-20.43;-16.08;-13.63;-19.48;-18.07;-19.14;-16.38;-11.56;-13.02;-15.72;-14.42
199809;5.41;3.34;1.43;1.46;0.82;10.1;4.6;7.7;5.49;7.13;11.22;7.21;6.94;5.55;5;8.27;7.21;9.29;3.74;2.81;10.24;4.93;4.1;4.14;8.27
199810;1.92;2.47;4.08;2.31;1.44;4.89;5.27;2.7;4.4;4.16;2.09;3.2;6.35;4.94;8.52;7.15;2.54;7.72;9.48;8.39;6.8;4.58;8.48;9.48;7.84
199811;9.96;7.59;5.6;6.64;6.81;6.84;5.2;5.4;5.55;8.9;10.22;2.4;4.39;5.67;6.04;5.5;4.45;3.83;3.84;6.4;7.99;4.04;6.79;5.62;7.52
199812;2.74;0.22;2.52;3.26;3.79;6.1;5.5;4.7;3.75;6.02;10.6;4.39;5.63;5.58;8.67;7.6;4.01;7.38;4.03;6.51;12.54;4.05;3.56;7.33;6.42
199901;8.79;3.27;-0.43;4.54;4.82;6.11;-2.42;1.46;-1.67;-0.25;9.83;-3.19;-2.28;-1.94;-0.74;4.44;-2.93;-2.27;-3.95;-0.77;6.13;0.84;0.31;4.47;5.68
199902;-7.38;-6.71;-4.71;-5.47;-6.47;-8.61;-10.83;-8.07;-8.23;-8.8;-8.25;-7.82;-7.38;-6.75;-8.51;-2.61;-1.66;-7.1;-3.91;-3.94;0.41;-1.31;-1.36;-3.83;-4.35
199903;-1.98;-2.68;-4.07;-6.96;-4.52;2.55;-1.79;-1.02;-1.53;2.17;8.96;-2.38;0.7;1.5;2.63;6.75;1.8;0.49;0.28;2.65;11.16;4;6.48;4.83;1.59
199904;9.04;10.99;8.27;9.99;10.11;7.96;5.28;13.29;8.69;5.87;17.15;9.86;4.96;9.39;8.41;10.5;6.25;6.89;10.01;11.05;4.65;2.69;6.25;4.23;1.64
199905;2.53;3.24;3.21;2.68;2.41;1.67;5.02;-1.29;2.9;2.93;-5.44;3.01;2.09;1.94;2.39;2.08;2.9;1.69;1.04;0.45;-3.99;4.73;-4.11;-1.87;-2.95
199906;6.83;8.29;6.87;7.56;4.53;8.45;6.92;7.12;7.06;6.07;3.37;4.87;3.82;5.24;3.41;8.73;2.72;6.23;5.31;5.77;0.17;-1.9;4.41;5.74;6.81
199907;2.11;1.47;0.38;0.63;1.78;-2.78;-0.89;-2.51;-0.26;-2.35;-1.41;-3.26;-3.57;-0.95;-1.95;-1.05;-1.77;-1.54;-1.96;-2.54;-4.1;-0.32;-3.75;-3.8;-3.41
199908;-1.59;-3.61;-3.6;-4.21;-1.85;-3.52;-3.05;-4.4;-5.13;-2.9;0.02;-1.96;-5.95;-3.75;-5.72;0.2;-0.83;-5.24;-4.81;-5.04;-1.49;-2.32;-0.93;-2.51;1.2
199909;-1.09;-1.82;-1.94;-2.53;-1.17;1.34;-0.29;0.69;-2.77;-1.97;1.28;-2.32;0.39;1.28;1.02;2.54;-3.68;-3.14;-2.42;-1.72;-1.94;-4.97;-4.1;0.66;-4.16
199910;0.38;-2.09;-2.68;-1.37;-1.65;2.46;-2.04;-0.94;-1.79;-2.51;3.64;1.14;-0.04;-1.71;2.16;8.45;7.16;1.58;1.95;3.42;8.02;2.64;10.29;10.06;5.82
199911;16.57;6.07;5.66;4.64;6.61;11.38;4.38;4.69;5.24;5.29;7.44;3.76;3.62;3.23;9.14;8.81;3.34;-2.37;2.54;5.85;3.11;3.02;-0.79;1.81;3.44
199912;22.9;6.16;3.28;6.78;17.98;16.03;7.16;9.14;4.78;9.64;16.35;9.99;6.05;5.71;7.72;20.06;11.56;4.19;4.85;10.65;9.51;6.64;3.59;10.38;4.11
200001;12.42;2.26;2;-1.67;-9.14;3.4;-3.16;-2.37;-1.05;-5.55;-0.61;-1.4;-7.23;-3.04;-10.64;-3.55;-2.27;-2.78;-6.07;-6.19;-4.99;2.62;-1.84;-8.03;-4.57
200002;43.32;13.9;11.97;4.29;5.19;31.48;7.91;10.5;10.6;5.05;20.87;19.62;5.78;5.59;1.16;19.27;15.76;0.66;3.91;11.43;-0.06;3.83;0.07;-2.02;-2.32
200003;-16.41;-0.49;0.55;-0.22;-3.97;-15.1;2.36;0.07;-3.9;5.15;-11.36;-4.68;4.53;4.21;2.52;-7.39;3.1;12.07;12.95;9.17;6.91;4.05;10.54;11.67;10.29
200004;-20.59;-7.84;-7.14;-6.23;-8.17;-13.36;-5.46;-6.14;-1.17;-5.48;-11.23;0.88;-6.31;-0.89;0.06;-4.55;-3.18;0.58;-1.51;-6.81;-8.44;-3.59;0.17;-0.42;-5.16
200005;-12.4;-4.54;-4.28;-3.56;-6.58;-8.92;-5.2;-6.03;-4.1;-6.59;-3.81;-0.72;-0.68;-4.94;-3.27;-6.33;-1.79;-2.15;-1.5;-4.4;-6.37;-1.72;-1.32;-1.96;-2.72
200006;27.58;15.97;16;9.14;4.3;15.55;8.15;7.1;6.78;6.85;12.76;4.7;4.2;1.55;5.51;8.66;1.66;2.19;0.32;6.36;7.25;-3.02;-2.62;0.53;5.9
200007;-4.86;0.26;1.52;1.16;1.7;-8.07;-1.42;2.54;1.08;3.47;-9.68;-2.67;1.42;2.31;3.11;-7.39;2.24;-0.29;0.23;-1.29;-5.57;-0.77;1;-2.46;-1.25
200008;7.13;6.87;5.14;5.12;8.1;6.43;7.01;3.96;4.26;7.94;9.05;6.53;9.4;5.98;8.51;12.79;9.48;5.48;7.29;8.64;12.77;7.68;9.33;7;5.26
200009;-6.43;1.36;-2.75;-1.05;-1.26;-5.15;-1.31;0.9;-2.32;-1.28;-10.23;0.57;-1.68;-1.85;-2.71;-10.68;-2.04;-2.13;-0.26;-2.5;-7.31;-1.09;-3.06;-9.51;-0.47
200010;-9.97;-6.43;-5.58;-3.56;-3.83;-10.39;-0.69;1.41;0.51;-2.39;-11.94;-2.79;-0.53;-1.21;1.55;-5.76;-4.69;-1.23;2.65;1.94;-9.01;-7.17;-1.31;-0.88;2.26
200011;-15.99;-6.44;-3.3;-3.07;-7.02;-18.21;-5.98;-2.2;-2.49;-5.35;-21.62;-3.84;-7.18;-3.25;-3.9;-20.53;-5.15;-2.17;-0.47;-4.08;-21.11;-11.77;-10.19;-8.67;-5.36
200012;-6.54;4.89;3.5;4.05;3.68;4.04;9.19;9.1;8.69;8.44;3.85;10.03;13.33;10.01;12.27;6.32;11.76;7.61;9.37;8.91;1.94;1.5;4.88;-3.67;2.32
200101;22.3;13.05;10.33;11.39;13;11.6;6.59;3.64;7.91;9.89;11.1;0.6;0.91;5.03;3.37;5.84;-1.25;2.18;2.73;0.74;5.45;2.87;2.02;5.75;0.62
200102;-8.35;-3.07;-0.9;-1.07;-0.81;-11.67;-3.46;-1.8;0.24;-1.76;-18.02;-2.12;-2.45;-3.87;-0.88;-15.04;-6.97;-2.27;-1.73;-2.33;-16.46;-7.39;-10.93;-11.46;-6.35
200103;-7.62;0.17;0.09;-0.29;-1.34;-4.77;-1.59;-2.12;-2.02;-0.86;-11.02;-3.11;-3.48;-4.84;-6.05;-11.24;-0.13;-4.38;-2.79;-6.28;-12.16;-3.5;-3.56;-8.51;-6.4
200104;6.13;3.95;5.7;4.69;7.09;8.43;5.12;6.29;6.48;7.42;12.64;7.33;7.14;6.62;6.54;16.97;7.46;9.02;7.02;7.89;11.12;9.04;9.59;10.69;3.92
200105;11.8;11.7;8.74;9.31;12.19;3.15;4.05;3.96;2.74;3.49;2.23;1.32;3.8;1.73;2.51;2.35;2.07;3.26;3.5;4.66;-1.68;-0.73;0.68;0.59;1.34
200106;1.47;3.74;1.7;2.83;4.01;3.55;9.3;7.36;7.08;7.54;2.39;0.14;0.02;2.73;2.71;0.08;-2.94;-2.17;2.38;1.85;-3.34;-3.23;-0.83;-1.32;-3.03
200107;-7.25;1.39;2.02;2.25;0.26;-12.43;-3.83;-0.59;-3.43;-3.47;-13.35;-4.54;-0.44;-0.02;-1.66;-10.45;-3.68;-0.47;2.58;2.09;-6.32;-2.75;-4.46;-0.21;1.1
200108;-5.55;-1.02;-0.47;-0.02;-1.86;-8.46;-1.8;-1.49;-1.48;-4.19;-9.64;-1.59;-2.96;-1.75;-2.54;-10.32;-4.2;-2.97;-3.71;-3.92;-7.52;-8.04;-9.43;-5.99;-4.71
200109;-15.45;-9.35;-9.7;-6.96;-14.27;-18.83;-14.43;-13.32;-12.73;-15.62;-19.26;-12.22;-12.06;-13.45;-12.2;-19.28;-13.7;-13.58;-11.38;-11.32;-9.3;-14.66;-10.81;-6.88;-4.6
200110;9;5.04;1.96;1.08;5.91;9.04;5.5;4.11;5.19;7.54;14.43;5.56;5.2;5.17;9.11;10.28;3.71;2.82;4.32;2.1;-0.12;7.51;3.71;1.18;1.42
200111;9.31;5.48;4.17;3.42;4.1;11.86;8.78;7.05;8.74;5.62;11.08;6.66;7.17;9.29;6.76;12.12;8.26;8.5;7.79;9.53;8.99;8.31;9.24;7.48;6.4
200112;9.03;5.78;5.89;5.4;5.5;7.19;7.85;8.03;6.99;6.04;5.86;4.83;6.49;7.08;5.64;1.63;3.66;5.75;6.28;5.89;2.02;-2.35;-0.45;2.25;-0.31
200201;0.12;3.31;3.09;2.18;3.43;-6.21;0.49;0.54;1.4;0.59;-7.13;-1.03;0.83;-1.53;1.74;-7.42;-0.14;1.18;0.95;-0.09;-7.04;0.16;-2.6;-0.48;0.38
200202;-8.35;-1.49;0.58;0.01;0.47;-9.5;-0.84;0.75;0.05;-0.99;-10.55;-0.94;0.6;0.63;0.01;-6.83;-2.91;1.01;-1.02;2.41;-4.36;-8.77;-2.69;-1.13;-0.8
200203;8.41;6.96;6.69;9.31;12.09;9.18;9.62;8.52;7.08;9.58;8.8;6.58;6.23;7.7;9.15;6.84;7.31;7.05;6.78;4.11;3.22;9.43;3.6;4.26;1.95
200204;-3.8;6.36;6.92;7.17;5.85;-4.93;4.89;4;5.13;3.57;-8.12;0.97;0.7;2.35;1.23;-5.84;-2.3;-0.93;1.62;-0.4;-9.06;-5.79;-5.73;-6.54;-5.95
200205;-2.93;-0.1;0.06;-0.04;-1.42;-9.45;-3.16;-3.65;-3.44;-2.85;-7.75;-3.89;-1.61;-3.24;-3.5;-5.39;-1.69;-0.9;-0.35;-0.59;-1.65;-2.13;-1.47;-0.23;-0.89
200206;-5.16;0.1;0.74;2.26;-2.65;-7.97;-2.82;-1.29;-2.16;-2.34;-9.78;-5.74;-5.65;-5.51;-6.37;-11.04;-10.69;-6.49;-7.12;-6.29;-12.51;-8.76;-4.26;-7.13;-7.14
200207;-17.14;-13.92;-11.72;-9.5;-12.88;-18.01;-17.31;-15.23;-13.2;-14.28;-11.73;-10.11;-11.15;-10.43;-11;-10.47;-12.36;-10.24;-8.51;-10.51;-9.2;-9.15;-8.43;-9.88;-3.14
200208;-2.42;-0.69;0.05;0.2;-0.21;-1.87;0.25;3.1;0.11;0.86;-2.71;0.42;1.96;3.45;3.3;-4.3;0.14;-0.35;0.61;2.48;2.68;1.53;-0.53;2.04;-0.26
200209;-10.78;-5.6;-6.05;-4.27;-8.05;-11.32;-9.11;-5.31;-2.73;-5.13;-13.37;-7.3;-7.92;-7.22;-6.12;-15.08;-13.41;-10.57;-8.83;-7.06;-10.53;-7.38;-12.54;-9.58;-11.21
200210;3.93;2.61;3.15;1.49;2.12;8.33;4.08;0.44;2.56;2.26;10.98;6.05;2.35;2.68;0.24;7.35;8.35;4.21;4.01;3.38;9.14;5.08;14.03;8.2;8.39
200211;19.25;5.91;6.46;4.06;7.88;18.04;9.13;6.23;4.82;3.67;15.81;5.9;6.22;5.6;6.47;18.24;12.67;7.99;4.14;7.04;10.62;6.2;9.27;2.61;3.6
200212;-9.32;-2.2;-1.15;-1.14;0.01;-11.5;-5.18;-4.16;-2.52;-3.89;-11.33;-3.78;-2.49;-2.82;-3.77;-11.03;-6.22;-3.9;-3.57;-3.53;-9.71;-4.96;-9.95;-4.63;-4.05
200301;0.2;-0.72;-0.86;-1.67;-2;-4.29;-2.76;-0.82;-3.9;-0.85;-1.94;-3.86;-4.81;-3.23;-1.5;0.36;-2.1;-3.1;-2.49;-2.15;-0.71;-4.65;-3.82;-3.39;-2.23
200302;-3.85;-4.71;-1.52;-0.55;-2.3;-2.32;-5.09;-2.82;-1.26;-3.11;-2.49;-4.2;-1.7;-2.99;-2.82;-1;-3.73;-2.38;-1.72;-2.68;-3.11;-3.35;-1.17;-1.07;-1.75
200303;1.83;0.2;1.74;-0.92;0.82;1.2;0.31;0.56;1.68;3.1;1.44;0.3;0.29;1.27;3.12;-0.46;-1.27;0.39;0.84;2.06;-0.12;-0.1;0.32;2.24;1.53
200304;12.36;8.5;7.46;6.49;7.49;13.61;9.02;8.42;6.85;8.59;13.06;7.13;8.5;9.16;9.02;9.98;9.96;8.55;8.61;6.25;11.94;7.81;9.71;7.11;7.24
200305;20.51;8.65;6.85;6.95;8.48;16.59;9.97;8.83;8.13;7.14;13.98;10.26;6.06;8.25;6.53;14.76;10.42;9.49;8.34;8.09;9.58;5.53;5.79;4.17;4.29
200306;5.88;3.99;5;3.82;6.68;0.31;0.93;2.16;2.08;4.48;1.58;1.34;0.79;1.71;3.3;1.62;-0.8;1.11;1.66;1.25;1.6;0.59;1.39;0.92;1.57
200307;9.58;7.38;7.49;7.58;7.84;9.31;6.69;6.4;5.71;3.53;5.39;2.26;3.73;5.32;5.4;3.5;2.99;4.36;4.47;3.23;1.74;6.98;3.38;1.83;-1.12
200308;7.04;4.6;3.76;2.73;2.83;5.68;6.37;4.61;3.15;1.93;8.41;5.04;4.41;4.15;4.01;8.56;5.1;4.79;3.73;3.2;3.08;1.23;2.55;3.07;0
200309;4.75;0.44;-0.19;1.59;-0.11;-3.2;-3.24;-2.55;-1.09;-0.58;-2.19;-3.39;-1.9;-2.02;-1.44;-1.51;-3.12;-1.18;-1.78;0.04;-4.3;-1.28;-0.05;-1.71;-0.07
200310;10.68;7.89;7.42;7.84;9.62;9.83;8.13;7.29;9.13;8.81;10.87;7.64;7.42;7.59;8.31;11.05;8.03;7.25;9.57;6.43;7.04;6.65;5.54;5.02;4.68
200311;4.56;4.4;3.48;5.47;4.37;2.63;4.34;3.28;3.13;4.09;2.83;3.18;3.34;3.68;4.16;2.94;2.82;2.64;3.25;2.01;1.69;1.17;-0.22;0.2;1.56
200312;1.46;4.8;3.76;2.04;2.7;1.32;3.22;2.31;2.83;3.6;3.38;4.95;3.26;1.05;0.03;2.31;4.98;2.28;1.63;2.42;4.76;6.96;5.86;3.79;4.61
200401;10.52;4.06;3.11;3.35;4.72;7.7;5.45;0.41;1.47;3.37;6.29;0.99;1.58;3.34;1.05;5.76;1;1.88;2.44;1.44;3.24;2.98;-0.13;2.2;1.43
200402;-0.85;0.75;1.41;1.24;2.92;-1.61;0.68;1.56;2.76;3.15;-0.73;3.18;2.6;1.53;4.01;-0.13;1.66;3.35;2.25;4.11;0.44;1.9;0.5;2.65;1.46
200403;-1.74;1;-0.14;-0.14;0.86;-0.11;1.07;1.29;1.93;3.12;-0.27;1.57;-1;1.73;2.84;-2.48;-0.96;0.87;0.45;0.69;-1.47;-1.85;-1.6;-1.15;-2.04
200404;-6.22;-4.19;-3.6;-3.72;-3.16;-6.64;-4.05;-2.72;-3.41;-2.62;-6;-5.04;-1.56;-1.12;-3.78;-7.25;-2.28;-1.31;-3.35;-2.04;-2.5;-2.91;-1.16;-2.23;0.71
200405;-0.36;0.36;-0.42;-0.22;-1.04;1.87;3.03;0.06;1.39;2.07;3.08;2.99;1.49;1.17;-0.1;2.78;2.04;1.6;2.23;1.75;2.04;2.28;1.07;1.77;-0.01
200406;1.94;5.82;4.45;4.33;5.13;3.8;6.35;4.66;6.3;6;0.23;3.78;4.62;4.66;3.14;3.2;2.69;2.67;1.29;3;1.93;0.79;2.48;1.68;0.93
200407;-12.22;-6.16;-5.06;-3.93;-5.02;-10.82;-6.99;-4.89;-2.71;-4.21;-10.93;-3.11;-5.26;-3.93;-4.85;-8.28;-5.63;-5.43;-4.11;-2.77;-6.35;-3.26;-3.93;-2.02;-3.04
200408;-1.89;-1.05;-1.88;-1.54;0.62;-2.38;0.7;-0.62;0.72;-4.22;-2.83;-0.99;-0.32;0.48;-1.44;-2.62;-0.36;0.45;-0.92;0.34;-1.93;0.57;-0.59;0.26;1.61
200409;4.36;4.01;5.05;4.87;4.46;6.16;5.94;5.53;4.85;5.03;2.6;4.5;3.26;3.42;5.34;5.53;2.91;2.32;2.9;3.04;3.31;2.37;0.42;1.91;-0.51
200410;0.97;1.31;1.89;1.72;3.74;3.27;1.41;2.29;2.35;1.31;2.87;2.81;1.6;2.16;2;4.07;1.1;2.9;3.16;1.44;4.49;0.63;0.33;2.47;0.65
200411;9.72;8.29;8.98;8.24;10.32;7.93;10.12;8.72;9.56;9.5;7.5;7.33;6.41;6;7.48;9.58;6.36;6.44;5.6;6.2;5.01;4.85;3.87;3.77;3.34
200412;7.14;3.79;2.9;2.49;3.25;3.67;3.32;2.81;2.38;3.43;4.81;2.49;2.53;3.93;4.99;3.65;5.03;4.52;3.5;4.22;5.15;3.97;0.51;3.75;3.95
200501;-5.76;-3.76;-2.49;-2.44;-3.3;-6.83;-1.75;-3.08;-1.6;-4.11;-6.42;-2.89;-1.68;-2.73;-1.44;-5.69;-3.23;-2.5;-2.08;-1.75;-4.26;-4.04;-2.55;-1.39;-1.93
200502;0.44;-0.17;1.2;-0.3;0.78;2.61;2.99;2.45;2.84;3.22;0.36;3.79;2.26;1.42;3.25;3.5;3.41;2.79;2.32;2.04;-0.72;3.28;2.38;3.65;1.14
200503;-5.93;-1.75;-1.56;-1.27;-3.73;-4.83;-0.98;-0.88;-2.01;-2.22;-3.92;-2.8;-1.99;-1.57;-0.51;-3.43;-1.06;0.39;0.19;-1.67;-0.35;-0.16;-3.03;-2.47;-1.22
200504;-7.04;-6.33;-5.67;-4.58;-4.85;-8.19;-6.18;-6.06;-4.28;-6.72;-5.77;-3.3;-4.4;-4.73;-5.91;-6.13;-2.82;-2.73;-4.47;-3.34;-2.54;-1.03;-1.61;-1.27;-1.77
200505;6.38;4.85;3.23;5.59;6.2;8.1;5.27;8.48;8.98;6.47;5.65;5.11;5.87;5.52;6.28;6.31;7.28;5.51;5.89;5.3;5.02;3.82;4.17;2.78;2.29
200506;4.28;4.27;3.08;5.6;4.72;3.66;3.51;3.94;3.78;5.25;2.4;3.12;2.19;3.5;3.6;3.45;-0.08;2.76;2.86;2.56;-2.36;1.3;0.57;-0.53;0.12
200507;7.78;7.5;6.01;7.17;6.96;8.39;5.78;7.27;5.41;5.24;7.54;5.25;6.47;5.12;3.26;6.61;5.44;5.63;5;6.3;2.82;4.68;3.21;3.57;3.21
200508;-0.58;-1.12;-2.17;-1.82;-3.31;-0.91;-1.8;-1.83;-1.88;-3.06;-0.76;-0.92;-0.91;-1.69;-1.32;-0.19;0.07;-0.57;-1.22;-1.21;0.4;0.32;-1.07;-1.05;-1.81
200509;0.64;-0.1;0.61;1.41;0.68;0.9;0.09;1.5;0.17;1.06;3.53;0.29;-0.42;0.09;-0.21;4.08;0.6;0.76;0.24;0.72;0.44;0.28;0.71;1.67;0.21
200510;-3.95;-3.01;-2;-0.42;-2.88;-4.69;-0.84;-2.44;-2.32;-3.6;-3.37;-3.11;-4.01;-2.37;-3.12;-4.26;-3.2;-2.19;-2.4;-2.24;-0.44;-0.45;-1.22;-1.79;-1.57
200511;4.22;4.77;3.65;4.9;5.16;4.58;4.26;5.01;4.4;6.15;5.55;4.76;5.38;5.06;5.89;4.31;3.59;4.34;4.79;5.85;4.07;4.52;4.75;2.8;3.04
200512;-0.05;0.12;-0.88;0.31;1.56;0.38;0.17;-2.44;-1.7;1.12;2.83;0.2;0.35;0.06;0.36;0.78;1.06;2.01;-0.47;2.16;0.86;-0.93;0.36;-0.13;-0.56
200601;10.87;8.89;7.3;7.51;8.5;9.48;7.68;9;8.67;8.43;9.69;5.19;7.68;4.88;7.46;5.28;5.27;4.85;2.86;6.65;1.05;4.01;1.27;3.77;0.71
200602;0.09;-0.22;0.42;-0.38;-0.25;-0.03;0.92;-0.96;-1.44;-1.13;-1.26;0.26;-2.1;1.16;-0.37;-0.34;1.93;-0.13;0.33;-1.52;-0.93;0.57;0.73;-0.1;0.31
200603;5.16;5.53;4.6;4.59;4.78;4.49;4.95;4.38;4.98;5.36;3.82;2.16;4.56;3.25;3.89;3.42;1.5;2.86;2.57;2.97;1.42;-0.09;1.97;1.98;0.46
200604;-1.52;1.78;-0.36;1.95;0.42;-0.93;1.45;0.66;2.1;2.62;-0.95;1.32;-0.45;0.9;1.27;3.27;2.17;0.99;0.03;0.37;2.78;-1.61;1.68;1.71;1.41
200605;-7.4;-4.4;-4.44;-4.18;-5.43;-7.06;-5.05;-3.29;-5.72;-3.57;-7.77;-3.36;-3.51;-4.78;-4.22;-2.72;-3.88;-3.53;-2.6;-4.92;-0.13;-2.58;-3.06;-2.95;-2.46
200606;-2.37;0.43;0.42;1.17;0.82;0.17;-0.03;0.17;0.95;0.13;-0.95;-0.23;-1.38;1.19;-0.35;-1.18;-0.24;-1.33;0.27;-0.85;0.12;0.29;-0.95;0.93;0.69
200607;-5.32;-3.16;-2.87;-1.7;-1.29;-4.19;-3.09;-3.71;-2.23;-5.21;-4.72;-2.66;-3.35;-4.17;-2.99;-4.1;-2.81;-3.43;-2.26;-4.14;0.16;-1.62;1.38;0.84;1.58
200608;3.6;2.67;2.7;1.86;1.29;4.92;2.17;2.12;2.56;2.05;5.47;3.29;1.72;1.89;-0.17;3.59;2.89;2.3;1.59;1.19;1.63;3.45;3.31;2.26;2.16
200609;-0.28;0.89;1.12;0.94;0.91;-0.21;1.23;1.96;1.86;1.93;0.36;1;1.39;0.22;2.44;1.4;0.78;1.21;2.04;3.25;3.69;1.13;4.55;2.65;1.74
200610;5.76;5.84;6.54;5.28;6.35;6.01;5.61;4.81;4.65;5.1;4.73;6.34;4.32;3.54;4.64;2.45;4.9;3.32;3.52;5.13;5.37;3.38;1.89;2.49;4.2
200611;2.86;1.62;1.77;1.83;1.5;2.05;3.19;2.42;3.01;2.53;5.11;2.97;3.54;3.32;5.27;5.35;3.61;2.86;3.76;3.98;0.74;3.23;1.32;1.16;2.07
200612;1.12;2.46;2.91;1.54;1.83;-0.47;0.26;-0.07;0.03;-0.19;0.31;-0.69;1.02;-0.17;0;1.16;-0.81;0.68;0.24;-0.06;2.64;1.46;0.88;2.64;0.04
200701;2.03;0.91;0.47;-0.3;0.58;1.35;1.43;0.66;2.6;3.15;2.56;2.47;3.1;2.53;3.63;2.99;1.15;3.28;3.13;5.35;2.43;2.05;0.68;1.97;0.85
200702;-0.77;-0.06;-0.37;-1.05;-0.34;-0.16;-0.09;-0.86;-1.23;-0.04;0.93;1.02;-0.35;0.72;0.9;-0.54;1.32;0.77;0.69;-1.53;-2.71;0.41;-2.4;-2.68;-2.36
200703;0.65;0.06;1.92;0.51;0.33;-0.19;2.13;1.27;0.03;-0.11;1.51;1.71;2.01;1.7;3.96;1.42;1.42;0.78;1.48;0.85;2.56;0.94;0.81;0.71;1.39
200704;2.46;1.13;-0.11;1.04;-0.97;1.77;1.49;2.35;1.24;3.29;4.03;3.12;2.46;3.34;5.1;5;3.28;3.99;4.55;4.25;3.09;3.59;4.34;3.9;5.55
200705;1.32;4.3;3.61;3.58;4.19;2.59;4.12;4.39;3.72;4.28;4.13;3.49;4.9;7.16;6.57;3.37;3.74;4.81;4.67;4.16;3.33;3.32;3.45;3.04;3.91
200706;-0.41;-0.85;-0.01;1.67;0.47;-1.32;-2.32;-2.39;-0.96;-0.97;-1.26;-0.43;-0.66;-0.47;-1.36;-1.8;-2.71;-0.78;-2.42;-1.26;-0.82;-2.92;-1.2;-2.14;-1.08
200707;-5.97;-6.95;-6.62;-7.67;-7.61;-6.49;-4.87;-6.9;-5.87;-7.97;-4.12;-4.39;-5.35;-4.51;-4.77;-5.37;-2.48;-5.3;-3.79;-5.29;-3.17;-3.28;-3.32;-3.07;-1.37
200708;-0.65;1.44;2.08;0.15;-2.75;2.55;2.18;2.51;2.4;-0.08;0.81;-0.25;0.47;1.81;-1.48;0.81;0.85;-1.05;0.7;-0.89;2.05;1.76;1.96;1.79;1.35
200709;1.32;0.49;2.24;0.23;1.15;3.7;0.71;0.12;-0.6;1.54;3.13;2.83;2.3;2.78;2.37;3.79;2.1;2.23;2.82;1.21;3.15;4.04;4.43;3.19;4.74
200710;2.09;1.73;-0.14;-1.57;0.01;3.5;2.6;1.59;2.86;0.74;4.35;4.24;1.29;2.56;2.08;0.79;2.24;3.82;1.6;1.59;0.85;2.58;2.42;1.21;3.29
200711;-10.01;-7.62;-7.41;-6.92;-8.94;-8.72;-4.66;-5.75;-8.46;-6.31;-6.75;-6.18;-4.37;-4.81;-7.88;-5.79;-7;-5.28;-4.59;-4.76;-4.11;-3.76;-5.94;-3.19;-3.55
200712;-0.23;-0.14;-0.18;-2.39;-1.47;1;-0.04;-0.99;-0.09;1.21;-0.65;-1.11;0.39;-0.56;-4.11;-1.91;-1.53;0.27;0.18;-2.1;-0.47;-1.54;-1.32;-1.36;1.28
200801;-9.04;-6.04;-6.5;-5.3;-6.94;-10.52;-7.34;-5.76;-0.91;-7.01;-10.16;-5.34;-5.44;-5.41;-2.28;-7.48;-8.86;-4.17;-5.19;-4.65;-5.87;-7.04;-7.4;-3.9;-6.78
200802;-4.63;-3.25;-3.34;-4.99;-3.53;-4.28;-1.02;-3.62;-4.29;-0.97;-4.83;-1.44;-0.9;-2.18;-1.21;-3.06;-0.94;-2.46;-1.2;-3.29;-1.42;-3.22;-5.92;-3.2;-1.81
200803;-2.79;1.49;0.34;1.89;-1.88;-1.25;0.93;0.02;3.83;1.39;-0.56;-1.25;-1.35;-0.12;-2.34;-1.17;-1.74;-1.53;-1.48;-1.96;-0.79;-0.62;-0.28;-0.92;-0.15
200804;2.19;0.5;2.84;0.23;2.64;3;0.49;2.29;5.57;4.52;8.39;8.42;6.88;7.93;9.66;7.14;3.13;7.05;6.87;4.38;4.64;2.47;3.9;5.16;4.63
200805;3.61;3.15;4.43;1.68;6.08;6.33;4.13;5.46;3.27;9.54;4.44;4.69;4.87;5.11;8.34;5.26;6.1;3.16;4.58;3.64;2.99;2.05;-0.87;1.11;1.59
200806;-7.62;-8.21;-7.46;-12.63;-7.04;-8.82;-10.62;-9.21;-3.95;-3.32;-10.81;-5.94;-6.36;-5.9;-6.36;-10.18;-8.03;-7.42;-8.4;-8.37;-10.65;-9.18;-11.35;-8.83;-5.36
200807;2.55;5.68;7.69;7.59;5.36;4.47;5.22;3.03;3.49;2.94;1.05;2.44;1.64;0.6;-0.82;-2.9;-2.2;-5.51;-0.51;-2.13;0.56;-2.34;-0.13;-1.04;-0.79
200808;2.32;4.82;4.88;3.58;4.92;6.11;4.92;5.56;5.35;6.63;3.04;4.27;4.63;2.21;3.38;0.71;3.28;1.56;2.52;2.05;-2.37;-0.5;0.77;2.01;1.55
200809;-10.88;-4.22;-5.98;-4.05;-11.02;-9.3;-8.06;-5.03;-3.56;-10.04;-10.77;-9.59;-9.71;-9.65;-10.54;-13.81;-11.51;-11.65;-12.37;-13.88;-16.6;-10.2;-8.71;-7.12;-7.38
200810;-23.16;-16.78;-17.82;-15.51;-22.9;-22.68;-21.87;-17.15;-20.92;-24.08;-21.89;-18.42;-19.27;-19.14;-19.88;-24.1;-19.48;-22.36;-21.28;-21.2;-25.86;-17.15;-15.97;-14.97;-13.94
200811;-15.23;-12.03;-13.55;-10.62;-12.47;-13.8;-11.24;-10.75;-9.94;-10.73;-8.88;-7.51;-9.72;-9.52;-13.63;-12.73;-10.47;-9.28;-8.81;-8.56;-15.04;-8.86;-8.21;-5.85;-4.8
200812;3.4;3.88;4.53;4.23;5.45;6.23;6.75;4.94;4.53;5.56;7.64;1.81;3.63;4.96;4.26;5.28;2.82;1.31;2.66;7.15;0.04;1.31;0.3;0.96;1.78
200901;-6.33;-15.93;-16.09;-14.9;-12.29;-8.51;-10.22;-14.92;-12.53;-8.84;-8.88;-9.05;-9.85;-10.84;-5.15;-1.51;-9.62;-8.39;-6.31;-6.45;-11.36;-5.88;-10.31;-8.2;-6.37
200902;-12.64;-12.27;-14.1;-12.54;-11.81;-14.18;-12.28;-13.75;-8.61;-11.66;-10.58;-11.59;-8.61;-10.71;-7.39;-11.71;-8.93;-9.63;-10.16;-8.17;-11.62;-12.11;-11.45;-10.54;-6.99
200903;8.84;9.98;11.99;9.92;12.61;12.82;9.95;7.46;8.64;9.91;11.48;9.71;7.95;7.69;11.15;9.24;9.39;9.18;8.83;8.15;15.23;7.05;7.77;9.89;7.63
200904;16.82;14.22;19.78;14.59;21.76;13.61;12.85;16.9;19.6;24.13;13.87;12.89;16.95;19.08;14.8;14.16;13.6;11.89;15.99;13.04;12.89;9.29;9.59;7.96;7.57
200905;8.55;1.89;2.74;1.94;3.73;5.49;1.96;2.36;0.35;4.96;1.26;3.04;1.04;3.14;2.27;5.75;3.07;5.95;4.92;2.85;9.15;4.49;6.5;5.46;4.72
200906;6.25;4.24;3.3;1.73;3.7;4.64;3.19;0.62;-1.83;0.43;2.1;3.58;0.74;-1.71;-1.63;0.82;-0.05;0.22;0.25;1.01;-0.92;-0.32;-0.29;-0.72;2.28
200907;9.59;8.79;10.36;11.72;11.28;9.78;8.63;10.07;8.59;12.45;10.33;9.55;9.02;11.04;10.3;6.31;9.85;9.53;7.34;10.69;8.2;7.51;9.22;8.46;5.06
200908;5.05;3.74;4.41;7.25;8.07;2.79;2.5;3.74;2.4;2.27;4.71;3.73;2.15;3.68;2.69;9.73;3.6;3.36;3.25;4.56;6.16;6.6;2.32;2.51;1.56
200909;7.25;4.64;6.39;5.95;9.11;8.39;4.18;6.15;8.93;9.96;6.11;5.32;6.48;6.25;7.67;4.53;7;6.74;7.22;7;3.85;1.77;6.91;2.43;3.57
200910;-10.41;-5.77;-7.12;-7.98;-5.93;-10.13;-8.31;-4.05;-6.2;-7.58;-10.89;-4.69;-4.7;-3.79;-3.42;-7.83;-6.77;-3.69;-2.24;-3.83;-2.75;-4.26;-4.55;-0.32;0.81
200911;1.32;0.74;2;2.13;-0.02;4.34;2.7;1.86;2.83;0.63;5.2;2.86;4.75;3.75;4.22;5.09;5.28;2.32;4.01;5.59;2.84;3.91;7.92;6.99;5.99
200912;8.52;7.4;8.56;7.29;9.6;9.63;8.17;8.27;8.58;12.28;7.08;7.83;6.55;7.64;7.23;8.23;6.98;6.06;5.9;4.84;0.22;2.35;1.77;2.8;0.41
201001;-2.92;-3.21;-3.28;-4.4;-3.68;-3.68;-2.29;-2.15;-3.36;-0.17;-0.95;-3.66;-3.39;-5.34;-4.39;-2.32;-2.6;-4.29;-3.54;-5.26;-2.07;-2.18;-2.52;-4.16;-3.96
201002;5.92;4.49;3.93;4.48;7.28;4.27;4.81;4.18;1.06;4.9;4.96;4.63;4.7;5.76;6.96;5.38;3.9;4.31;4.82;7.49;4.34;3.38;2.67;2.58;2.89
201003;8.19;7.92;7.63;9.01;7.61;8.46;7.8;8.37;9.59;6.95;7.94;6.97;8.32;8.05;9.75;8.06;7.89;7.22;6.75;8.91;5.79;6.79;6.47;5.75;4.68
201004;9.58;9.15;7.2;9.15;8.19;5.85;4.36;5.67;4.59;7.22;7.15;4.24;2.98;5.32;3.44;5.47;5.09;4.44;2.86;4.21;-1.66;0.68;1.31;0.35;2.24
201005;-9.11;-8.09;-8.15;-7.67;-8.22;-8.69;-7.49;-7.98;-6;-5.22;-8.86;-7.73;-7.53;-6.48;-6.95;-6.91;-6.7;-6.91;-5.74;-8.44;-7.6;-8.5;-7.38;-7.66;-8.36
201006;-8.6;-7.94;-8.91;-8.34;-8.78;-7.46;-6.9;-8.45;-8.01;-8.6;-7.44;-5.54;-6.78;-7.89;-8.86;-7.76;-5.79;-6.56;-5.71;-6.97;-1.89;-6.16;-5.14;-4.92;-5.13
201007;6.47;4.13;6.18;7.18;5.98;7.2;8.29;6.07;6.42;6.13;7.12;8.17;6.46;7.36;6.05;6.69;7.17;7.51;7.11;7.63;5.82;6.28;7.74;6.95;6.95
201008;-9.49;-8.99;-7.44;-9.1;-9.8;-7.15;-7.21;-7;-7.2;-8.6;-5.98;-6.06;-7.03;-4.97;-6.44;-6.84;-4.32;-3.94;-5.27;-4.11;-5.73;-3.83;-4.91;-5.19;-3.03
201009;12.34;11.27;11.46;8.25;12.44;14.19;12.75;12.28;13.15;13.43;13.75;12.37;12.03;11.74;12.8;10.46;10.14;10.73;10.59;11.91;8.08;8.47;8.53;8.68;9.47
201010;5.25;4.49;5.84;3.75;5.55;2.22;4.25;3.85;4.22;4.33;4.29;4.69;4.07;4.36;2.87;0.47;3.35;3.84;3.87;3.74;1.85;4.74;2.17;4.43;4.5
201011;3.56;3.57;3.57;3.6;3.58;3.24;3.57;4.46;4;3.38;5.02;3.32;3.78;4.25;3.62;1.58;3.41;2.94;1.24;4.32;0.48;-0.78;-1.97;0.54;-0.12
201012;10.87;8.19;6.6;7.76;6.94;10.43;7.49;7.9;6.73;7.04;9.11;8.12;7.41;5.59;7.43;10.43;7.81;6.02;7.83;4.44;9.37;5.37;8.16;6.73;5.01
201101;-0.39;-2.18;-1.89;-2.79;-3.35;0.87;0.51;1.23;0.6;1.26;2.57;2.55;1.62;0.17;0.84;2.14;3.68;2.59;1.89;0.64;4.26;0.57;4.23;2.97;0.68
201102;5.08;4.6;5.15;3.39;1.79;7.26;4.42;7.04;5.38;4.43;8.37;4.49;5.12;4.71;4.64;2.92;5.51;3.87;2.38;4.7;3.12;4.96;3.86;3.53;2.02
201103;2.72;2.87;1.97;0.99;1.56;2.25;2.97;3.78;1.16;2.9;0.21;2.78;3.34;4.08;5.85;0.46;1.29;1.23;4.1;2.79;-3.14;0.97;-0.75;-0.24;0.73
201104;1.07;1.19;2.54;1.14;-0.08;2.3;1.58;2.9;2.59;1.95;1.49;4.55;3.98;1.35;5.95;1.25;2.06;3.07;2.33;3.49;0.69;4.75;2.41;2.83;3.73
201105;-2.09;-3.23;-3;-2.28;-3.06;-3.83;-2.65;-1.45;-0.06;-0.87;-0.77;-2.41;-2.86;-1.39;-0.79;-1.91;-1.52;-0.41;0.3;0.73;-4.76;-0.84;-1.16;-1.88;-0.09
201106;-3.59;-1.71;-1.57;-1.85;-4.1;-3.44;-1.53;-1.02;0.1;1.11;-2.97;-2;-0.79;-1.21;-0.63;-4.51;-2.15;-2.15;-0.41;-1.9;-2.82;-2.04;-2.01;-1.78;-0.84
201107;-3.43;-1.91;-1.67;-0.33;-3.57;-6.06;-2.57;-4.32;-3.13;-3.64;-4.55;-4.91;-4.34;-2.83;-4.17;-3.11;-3.73;-2.89;-4.8;-3.46;-5.24;-3.73;-3.28;-1.53;0.15
201108;-12.35;-8.33;-9.3;-9.27;-9.94;-11.42;-9.1;-8.17;-7.54;-10.45;-9.99;-7.43;-8.38;-8.53;-7.3;-8.38;-7.8;-6.92;-7.1;-7.96;-8.16;-7.14;-5.96;-4.8;-3.79
201109;-12.18;-10.13;-9.99;-9.44;-11.66;-11.27;-12.24;-10.93;-9.77;-12.3;-11.41;-10.57;-11.63;-11.95;-11.82;-10.73;-8.31;-10.35;-10.48;-10.88;-9.29;-8.74;-7.81;-6.3;-4.96
201110;12.88;13.97;13.69;13.36;12.13;16.41;14.53;16.16;15.07;17.02;16.33;14.22;15.84;15.22;15.41;12.8;13.97;14.94;14.46;15.04;13.23;12.23;11.54;9.66;9.44
201111;-2.29;-0.9;-0.62;0.66;-1.79;-0.38;0.11;1.05;-0.26;-0.72;-1.51;-0.73;2.24;-0.11;0.09;1.18;-0.44;1.01;-1.42;-0.26;-3.24;-1.55;0.32;-0.1;0.33
201112;0.25;2.25;1.92;1.2;2.03;0.75;1.37;0.1;0.72;-0.47;-1.01;0.31;1.35;-0.7;-0.39;0.27;-0.51;-0.3;-0.84;-0.59;-2.12;2.39;1.74;1.61;0.2
201201;9.69;7.25;7.9;6.49;8.68;7.75;5.66;7.17;5.91;6.86;6.84;6.14;5.69;6.18;6.87;6.22;5.59;4.06;5.79;9.26;6.44;5.79;3.99;2.71;5.76
201202;2.08;0.88;1.2;0.94;1.76;5.15;3.5;1.61;2.75;2.52;5.3;2.17;3.51;4.21;5.06;5.49;4.45;4.04;6.07;4.61;4.94;5.24;3.76;4.3;4.61
201203;3.88;3.99;2.45;4.63;3.06;3.34;1.67;1.87;3.68;0.6;2.06;0.82;0.65;2.47;0.9;1.19;2.91;1.25;1.18;2.51;3.9;3.65;3.08;2.9;3.87
201204;-2.76;0.35;-1.5;-1.62;-1.63;-1.76;-1.14;-2.13;-1.44;-1.1;-1.95;-1.51;-0.94;-0.17;-1.51;-1.18;-1.05;1.22;-0.52;-0.99;-1.96;-1.74;-0.32;-1.04;-0.13
201205;-7.07;-5.56;-7.96;-4.78;-9.19;-6.39;-7.86;-5.84;-6.34;-5.3;-7.74;-6.53;-7.78;-5.5;-7.24;-8.33;-8.23;-7.31;-7.08;-7.21;-7.92;-5.89;-5.56;-6.88;-4.6
201206;6.17;5.34;5.61;6.4;6.5;7.31;5.12;3.69;3.41;4.51;6.17;3.77;2.88;1.33;3.63;4.36;3.29;2.2;0.38;0.77;4.28;5.47;4.58;4.19;3.26
201207;-1.95;-2.04;-2.03;-1.96;-1.51;-4.17;-1.78;-0.37;0.21;-2.85;-4.69;0.34;0.57;-1.09;-0.85;-2.41;-0.25;0.66;-0.32;-2.71;0.96;1.11;2.22;1.12;1.27
201208;3.14;1.89;3.15;3.71;1.2;1.58;3.29;4.34;1.56;2.99;6.37;4.54;3.62;4.28;2.18;3.98;4.29;3.52;3.44;4.91;3.38;2.05;3.05;1.84;2.04
201209;5.17;4.74;4.22;4.65;2.7;4.27;2.92;3.36;4.58;5.4;1.79;3.03;2.24;3.65;1.66;3.59;2.55;1.88;1.57;1.96;4.55;4.23;3.39;2.82;1.16
201210;-4.78;-1.98;-2.31;-1.9;-2.48;-5.31;-1.96;-1.56;-1.3;-3.31;0.04;1.41;-2.17;-0.59;-2.08;0.18;0.08;-1.63;-0.29;0.36;2.22;-1.31;-3.48;-0.47;-3.33
201211;0.35;0.92;1.02;-0.39;0.14;0.3;0.1;0.95;2.39;-1.76;1.37;-0.77;3.23;3.23;5.25;-0.09;0.24;3.25;1.84;2.97;0.65;0.2;2.12;-0.13;0.18
201212;3.41;4.19;3.05;3.68;3.96;4.32;3.57;3.61;2.7;3.64;3.54;3.43;3.14;1.83;3.76;3.03;2.21;3.34;2.24;2.4;4.48;1.1;1.94;0.98;-1.35
201301;5.88;6.11;5.31;5.03;5.55;8.02;6.18;5.52;5.52;8.32;6.4;5.63;6.9;5.76;7.87;8.73;7.06;8.11;7.42;7.07;8.28;6.17;5.98;5.76;2.61
201302;-0.43;1.09;1.85;1.71;2.39;2.1;2.15;-0.09;1.45;0.57;2.95;0.45;0.02;1.68;2.04;0.3;2.33;1.13;0.33;2.15;2.52;1.36;1.38;1.52;0.98
201303;5.48;4.4;3.92;5.97;7.52;6.04;3.41;3.29;4.87;5.42;4.44;3.72;4.07;4.77;7.14;6.15;5.14;4.49;3.57;4.65;3.86;4.46;3.3;3.57;3.97
201304;0.15;0.14;-1.03;-1.41;2.54;0.2;-3.22;0.17;-0.37;-2.46;-1.19;-1.01;-0.97;-0.1;-1;3.12;0.16;0.02;-0.29;1.26;2.17;0.75;0.94;2.26;2.73
201305;4.37;6.07;5.53;6.31;5.87;6.95;6.5;5.03;4.14;4.46;2.82;3.97;4.44;4.86;5.6;3.37;1.5;4.86;3.22;3.83;6.73;1.6;1.96;2.56;1.79
201306;-0.07;1.24;1.12;0.17;0.64;0.19;0.08;0.02;-0.44;0.95;-0.65;-1.07;-1.56;0.07;-1.47;-1.97;-1.07;-1.57;-2.17;-1.87;-3.37;0;-0.17;-0.89;-2.67
201307;7.77;6.45;7.81;8.61;9.89;7.48;6.16;7.18;6.77;6.86;8.04;7.09;8.57;6.02;8.43;7.48;5.26;6.43;7.24;6.58;7.7;5.44;4.51;5.79;4.33
201308;-2.82;-2.73;-3.46;-2.31;-4.12;-2.53;-3.47;-3.86;-1.61;0.43;-3.53;-2.31;-3.17;-2.47;-3.5;-3.15;-3.62;-1.46;-2.62;-1.5;-2.5;-2.91;-3.16;-3.64;-1.5
201309;7.87;7.4;4.39;5.55;6.66;5.8;5.43;7.14;6.6;7.74;5.79;4.12;6.52;5.72;5.49;7.29;3.69;5.72;5.07;5.2;4.38;2.39;3.28;3.21;2.81
201310;-0.03;3.12;4.44;5.41;1.49;-0.77;1.85;3.68;4.64;3.71;0.71;3.32;4.57;4.94;5.11;1.88;3.15;3.34;3.77;3.65;3.08;4.57;5.11;3.72;5.43
201311;6.33;6.1;6.09;6.39;5.49;2.68;4.73;5.21;4.56;5.1;3.66;3.09;2.86;3.17;3.36;1.43;1.5;0.9;2.57;1.45;1.66;2.7;2.1;4.14;3.71
201312;3.19;1.43;1.05;1;1.48;3.25;0.95;1.24;2.25;2.74;2.62;3.23;2.84;3.16;2.2;4.28;3.27;4.56;2.29;2.26;3.17;2.77;3.24;2.52;2.1
201401;1.39;-3.23;-4.27;-4.91;-4.28;2.58;-5.81;-4.38;-5.47;-6.49;2.22;-3.15;-2.79;-3.96;-4.15;0.01;-1.5;-1.56;-3.17;-5.93;-2.99;-3.19;-1.29;-4.29;-4.72
201402;5.3;3.79;2.31;6.61;4.6;6.99;3.68;3.67;3.84;4.86;6.81;4.49;4.3;6.93;4.8;6.12;3.75;6.45;5.03;6.16;4.59;1.78;5.02;4.89;4.52
201403;-1.68;0.04;2.66;1;1.89;-4.6;1.9;1.91;1.24;0.73;-4.39;0.75;0.28;-1.65;1.21;-2.46;1.03;0.93;0.78;-0.66;0.52;2.5;-0.74;1.29;0.87
201404;-7.32;-4;-4.21;-3.59;-3.04;-5.91;-3.6;-3.25;-2.94;-1.53;-4.68;-3.67;-2.99;-2.47;0.15;-2.14;-0.83;-1.79;0;-1.8;1.05;-0.2;-0.52;0.43;2.13
201405;-2.32;0.92;-1;1.36;-0.06;0.32;0.11;0.53;0.22;-0.86;2.31;1.41;2.52;-1.38;1.6;3.42;0.78;1.94;2.56;2.72;1.22;1.44;2.89;2.12;2.37
201406;7.45;4.46;2.8;3.58;3.11;7.84;4.98;5.79;6.48;5.15;7.76;5.06;4.17;4.59;3.89;4.86;4.37;3.9;3.53;3.72;3.32;2.2;1.53;2.29;1.13
201407;-7.76;-5.47;-5.73;-3;-6;-4.47;-6.74;-5.85;-6.04;-6.08;-6.57;-5.58;-6.27;-4.44;-4.95;-6.31;-3.22;-3.74;-1.95;-2.09;-1.43;-3.31;-0.96;-1.71;-0.31
201408;3.44;3.86;3.48;4.43;4.3;7.41;3.98;3.64;3.8;5.68;6.57;5.05;5.53;3.78;4.77;7.41;5.11;4.34;5.12;4.58;5.99;4.03;3.16;3.53;4.67
201409;-6.77;-6.1;-5.26;-4.98;-5.18;-5.63;-5.56;-4.81;-5.52;-5.29;-7.19;-5.45;-6.21;-4.79;-3.64;-4.03;-4.06;-4.96;-3.16;-3.2;-0.83;-1.55;-1.3;-0.93;-1.22
201410;4.4;8.48;6.9;6.89;4.5;6.09;7.71;7.56;5.62;4.33;4.39;5.64;5.11;2.44;5.27;2.97;4.35;0.65;3.79;0.96;0.99;3.41;1.59;1.65;2.61
201411;-0.73;-1.53;-2.42;-1.26;-0.72;0.81;-0.54;-1.45;0.71;0.75;1.83;1.24;0.66;0.16;2.28;0.89;1.93;1.1;2.59;3.97;2.31;1.75;0.76;3.43;4.66
201412;4.8;4.62;5.43;5.51;5.46;3;3.02;2.4;2.12;1.01;2.02;1.85;0.75;0.54;-0.23;-1.49;0.65;0.16;1.85;0.39;0.04;-0.01;0.94;-0.56;-1.85
201501;-4.62;-4.23;-5.72;-3.6;-7.46;-2.27;-4.22;-5.25;-5.7;-3.55;-1.32;-4.19;-3.55;-2.8;-1.38;-1.29;-0.11;-3.21;-1.57;-2.84;-6.14;-2.87;-4.68;-2.53;-1.88
201502;6.55;4.51;5.74;5.76;3.37;6.44;5.88;7.87;7.26;6;8.11;6.28;6.73;8.99;7.51;9.61;6.1;7.77;5.32;8.15;7.26;4.34;6.2;6.01;5.59
201503;-0.5;2.89;2.58;2.7;1.9;0.99;1.9;3.62;2.38;2.06;0.43;1.82;1.83;0.99;0.87;-0.22;1.27;0.55;0.87;-0.02;-1.81;-1.71;-1.41;-1.92;-2.09
201504;-2.33;-1.76;-1.54;-3.78;-0.8;-2.92;-1.57;-2.66;-2.73;-0.96;-2.45;-1.4;-1.12;-1.12;-2.29;-0.99;-0.47;1.04;-1.12;-1.33;1.25;1.61;0.63;0.79;1.87
201505;3.41;-0.19;1.31;1.44;-1.02;4.65;1.32;1.73;1.36;2.92;6.72;2.76;3.02;0.87;0.49;3.36;2.11;1.58;2.88;-0.44;1.04;2.32;0.19;1.4;1.29
201506;2.4;2.91;2.7;3.8;2.26;-1.73;0.52;2.68;2.02;0.74;-1.68;-0.29;1.05;-0.48;0.26;-1.55;-1.13;-1.25;-0.75;-1.58;-2;-2.27;-1.5;-1.67;-2.25
201507;-5.4;-4.3;-3.42;-3.87;-7.99;-2.28;-1.64;-1.88;-1.17;-1.4;-2.1;0.11;-3.05;-3.09;0.1;2.11;1.73;2.1;-1.56;0.69;1.9;2.01;1.94;3.31;1.4
201508;-5.83;-2.77;-1.73;-6.36;-3.26;-8.58;-4.68;-5.15;-4.88;-5.8;-5.16;-5.24;-4.86;-4.92;-7.08;-11.2;-4.6;-4.96;-5.28;-4.58;-5.89;-6.11;-5.9;-6.86;-5.71
201509;-9.49;-3.68;-2.45;-4.53;-6.51;-8.19;-4.12;-3.7;-4.96;-6.25;-7.16;-3.74;-5.17;-5.2;-5.55;-7.39;-2.77;-3.31;-4.72;-4.08;-4.32;-2.85;-1.78;-2.5;-2.01
201510;5.53;4.77;5.79;5.44;6.33;4.42;5.28;6.02;4.9;5.7;4.87;6.26;6.74;7.06;5.06;4.81;6.3;4.33;7.54;6.79;6.56;7.11;10.1;9.24;7.13
201511;4.26;3.1;3.47;-1.02;0.91;8.7;4.72;4.61;1.99;0.75;2.52;2.76;1.46;1.4;1.04;3.08;1.67;1.53;0.44;-0.47;0.3;0.03;0.56;0.84;-0.34
201512;-5.53;-3.2;-3.65;-5.32;-6.1;-2.83;-4.87;-6.54;-5.65;-4.14;-4.35;-4.73;-5.35;-7.39;-4.45;-4.47;-3.05;-3.56;-3.97;-4.05;-3.13;-2.07;-1.16;-0.9;-2.13
201601;-13.53;-5.86;-4.77;-8.83;-10.27;-15.56;-5.83;-8.06;-8.27;-9.26;-14.12;-5.76;-7.76;-6.5;-6.85;-15.4;-6.47;-6.18;-6.83;-6.52;-8.32;-2.98;-5.01;-6.14;-4.55
201602;-1.41;-1.33;0.02;1.06;1.85;-2.9;1.23;2.04;2.59;0.7;-0.95;2.3;0.69;1.48;2.36;-2.25;0.17;2.6;-0.01;2.22;-1.52;-1.7;-0.2;-0.68;1.04
201603;7.07;6.35;4.77;5.89;7.96;7.61;7.75;7.46;8.82;9.56;7.33;7.32;8.45;10.79;7.4;9.89;8.81;6.95;8.55;8.13;6.85;6.42;6.94;6.11;7.07
201604;3.73;4.5;2.49;2.12;2.96;3.4;2.26;2.28;0.48;1.78;3;1;1.4;2.98;0.47;3.23;1.03;1.54;1.69;1.67;3.4;2.69;0.95;1.78;-2.32
201605;0.75;-0.76;0.07;1.61;-2.36;3.54;1.96;1.5;0.89;2;2.47;2.04;0.81;0.17;1.61;2.73;4.29;3.25;1.29;3.05;1.32;1.89;1.68;1.63;1.73