196307;-1.32;0.78;0.38;-0.3;1;-0.87;-0.39;0.26;0.74;-0.51;-1.08;-1.8;3.48;-1.51;-0.95;-0.98;-1.7;-1.34;-1.04;0.28;-1.54;0.63;-1.61;-1.88;3.84
196308;4.6;5.38;5.37;5.43;7.02;6.74;4.41;5.07;3.61;5.44;4.81;5.91;4.32;5.18;6.11;9.73;6.06;4.93;10.8;4.94;6.55;4.88;5.47;4.96;9.1
196309;-1.96;-2.18;-2.98;0.1;-1.09;-1.71;-0.44;-3.08;-0.25;-0.44;0.51;1.48;-3;-1.69;-2.41;0.11;-0.68;0.05;2.6;-2.92;-2.58;-3.4;-1.14;-4.18;2.13
196310;3.09;1.91;1.07;4.86;11.89;0.38;-0.1;-0.54;3.35;1.53;2.69;-2.03;0.93;1.33;1.9;2.72;3.77;3.61;7.29;-2.33;2.77;3.02;-1.85;-2.79;4.54
196311;3.36;-0.04;-0.73;-0.82;-5.38;-3.81;-1.04;-1.41;2.67;-0.97;-1.77;-1.41;-1.66;-0.2;0.48;0.16;-3.01;-1.66;-2.62;-1.44;-1.7;-2.15;-0.31;4.18;-1.65
196312;2.35;5.58;3.35;2.3;-0.09;4.62;2.03;1.76;2.15;3.25;2.45;0.81;2.41;1.52;1.92;0.24;2.56;0.83;-0.19;7.66;-0.28;4.62;-2.78;5.65;-1.99
196401;4.18;1.38;2.54;4.53;0.4;2.23;1.32;0.91;4.71;-0.63;-0.13;1.35;2.74;1.13;2.84;4.95;2.62;4.81;0.45;-1.46;3.99;1.52;1.77;0.57;4.71
196402;3.43;0.73;1.09;2.38;1.49;-0.45;2.04;1.76;0.02;2.92;1.75;1.89;2.36;1.59;-0.08;3.12;5.52;4.05;7.58;3.26;3.14;1.99;7.81;5.31;3.39
196403;1.8;4.4;0.07;1.32;0.28;0.53;1.22;1.62;0.2;4.21;5.82;4.5;3.88;3.21;4.29;7.98;5.16;5.98;3.67;0.2;8.68;1.01;-0.06;-0.28;8.27
196404;-1.26;-0.38;-0.35;-1.63;3.74;0.15;-0.03;1.62;1.99;0.54;-3.97;0.01;3.94;0.18;0.63;-4.79;0.09;-0.94;-0.33;5.09;-1.98;8.41;2.79;-6.03;-3.96
196405;1.92;0.84;0.35;2.82;3.17;-0.45;1.43;1.44;-0.12;1.69;-1.45;-1.11;3.19;2.81;1.09;2.82;2.47;4.4;4.99;4.51;2.76;6.42;-2.43;-4.66;1.05
196406;-1.56;1.65;1.97;0.91;1.34;4.64;1.81;2.09;3.72;0.53;-1.72;2.34;-0.44;1.59;1.21;1.04;3.45;1.28;1.47;1.31;2;1.09;0.59;4.48;-2.03
196407;3.33;1.1;4.65;0.06;0.55;2.05;4.19;-0.47;2.69;2.34;3.35;3.7;2.99;3.91;4.37;1.21;1.77;2.28;2.73;-3.17;2.98;0.66;2.09;0.41;1.23
196408;-1.13;-1.8;-0.28;-2.65;-1.68;-1.3;0.49;-2.01;-0.95;-2.1;1.21;1.15;-1.32;-2.29;5.64;-0.47;-0.36;0.69;-2.2;0.7;-1.8;-3.65;1.34;0.05;0.21
196409;3.76;4.95;3.56;0.69;4.93;3.56;2.41;0.12;4.72;4.09;2.48;4.22;3.1;5.24;7.87;2.16;4.55;6.47;4.3;2.17;3.78;3.37;1.02;11.03;2.4
196410;-0.57;-0.77;1.42;-1;1.31;2.83;1.92;0.35;2.6;1.84;0.84;1.4;1.86;-0.53;-0.86;3.61;-0.55;-1.29;3.57;-1.18;0.89;3.48;1.52;4.13;-0.15
196411;2.56;2.37;0.88;0.57;0.63;1.05;-0.17;-0.85;2.56;0.63;0.57;-0.23;1.81;2.34;-1.28;-0.04;-2.03;-1.34;2.35;2.06;-0.84;-3.31;-1.79;-4.02;1.98
196412;1.11;-1.24;1.47;-0.49;1.65;-1.95;-0.06;2.33;0.2;0.59;-2.07;-2.48;1.43;-2.93;1.05;-2.03;-2.62;-0.22;1.19;-3.39;-0.84;-3.41;-1.69;-1.79;-1.43
196501;4.83;5.01;3.26;7.08;5.61;4.11;4.04;-0.23;2.84;5.4;5.95;4.75;2.75;3.01;3.71;6.24;4.56;3.95;2.29;5.62;6.99;5.9;7.84;6.1;8.28
196502;-1.11;2.32;-1.08;1.51;3.56;2.15;1.39;-0.57;2.06;1.77;2.17;2.07;3.56;-2.14;0.57;4.02;1.01;1.92;-3.67;1.76;1.93;3.21;2.32;-1.07;4.67
196503;-2.62;-2.78;-0.66;-0.4;-2.45;0.27;-0.8;-2.29;0.14;-1.95;1.18;-0.79;-2.37;-1.02;-1.78;0.36;0.83;-0.69;-0.32;-0.9;1.84;-1.72;-0.84;2.46;0.34
196504;1.16;2.59;5.18;3.29;7.9;2.16;1.6;1.99;2.82;3.09;4.26;3.06;1.69;3.64;3.28;5.2;2.25;3.89;1.8;4.92;4.78;2.96;5.78;9.57;9.82
196505;2.09;0.25;-1.94;-0.23;-0.17;-1.23;-0.54;1.44;0.96;1.06;0.02;-0.32;-0.75;0.85;-2.73;0.56;-0.06;-1.55;0.39;0.47;-1.01;-2.17;0.11;-3.5;-0.73
196506;-5.06;-6.28;-4.26;-4.21;-5.86;-6.44;-4.45;-2.92;-6.1;-6.53;-8.49;-6.34;-4.6;-5.16;-8.82;-7.36;-3.6;-6.01;-5.61;-8;-9.03;-7.09;-8.5;-8.37;-8.67
196507;-0.26;2.28;0.69;1.4;2.82;2.17;-0.55;2.66;-1;3.87;6.19;0.21;3.94;1.64;4.14;2.94;4.05;2.58;4.05;4.58;3.4;5.4;2.26;6.04;4.34
196508;1.58;2.76;2.44;3.29;5.84;6.77;-0.57;3.3;1.85;4.01;2.66;4.63;3.92;4.94;4.49;3.31;1.64;1.66;3.5;2.58;4.04;1.23;1.63;5.78;4.06
196509;4.7;6.28;3.93;2.7;3.24;3.85;3.35;2.22;1.38;5.54;2.69;1.25;3.42;1.95;3.64;3.82;3.52;4.01;4.81;5.18;7.06;1.15;4.63;3.61;2.85
196510;1.73;4.81;2.13;2.56;4.28;5.68;1.42;0.02;-0.63;3.35;3.93;2.81;4.63;2.99;4.87;4.1;4.18;6.38;6.23;7.91;8.95;5.38;8.24;5.99;12.57
196511;-0.51;-4.68;0.97;1.28;2.81;1.34;0.04;0.73;-4.47;3.64;3.11;1.93;1.41;1.19;6.94;1.78;-0.71;1.13;3.82;3.94;2.95;-2.09;-2.03;1.41;7.87
196512;1.24;1.24;1.46;1.59;-0.16;-1.98;0.38;-0.06;-0.28;2.25;-1.13;1.2;0.99;4.66;4.31;3.98;2.1;4.59;3.44;2.08;3;6.62;-0.35;9.94;6.06
196601;-0.09;-1.6;-0.86;-0.3;1.59;4.65;-1.34;0.08;-0.68;3.92;3.97;-0.57;3.84;3.33;8.29;7.02;1.09;6.06;4.7;5.74;8.28;3.24;0.48;6.59;6.26
196602;-3.03;-2.89;-0.8;-2.43;3.92;-1.36;-3.82;-3.78;0.59;0.04;-0.32;-2.9;-0.15;2.31;1.67;-0.22;-1.13;0.99;-1.11;3.27;0.36;-0.29;0.42;-1.44;2.21
196603;-2.62;-3.4;-2.86;0.04;-0.18;-3.94;-1.62;-2.45;-5.29;-1.08;-1.86;0.17;-2.27;-2.82;-2.36;-1.75;-2.31;-3.4;-2.14;-5.47;-2.07;-5.39;-3.85;1.45;-3.8
196604;0.55;-1.02;2.31;2.56;5.81;0.32;2.27;2.86;1.17;4.46;2.61;0.73;0.73;4.74;3.11;6.27;3.26;1.5;8.23;8;3.2;-1.51;1.91;1.56;-0.68
196605;-4.3;-7.09;-4.94;-3.2;-4.18;-6.3;-3.53;-4.53;-3.77;-6.88;-5.75;-5.27;-5.8;-8.12;-5.48;-9.55;-6.34;-7.67;-7.28;-10.69;-9.03;-5.99;-6.71;-9.23;-10.13
196606;-2.25;-0.96;-2.14;-2.38;-1.34;1.02;-2.73;-3.72;0.88;0.84;-1.23;-0.49;0.42;2.25;0.87;2.3;2.62;-1.5;2.55;-2.54;-0.33;-0.98;-3.49;2.18;0.94
196607;-0.47;0.16;-0.27;-1.84;-3.25;0.3;-1.4;-1.6;-1.41;-2.74;-0.03;-0.76;-0.42;-1.12;-2.5;0.64;0.98;-0.92;1.69;-3.21;-2.61;0.44;-1.03;0.31;-1.6
196608;-8.38;-5.11;-8.16;-6.47;-10.52;-8.86;-7.35;-9.29;-7.43;-11.5;-6.28;-5.93;-4.66;-9.61;-9.3;-6.11;-7.75;-6.78;-7.84;-3.1;-8.27;-10.96;-9.28;-6.17;-5.5
196609;2.54;1.53;-1.07;-1.93;-2.42;3.01;1.36;3.02;-1.77;-4.52;-0.41;-0.22;3.47;-2.99;-2.93;-2.21;3.21;-4.04;-0.4;-1.61;-2.86;0.42;-0.32;-2.72;-3.09
196610;4.79;4.69;2.3;1.78;2.3;7.23;8.62;7.58;-0.52;1.3;2.58;9.67;7.55;6.5;2.95;3.79;6.98;4.56;4.1;-0.58;2.92;7.39;3.96;2.18;4.2
196611;0.15;2.61;1.85;3.46;10.89;-0.67;0.49;1.13;2.99;8.81;1.84;-3.27;-1.57;0.65;2.89;0.27;-0.49;-1.63;1.12;-0.72;-1.16;0.65;1.1;-5.16;-2.15
196612;2.61;0.54;-0.74;-0.02;-2.11;3.97;-0.44;-0.14;0.41;1.31;1.76;1.52;1.16;0.83;5.91;2.15;-1.56;2.69;1.83;-0.78;1.05;0.94;0.75;-2.08;-1.1
196701;6.56;4.86;6.88;9.39;8.91;2.91;5.9;7.65;8.99;13.83;10.99;4.57;5.62;9.52;10.57;11.39;6.92;10.54;13.17;13.97;17.7;14.04;9.06;19.4;13.99
196702;1.58;1.92;-0.57;3.26;3.39;0.04;-0.03;0.87;0.71;1.22;-1.72;-0.83;-0.69;0.48;3.84;1.08;-1.96;-0.63;-0.76;0.71;0.47;-1.45;2.37;-0.79;0.93
196703;3.17;3.03;4.61;4.84;4.62;2.77;1.75;2.65;5.16;6.52;2.32;4.04;1.9;4.11;7.59;4.31;3.92;6.65;6.93;7.05;5.3;5.34;8.7;11.49;7.71
196704;2.22;3.35;4.03;8.76;7.14;2.81;1.7;2.08;4.46;4.8;1.05;-0.2;2.78;1.5;2.21;3.55;4.28;1.64;4.2;6.7;2.22;2.76;3.65;6.06;5.65
196705;-0.99;-1.73;-4.53;-6.02;-5.91;-3.07;-4.72;-3.97;-1.66;-4.06;-2.78;-4.24;-4.27;-2.95;2.39;-3.82;-4.52;-0.56;-3.99;-2.02;-2.3;-3.35;-2.67;-6.89;-3.22
196706;1.93;1.92;-0.15;1.72;4.24;-0.15;1.98;0.5;2.52;2.3;3.4;1.88;1.06;1.81;6.75;4.42;2.26;5.36;4.87;8.42;4.01;3.66;7.85;2.4;4.87
196707;8.13;2.63;9.5;2.14;4.43;8.1;3.28;4.91;6.58;1.79;8.42;-1.04;8.36;6.76;3.67;7.05;4.1;6.21;6.52;10.39;9.94;7.64;10.48;7.49;12.21
196708;-1.42;0.09;-0.53;-0.04;-1.35;-0.19;-1.74;-0.05;-1.09;-3.65;-1.76;-1.62;-2.13;-1.57;1.94;0.31;1.08;-0.45;1.67;-0.33;2.9;0.95;4.39;-0.02;0.84
196709;0.46;-0.09;2.99;3.93;5.76;4.92;2.62;0.66;5.88;-2.05;3.25;3.55;3.3;3.31;2.23;1.66;2.29;2.6;6.62;2.67;1.05;2.62;4.32;-0.41;5.53
196710;-3.15;-5.66;-4.38;-2.51;4.06;-5.32;-5.71;-4.02;-1.43;-3.11;-5.07;-1.96;-2.46;-5.59;-6.86;-4.76;-5.14;-3.89;-4.57;-3.66;-7.45;-4.59;4.76;-1.43;-4.2
196711;-0.29;2.52;1.55;0.71;2.14;-0.58;-0.4;1.77;-0.49;2.5;-0.14;0.1;1.31;-0.97;1.58;-1.69;-2.55;-0.84;-1.17;2.01;-2.24;-0.91;2.52;0.07;4.52
196712;3.86;4.91;-0.04;2.1;2.65;2.73;5.54;2.23;3.65;3.32;3.47;1.64;3.36;6.95;4.18;3.85;5.06;7.76;5.95;6.97;5.44;3.6;4.99;10.02;5.47
196801;-0.75;-2.18;-5.9;-5.29;-9.16;-3.75;-2.42;-3.95;-6.68;-8.55;1.66;2.48;-3.09;-3.44;-1.29;3.1;-0.45;-0.47;-3.59;-5.67;1.59;-3.36;-1.54;7.3;2.85
196802;-1.78;-4.59;-3.01;-3.18;-3.81;-2.33;-1.9;-2.37;-3.77;-3.64;-2.12;-1.75;-2.53;-4.47;-5.94;-0.86;-1.87;-5.85;-6.49;-5.48;-2.24;-3.34;-6.05;-5.38;-8.63
196803;-0.6;-0.32;1.44;2;4.94;-0.66;-3.16;-0.06;-2.66;-0.83;0.04;-0.6;0.34;-2.28;-0.27;-2.83;-1.09;0.65;-1.43;-1.7;-1.48;2.69;-1.46;-4.16;0.22
196804;9.62;6.83;10.19;12.35;12.22;8.12;6.08;7.32;8.55;10.51;8.31;2.49;4.5;8.65;13.09;8.98;8.7;12.01;13.53;12.37;12.11;12.67;13.63;11.68;15.59
196805;0.73;1.51;-0.96;2.91;4.77;0.88;0.13;0.79;4.84;4.79;3.58;-1.22;0.8;3.75;2.74;2.21;2.27;2.67;3.59;2.66;7.47;3.25;2.51;4.78;8.44
196806;1.02;4.73;-0.41;-0.65;-1.01;1.1;4.53;2.22;-0.97;-1.57;6.88;4.02;3.38;2.11;2.43;1.55;3;3.77;2.1;-0.1;-0.28;-2.78;2.21;1.89;-3.7
196807;-3.47;-6.09;-6.18;-5.03;-5.71;-1.85;-1.84;-2.26;-0.45;-1.44;-2.92;-2.45;4.74;-1.98;-3.98;-0.19;0.75;0.94;0.78;-1.59;-1.18;0.6;-1.92;6.08;-2.94
196808;2.16;0.69;1.12;0.7;2.4;1.35;-0.57;0.21;2.22;1.14;2.23;2.09;1.42;3.23;2.26;4.25;1.42;1.71;1.7;2.88;1.95;5.14;4.64;2.58;6.56
196809;6.71;4.33;2.4;2.14;2.86;5.42;5.16;4.08;6.93;5.31;6.52;3.85;1.22;2.48;7.09;7.22;3.76;3.74;5.44;10.35;9.37;4.31;5.71;9.63;8.03
196810;0.31;-1.77;2.51;-4.16;-1.1;5.27;-0.42;-0.49;0.1;1.98;0.96;1.73;2.23;2.19;2.61;0.5;3.37;3.33;5.66;-0.65;2.92;-0.87;3.15;0.25;-0.32
196811;1.46;4.53;6.16;8.11;6.93;-1.85;6.42;5.75;8.81;5.18;9.34;5.98;5.26;7.45;5.96;4.35;6.61;6.66;4.15;3;2.33;7.43;5.5;7.5;12.18
196812;-0.65;-5.93;-5.23;-5.03;-4.14;-3.74;-4.96;-3.33;-5.45;-3.85;0.17;-2.48;-3.83;-3.65;-2.32;-1.43;-3.77;-2.38;-1.01;-3.48;-0.72;-3.57;-2.01;-4.02;-2.43
196901;-2.27;-0.55;-0.85;-2.94;-2.74;-0.46;0.25;1.35;0.35;-2.52;0.77;0.59;1.29;-0.72;-1.88;-2.68;1.06;-0.2;-1.9;-2.26;-0.49;-0.78;3.41;1;-2.94
196902;-4.2;-3.45;-4.26;-3.08;-7.32;-1.81;-6.12;-5.99;-5.36;-3.81;-9.27;-4.85;-3.46;-7.44;-6.51;-5.95;-5.03;-6.48;-4.57;-7.6;-6.23;-6.42;-8.46;-6.37;-7.92
196903;-0.11;4.99;5.49;5.76;1.7;3.96;1.11;1.02;-0.24;3.59;2.13;1.71;4.28;4.36;1.6;0.9;1.77;0.46;5.62;2.5;1.96;2.1;6.79;13.2;8.6
196904;-1.51;5.27;3.9;3.12;3.73;0.23;1.14;2.7;3.28;-0.83;3.16;1.91;0.4;-2.01;2.63;0.81;5.18;-0.84;0.25;-2.72;0.32;4.17;-0.07;2.66;0.34
196905;-1.71;-0.65;1.46;-1.41;-0.47;1.53;-0.54;1.04;0.41;-1.01;-0.24;0.48;1.24;3.24;-2.05;-0.23;2.26;-0.27;2.21;0.47;-1.82;0.73;-0.74;2.31;-7.33
196906;-6.97;-4.72;-4.43;1.43;-6.38;-5.75;-6.55;-7.8;-8.86;-8.94;-9.17;-4.54;-8.06;-9.13;-8.51;-9.46;-6.83;-6.16;-8.3;-9.79;-9.04;-6.68;-9.05;-11.42;-12.44
196907;-7.38;-7.04;-3.51;-3.71;-8.31;-6.2;-5.58;-6.99;-7.49;-9.19;-8.3;-5.87;-6.07;-7.17;-11.52;-4.24;-7.02;-9.31;-7.51;-4.29;-6.32;-4.68;-8.36;-7.02;-9.19
196908;2.49;7.48;6.46;7.02;9.35;3.97;1.96;6.01;7.51;9.03;6.8;1.97;5.07;4.32;7.9;4.29;3.84;5.18;1.86;1.6;2.02;1.91;2.85;2.15;3.99
196909;1.25;0.47;2.59;-0.98;-2.49;-2.16;-0.95;-2.97;-1.34;-2.76;-3.93;-0.95;-2.95;-4.93;-3.47;-6.76;-5.11;-6.29;-1.51;5.2;-1.79;-4.36;-3.1;-9.96;-4.61
196910;9.25;9.57;6.54;6.18;7.38;5.84;5.16;6.07;6.22;7.7;4.48;5;7.71;3.52;9.54;3.42;5.41;1.74;3.18;7.19;7.45;2.94;7.21;4.65;2.83
196911;-6.13;-0.7;-2.74;-1.27;-2.26;-5.06;-4.56;-2.57;-4.46;-4.41;-2.48;-3.58;-4.19;-4.24;-6.53;-4.83;-5.79;-4.85;-2.26;-3.13;-6;0.01;-6.17;-3.7;-7.67
196912;-4.69;2.26;1.42;1.89;-3.76;-3.82;-2.51;-0.46;-2.37;-3;-3.81;-1.54;-2.73;-0.34;-3.94;-3.27;-2.37;-1.4;-3.62;0.13;-4.84;-5.72;-4.03;-4.38;-5.47
197001;-6.47;-6.99;-7.73;-7.58;-11.19;-8.26;-4.92;-7.31;-8.96;-9.64;-8.06;-6.28;-7.88;-9.89;-13.08;-7.12;-5.87;-10.1;-10.61;-4.03;-4.35;-2.69;-6.97;-11.68;-4.27
197002;11.7;5.02;3.26;3.41;3.1;7.96;2.06;6.65;3.63;5.61;5.26;8.02;10.33;5.7;12.01;7.75;7.37;6.04;9.44;5.45;7.31;8.22;9.34;5.75;5.82
197003;-3.45;-4.36;-3.13;-1.84;-4.21;-0.24;0.81;1.14;-2.59;-4.57;0.86;3.79;1.5;1.98;-1.14;0.83;0.81;1.33;-1.29;2.07;1.63;2.15;1.55;-0.01;0.14
197004;-18.16;-12.4;-9.2;-11.29;-17.56;-12.16;-5.29;-10.37;-12.88;-15.2;-7.99;-7.58;-11.04;-10.74;-17.67;-7.87;-8.41;-7.33;-8.26;-3.97;-9.66;-7.64;-7.57;-11.64;-10.7
197005;-11.76;-9.85;-7.79;-8.19;-10.26;-5.51;-3.16;-7.46;-10.28;-13.29;-6.77;-5.42;-8.53;-4.14;-7.66;-2.66;-3.45;1.96;-5.83;-11.7;-5.2;-4.24;-6.8;0.34;-10.32
197006;-5.38;2.07;-5.57;-6.73;-8.88;-5.58;-1.44;-3.3;-9.01;-8.87;-2.06;-3.32;-5.31;-3.91;-13;-3.69;-4.06;-2.59;-0.07;2.42;-10.48;-8.67;-5.19;-1.27;-17.01
197007;12.05;8.71;1.55;7.82;4.03;7.65;8.53;9.51;5.24;8.27;11.35;8.66;8.93;7.18;6.51;9.69;10.82;10.25;7.34;11.74;5.7;7.25;8.73;7.36;12.36
197008;3.53;2.63;2.81;4.46;7.77;3.8;8.01;4.25;6.47;4.19;3.63;3.25;6.68;4.59;2.04;3.99;6.75;2.77;7.45;9.16;6.9;6.11;5.53;8.1;4.97
197009;7.3;6.26;7.78;5.61;12.1;8.14;-0.58;3.63;5.72;6.26;1.44;5.22;-1.34;0.73;11.71;3.95;1.44;-0.72;4.21;8.11;5.31;5.06;5.43;10.59;9.07
197010;0.24;0.19;0.99;-1.17;-4.13;-2.05;-2.36;-2.19;-2.02;-0.01;-2.6;-4.84;-2.68;-4.35;-9.83;-2;2.31;-3.1;-1.98;-1.83;-3.86;-4.31;-3.31;-8.81;-9.85
197011;3.77;7.86;4.4;3.5;4.82;4.8;6.67;5.43;5.94;3.49;4.3;4.8;5.43;5.26;4.29;4.19;5.92;6.54;5.37;2.77;2.95;8.39;1.95;0.87;3.01
197012;6.87;2.48;5.48;6.91;3.83;6.42;5.54;8.57;7.83;7.28;7.56;8.76;7.29;8.42;9.8;6.72;4.31;7.14;10.89;6.16;9.92;6.45;6.71;9.98;6.61
197101;7;4.2;2.27;4.25;8.19;7.35;3.97;7.07;4.15;8.06;6.99;3.96;4.23;3.52;9.61;6.23;-0.37;9.14;5.95;8.2;6.1;8.74;6.37;15.86;18.62
197102;7.89;-0.32;2.51;4.19;2.15;1.85;0.85;1.06;1.61;1.67;-1.68;-0.44;0.61;3.48;3.89;2.35;4.59;-4.28;4.06;0.31;2.72;0.07;1.16;-1.43;3.39
197103;3.97;5.37;5.51;6.46;8.32;6.06;2.2;5.38;3.4;7.47;3.8;5.04;5.1;4.14;5.8;3.8;2.14;0.33;4.45;0.2;2.15;2.7;4.3;4.09;6.3
197104;7.74;3.77;2.13;4.14;4.51;3.94;6.14;4.58;1.19;5.38;5.71;0.53;0.29;-0.02;3.96;-0.07;4.39;0.62;5.93;3.52;5.82;6.65;4.73;10.38;8.42
197105;-1.46;-1.26;-3.82;-2.96;-1.32;-4.17;-3.92;-3.69;-2.92;-5.91;-3.51;-4.24;-3.88;-5.24;-5.15;-3.54;-4.7;-5.15;-6.08;-0.93;-3.99;-3.8;-4.97;-3.77;-7.99
197106;1.5;1.34;-0.39;1.82;2.68;1.36;-2.51;1.93;1.48;-1.27;-1.39;0.53;-0.1;-0.33;0.12;0.01;0.18;1.33;1.03;1.36;-0.1;-2.07;-3.73;-3.25;-4.75
197107;-4.25;-4.99;-1.5;-5.03;-5.02;-3.71;-2.97;-3.31;-4.9;-6.92;-3.08;-4.62;-2.22;-6.07;-4.41;-7.23;-4;-3.63;-3.33;-2.64;-8.71;-5.24;-0.87;-12.2;-8.07
197108;8.83;9.08;6.47;4.89;3.01;7.85;5.07;2.84;3.53;8.1;3.22;2.85;-3.08;0.67;2.28;6.71;4.83;3.42;0.65;2.52;9.56;12.19;9.13;11.42;10.45
197109;-0.44;1.1;0.95;0.09;0.85;-3.64;-0.32;-1.25;0.13;-1.09;-0.72;-0.26;-1.13;-1.82;-1.11;-1.18;-2.57;-1.06;-0.5;-1.76;-3.23;-3.5;-1.67;-2.41;-3.08
197110;-5.92;-5.39;-3.51;-1.58;-4.73;-1.73;-5.78;-5.37;-2.93;-7.8;-6.61;-4.97;-3.36;-2.06;-1.41;-5.32;-5.69;-3.14;-1.98;0.36;-5.53;-6.61;-4.8;-1.49;-5.52
197111;1.01;-0.2;1.18;1.15;0.56;3.8;-1.26;-1.16;1.4;-0.65;-1.31;-2.94;0.26;-1.04;-1.75;-2;0.55;-1.96;-0.66;-1.94;-1.7;-3.48;-2.68;-0.88;1.18
197112;4.05;6.4;8.91;10.1;10.85;5.11;10.62;11.13;8.94;9.91;9.4;11.11;8.58;9.12;10.21;11.23;8.25;7.8;7.04;6.86;13.41;9.97;10.75;11.1;9.26
197201;1.18;3.08;1.85;3.82;3.88;4.86;-0.31;0.44;2.36;4.14;0.91;-1.24;0.27;1.38;1.72;8.22;1.36;3.31;0.56;5.1;15.02;7.85;4.77;8.59;6.51
197202;0.62;2.45;8.33;3.11;5.89;3.88;3.53;2.17;1.92;2.97;2.71;2.25;1.34;0.57;1.11;2.32;2.48;2.05;-0.94;-0.91;3.21;0.57;-2.89;6.67;2.81
197203;4.63;3.69;3.23;1.86;1.24;-0.69;0.49;1.28;0.42;1.14;-2.4;2.51;-4.25;-1.29;-1.82;-0.05;-2.7;-0.37;-0.75;-3.71;0.07;1.66;3.07;-0.07;-1.24
197204;-3.75;1.51;1.36;1.1;1;-1.72;0.7;0.56;0.54;1.82;1.66;0.18;-0.81;-0.88;1.16;2.92;-1;2.39;-0.38;-0.04;0.78;1.22;0.16;-0.43;1.17
197205;-2.52;2.59;3.42;3.44;4.93;-1.22;-1.62;-1.24;0.33;-1.34;-0.4;-1.19;5.03;0;-1.43;-1.51;1.27;0.74;0.32;-1.64;-0.75;-3.56;-3.6;2.03;1.3
197206;-2.37;-3.04;-0.74;-0.29;-0.91;0.49;-1.91;-2.55;-4.11;-2.66;-5.03;-2.25;-2.54;-1.92;-3.33;-2.71;-2.18;-2.95;-2.79;-2.4;-1.92;-6.23;-4.27;-13.27;-8.31
197207;-1.34;1.69;1.68;1.09;0.15;-2.71;1.12;-5.82;0.61;-1.96;-1.11;-2.12;0.12;-1.17;-0.17;-4.37;-1.87;0.9;-1.46;0.03;-2.86;-0.52;-2.69;0.46;-6.7
197208;-0.93;2.84;-1.79;2.11;-0.02;5.75;4.87;4.4;5.03;5.48;5.05;8.85;6.27;4.4;3.85;7.55;8.98;7.81;8.34;2.1;5.58;5.46;8.65;2.21;3.77
197209;-7.38;0.18;1.37;-0.18;-0.69;-3.07;-0.76;-3.14;-2.62;-1.4;-4.26;-3.34;-0.83;-0.25;0.16;-2.67;-0.6;-0.99;3.1;-1.03;-3.42;-3.79;-4.1;-1.38;-4.75
197210;-1.12;1.47;1.62;-1.17;2.22;1.02;1.92;1.56;2.91;-3.53;-1.72;3.2;2.27;1.14;3.06;-0.77;2.15;1.07;2.94;1.61;-0.61;-0.2;1.28;-0.7;-4.74
197211;3.6;1.48;1.97;3.06;0.64;5.6;3.97;7.29;3.45;9.73;7.97;7.53;5.83;7.99;4.74;9.63;8.72;9.27;6.35;7.71;10.36;12.05;10.03;3.46;13.3
197212;-2.42;1.79;3.79;3.61;3.13;-1.85;-0.37;-1.13;1.28;-0.89;-2.84;2.4;-0.96;-2.37;-0.51;-2.3;-2.6;0.78;0.53;-2.69;-1.88;-3.08;-1.51;-2.05;-7.42
197301;-9.47;-6.47;-2.91;0.1;-3.96;-2.03;-1.06;-5.56;-5.56;-5.53;-5.72;-2.67;1.21;-5.26;-5.66;-4.39;0.03;-2.51;1.99;-4.37;-4.38;-4.62;0.15;-2.06;-5.16
197302;-12.17;-4.5;-3.11;-1.89;-3.69;-3.77;-7.62;-5.62;-3.33;-3.96;-6.07;-6.12;-4.85;-4.49;-5.35;-4.21;-3.96;-7.9;-5.58;-3.19;-4.92;-4.54;-1.54;-3.82;-4.89
197303;-8.52;-0.98;-2.27;-0.32;-1.59;-3.08;-3.47;-0.96;-0.64;-2.54;-2.86;2.97;2.43;-1.28;-1.78;-0.74;-0.16;0.73;1.98;-0.46;1.54;1.09;1.18;-2.48;-2.14
197304;-7.11;-3.29;-4.68;-6.49;-8.13;-1.59;-6.78;-6.56;-4.38;-3.34;-4.66;-2.43;-1.2;-3.91;-3.31;-6;-2.39;-3.29;0.96;-3.66;-6.14;-2.87;-2.94;-1.19;-6.19
197305;-11.15;-1.87;-0.52;-0.52;-0.12;-5.03;-5.35;-2.7;0.89;-5.26;-4.36;-1.06;-1.77;-2.13;-1.22;-1.96;0.09;-4.68;-4.03;-1.56;-7.31;-4.43;-7.26;-4.83;-11.95
197306;-7.49;-2.84;-0.17;0;-1.83;-3.36;-2.14;-1.21;0.29;-1.86;-3.63;-0.52;1.59;-1.2;-2.2;-4.48;-0.83;-1.69;-0.12;-3.12;-3.45;-2.71;0.69;-2.9;-3.08
197307;7.99;6.68;7.78;4.24;12.76;4.23;6.25;8.71;5.68;9.87;8.57;2.02;-2.18;3.5;7.27;6.66;6.83;0.96;0.99;2.84;7.33;4.88;8.76;5.97;10.92
197308;-2.24;-3.96;-4;-3.09;-4.32;-1.6;-2.08;-4.11;-3.88;-2.88;-4.64;-4.19;-3.61;-1.95;-2.66;-2.46;-2.47;-3.08;-2.72;-4.59;1.23;-1.63;-3.78;0.13;-6.4
197309;5.2;4.2;4.94;-2.38;5.93;6.13;10.53;10.57;10.69;8.03;9.72;8.3;8.79;9.53;13.05;14.13;9.52;8.89;3.79;8.7;9.76;10.46;8.39;3.57;11.28
197310;0.09;-0.86;-0.4;1.09;-2.06;-1.22;2.7;-3.77;-0.53;0.15;5.63;2.6;-0.83;-2.1;-1.41;-0.07;2.62;-4.31;-0.81;-1.47;4.3;3.63;-1.24;-2.99;-0.14
197311;-16.44;-11.34;-10.79;-10.87;-16.97;-15.41;-13.75;-14.41;-18.84;-12.19;-14.41;-10.44;-12.47;-12.57;-13.67;-9.29;-14.66;-6.09;-11.21;-12.15;-10.38;-11.55;-18.68;-13.31;-19.31
197312;-4.47;-1.66;-1.83;-2.86;0.48;0.66;3.51;-2.23;-1.22;1.91;5.67;5.05;9.39;4.55;2.47;6.5;2.94;5.39;-1.07;3.04;6.94;10.36;2.1;4.74;-0.56
197401;1.18;-0.87;0.14;-2.14;-1.54;3.73;-0.99;2.31;5.8;1.34;4.45;-3.32;-2.21;3.59;4.28;-0.72;6.91;1.76;7.56;6.71;5.51;2.26;9.71;4.5;8.66
197402;-1.12;-0.86;-1.4;-1.66;-1.13;1.42;3.35;0.78;-0.97;0.69;4.75;-0.74;-1.99;1.19;2.28;-0.45;0.6;3.59;3.11;1.13;4.28;3.09;5.15;0.04;1.65
197403;1.12;-3.05;-2.36;-0.71;-2.82;-1.38;-2.83;-4.08;-3.27;-3.14;-3.74;-1.83;-1.77;-4.82;-3.94;-2.47;-1.78;-2.92;-3.87;-2.38;-2.45;-3.83;-2.27;-2.76;2.03
197404;-3.49;-4.23;-3.13;-3.25;-4.2;-5.4;-1.77;-5.65;-6.82;-5.88;-4.36;-4.07;-4.66;-7.6;-7.74;-3.04;-4.38;-6.17;-10.32;-7;-1.25;-2.15;-14.58;-7.82;-6.52
197405;-3.84;-4.42;0.85;-0.57;-3.3;-0.63;-5.19;-7.53;-5.92;-9.13;-6.13;-4.14;-5.53;-8.51;-8.6;-7.05;-4.51;-2.04;-8;-7.08;-8.79;-6.2;-9.58;-5.95;-9.7
197406;-4.1;-1.22;-0.3;-1.21;-4.34;-0.88;0.25;-3.24;-5.11;-8.55;-0.98;-1.81;-0.32;-5.51;-7.22;-1.79;-3.15;-1.75;-6.03;-5.11;1.91;0.77;-3.2;-8.95;-2.63
197407;-4.44;-11.55;-9.96;-11.26;-11.39;-3.17;-4.34;-5.57;-1.88;-5.42;-3.35;-1.87;-5.53;-0.35;-3.79;-4.53;-2.3;-2.97;-2.98;-5.07;-2.49;2.15;-6.56;-5.93;-3.86
197408;-7.81;-6.25;-11.07;-10.74;-9.48;-5.5;-10.93;-5.81;-8.61;-12.87;-6.35;-9.04;-1.95;-8.55;-9.67;-5.55;-6.8;-6.32;-8.91;-10.4;-6.69;-7.3;-8.62;-7.98;-8.4
197409;-7.54;-13.26;-12.87;-14.67;-17.94;-12.37;-8.32;-7.67;-11.41;-8.5;-8.04;-5.26;-4.2;-7.25;-6.66;-4.34;-4.95;-6.83;-5.44;-8.93;-7.82;-6.09;-7.75;-8.54;-7.86
197410;18.84;29.07;19.15;22.55;23.89;24.53;14.3;11.95;14.08;9.39;16.64;11.98;11.86;12.01;10.11;11.01;10.62;7.96;9.61;6.55;13.12;8.31;-6.73;8.08;11.11
197411;-0.22;-0.69;-4.81;-5.12;-5.13;-0.9;1.6;-3.56;-4.92;-4.8;-2.04;-3.66;-3.76;-4.22;-3.87;-1.95;-3.08;-4.16;-4.98;-3.66;-3.49;-4.2;-7.01;-8.16;-7.47
197412;-1.54;-1.38;-3.2;-4.31;-6.17;-1.26;-1.14;0.09;0.55;-6.75;0.7;0.83;0.59;-1.41;-7.82;-1.93;-1.4;-4.04;-3.23;-7.97;-6.02;-6.11;1.33;-7.26;-9.32
197501;13.52;2.95;11.1;7.92;15.2;6.96;15.37;14.91;17.85;25.37;16.16;18.53;13.84;21.88;26.17;19.1;19.2;29.59;23.75;31.83;24.94;22.85;22.08;36.55;31.49
197502;4.78;9.31;8.6;13.24;6.3;1.56;2.49;2.08;4.77;4.14;3.19;1.57;3.96;2.46;2.2;4.4;2.45;2.09;3.29;2.49;4.27;2.02;-5.56;7.29;1.38
197503;5.69;3.28;1.41;3.57;5.16;4.13;5.22;3.07;1.06;8.31;6.43;1.39;-1.81;1.11;3.9;3.87;8.52;4.87;3.83;8.31;3.95;7.63;9.45;13.74;5.55
197504;7.42;3.35;2.67;8.18;8.58;6.49;0.6;5.61;5.98;4.53;-0.64;2.3;-0.1;3.75;3.46;3.9;5.16;4.4;2.97;4.57;7.19;5.01;-0.5;-2.63;4.35
197505;6.42;8.76;5.37;4.56;4.79;9.03;9.11;6.81;9.5;3.57;9.99;4.88;4.08;8.08;4.69;5.98;0.55;3.78;5.22;9.11;2.77;2.28;4.71;5.31;9.51
197506;6.77;4.13;4.45;3.04;3.51;4.6;7.48;8.1;5.25;8.33;3.73;7.86;4.29;7.46;9.71;8.18;5.6;10.45;10.71;7.61;5.08;6.77;9.24;6.55;6.57
197507;-4.26;-7.42;-9.67;-7.59;-6.89;0.4;-7.4;-4.59;-4.21;-5.28;-3.92;-4.18;-4.68;-4;-4.12;-5.37;-4.11;-3.29;-5.11;-5.16;-2.7;-4.94;-2.31;-5.21;-4.43
197508;-4.86;-2.62;-1.84;-2.32;-2.59;-2.91;-3.62;-2.63;-1.32;-1.48;-5.14;-3.3;-0.14;-3.6;-2.75;-3.6;-0.98;0.76;0.09;-0.75;-5.72;-3.83;-5.19;-5.69;-8.02
197509;-4.44;-3.38;-2.94;-5;-5.95;-0.73;-2.97;-1.43;-2.4;-1.99;-5.2;-3.12;-2.65;-5.4;-1.54;-6.39;-4.33;-1.85;-3.31;-3.59;-4.99;-2.75;-7.49;-5.02;-2.68
197510;8.13;10.35;8.86;7.18;3.86;9.04;4.43;6.59;4.61;2.52;4.68;6.17;4.52;4.08;4.02;4.94;9.04;3.86;4.95;2.04;3.64;4.02;0.16;3.93;1.81
197511;0.23;6.53;5.06;1.73;1.43;3.05;3.59;3.11;2.58;0.73;3.79;5.62;4.34;4.9;-0.28;2.48;4.93;4.06;3.8;7.11;4.1;4.05;5.06;2.04;2.59
197512;-3.34;-3.47;-3.44;-1.48;-2.03;1.23;0.08;0.52;-0.23;1.56;-1.71;-0.98;1.91;1.48;-0.04;-0.16;0.69;0.59;-1.05;-0.29;-0.56;2.54;0.61;-3.09;1.83
197601;17.63;8.74;11.95;8.78;12.93;11.85;10.8;9.9;14.39;9.02;20.42;16.58;14.57;13.9;15.15;22.24;18.36;17.76;15.48;21;23.15;20.74;23.69;29.51;21.34
197602;5.13;-2.65;-1.52;-2.16;-1.7;3.95;4.5;1.58;-0.16;1.64;6.04;2.71;3.24;3.94;-1.63;5.09;4.12;1.09;2.26;9.71;13.49;9.68;11.08;8.81;10.63
197603;2.55;4.29;3.36;1.96;2.12;5.8;3.11;2.02;2.32;3.37;3.44;0.25;-0.15;1.92;6.45;0.55;4.42;1.43;1.22;1.15;2.95;0.89;4.52;1.67;0.21
197604;-4.06;-4.58;-3.18;-0.77;-1.09;-0.5;-2.11;0.97;0.41;-0.35;-1.34;-1.1;1.08;-2.06;3.1;-1.67;-0.91;1.91;-0.39;-1.72;-2.56;-1.4;0.22;-1.32;-1.38
197605;-2.41;-3.61;-1.06;-1.34;-0.39;-1.58;-1.1;-1.62;0.35;4.31;-0.94;-2.07;-1.13;-0.68;-0.24;-1.23;-4.92;-2.44;-1.59;-1.16;-2.33;-0.94;-1.87;-0.34;-2.54
197606;10.18;3.34;5.83;3.13;3.89;2.2;7.09;3.6;4.2;4.48;5.42;7.22;4.36;8.8;5.12;7.89;5.3;2.98;5.74;8.63;5.18;3.9;3.01;6.28;5.36
197607;-1.13;-1.32;-0.75;-1.99;-1.5;2.29;-0.92;0.87;0.62;-2.06;-2.42;-0.98;-0.43;1.24;0.77;0.08;-0.91;1.45;1.7;-1.44;2.12;1.18;0.15;3.46;0.35
197608;-2.86;-2.75;0.13;0.73;-1.73;-1.99;0.85;0.66;0.19;-0.77;-1.36;-0.32;0.65;2.82;0.75;-3.74;-2.05;0.73;-0.95;-0.27;-2.51;-0.68;0.71;-1.21;-1.02
197609;0.45;0.43;1.5;1.15;2.93;-0.74;2.67;4.63;3.75;3.45;2.46;3.54;3.65;2.37;4.56;2.39;3.73;3.52;3.64;3.32;0.48;0.5;0.76;1.69;2.2
197610;-3.81;-4.05;-1.69;-2.55;-2.31;-1.38;-1.67;-2.29;-1.33;-3.2;-4.09;-3.45;-2.08;0.69;-0.41;-1.09;-2.61;-3.1;-1.98;-1.08;-3.35;-4.65;-3.34;0.65;-0.77
197611;2.51;-1.44;0.45;-1.28;-0.61;3.88;2.36;1.18;0.86;0.37;3.16;1.87;1.94;2.32;3.84;2.09;1.1;2.57;3.22;4.1;2.81;2.21;6.79;3.67;5.22
197612;7.64;6.57;5.53;4.15;3.58;8.31;6.25;7.52;8.29;6.8;10.1;7.63;6.67;5.59;5.02;10.45;9.13;8.16;7.59;9.94;11.41;8.73;8.34;8.24;9.15
197701;-5.25;-5.73;-7;-6.7;-7.9;-1.23;-3.17;-2.43;-2.99;-2.47;-0.04;0.22;-0.76;-0.67;-3.02;1.15;-0.32;-1.49;0.83;1.95;3.51;3.3;0.78;1.08;2.06
197702;-4.27;-2.04;-1.62;-0.31;-2.69;-2.75;-1.18;-2.89;-3.18;-2.31;-1.11;-3;-0.98;-0.48;-1.23;-0.18;-2.79;0.64;-2.38;-0.03;-2.64;-1.23;-0.98;-1.44;-0.59
197703;2.76;-0.58;-2.42;-2.07;-1.08;-1.47;0.53;-1.46;-1.54;-0.07;0.79;-2;0.14;-0.55;-2.18;0.2;-1.24;0.6;1.55;-0.13;-1.89;1.83;2.9;3.44;2.39
197704;-0.76;-1.26;2.11;-4.11;-0.62;3.63;1.32;1.81;2.64;1.18;1.02;1.33;0.5;1.71;3.65;2.3;3.12;2.86;6.75;0.55;2.11;1.31;6.11;3.95;5.69
197705;-2.75;-0.31;-0.88;-3.39;-1.37;-0.15;-1.3;-0.14;-0.8;-1.96;1.07;-0.02;-1.12;1.69;-0.18;-0.36;-2.46;-0.91;0.66;-0.22;-1.55;-0.45;0.31;-0.38;-0.54
197706;5.28;4.31;4.31;6.92;6.52;5.47;3.14;4.75;4.71;4.05;2.76;6.34;3.59;2.77;4.78;5.37;4.83;4.62;4.2;5.85;5.4;7.71;3.8;6.77;7.68
197707;-0.71;0.38;-1.37;-0.59;-2.36;-2.75;-0.9;-2.48;-2.89;-2.36;-0.15;-0.41;-0.84;-0.62;-1.25;-1.59;0.51;-0.1;-1.04;0.1;-1.02;-2.81;-4.16;-2.06;0.39
197708;2.14;2.57;1.23;1.02;-0.05;-1.03;-2.21;-2.97;-3.26;-1.97;-0.53;-3.02;-2.77;-1.58;-1.45;-2.77;-3.54;-2.48;-3.83;-6.64;-2.46;-4.03;-3.72;-1.94;-0.65
197709;-0.19;-0.82;-1.4;-0.09;-0.52;-0.17;0.63;-0.22;-0.78;-0.44;-1.49;0.42;2.97;1.06;0.78;-0.07;-0.33;0.09;1.16;2.68;-1.9;1.12;-2.15;1.12;0.74
197710;-6.79;-5.29;-4.82;-3.82;-4.48;-2.35;-4.81;-3.6;-3.55;-3.58;-3.08;-3.06;-4.97;-3.41;-4.31;-3.85;-2.75;-2;-2.48;-2.24;-2.62;-3.54;-2;-3.76;-3.4
197711;8.47;4.86;3.81;3.44;5.22;8.23;5.58;3.16;4.45;5.53;7.31;4.45;2.88;6.44;6.25;6.83;3.22;4.88;3.44;5.88;10.8;6.26;6.66;5.09;8.63
197712;-0.37;-1.74;-0.69;1.09;0.23;1.88;0.74;1.49;1.58;-0.59;2.68;0.39;1.71;0.15;-0.35;1.76;0.77;-0.31;1.21;-0.64;0.1;2.16;1.48;1.05;-1.78
197801;-4.54;-6.52;-4.96;-5.65;-7.59;-4.44;-6.2;-6.05;-7.42;-7.51;-4.19;-4.77;-5.29;-3.42;-6.11;-3;-3.94;-4.2;-5.39;-4.75;-1.44;-2.71;-1.42;0.02;-1.56
197802;0.77;-2.84;-2.97;-2.48;-2.48;3.17;-0.71;-1.23;-1.1;-0.5;1.67;0.01;2.84;-0.53;1.09;2.47;-0.98;0.39;-0.58;0.07;1.42;-1.31;0.02;-2.71;1.83
197803;7.2;0.43;2.18;0.89;3.89;6.52;4.91;3.63;4.54;4.69;7.83;4.11;3.16;4.26;4.67;5.35;3.64;3.86;3.13;5.3;10.85;4.4;5.58;5.73;3.82
197804;6.57;12.28;11.57;11.35;11.23;9.49;10.17;6;9.03;9.34;9.52;6.4;4.95;3.91;4.54;7.17;3.66;5.67;5.27;8.61;9.04;4.83;8.07;5.72;10.29
197805;6.76;1.82;4.46;0.68;3.29;5.14;4.02;1.96;1.7;2.77;6.12;1.99;-0.07;1.55;3.74;3.99;0.1;4.14;1.86;0.69;8.6;3.07;2.63;4.01;4.37
197806;-2.22;-2.15;-1.35;-0.8;-1.22;-1.29;-1.48;-3.37;-2.33;-0.45;-0.16;-1.19;-2.04;0.49;0.73;-0.99;-0.01;0.85;-1.83;-1.55;0.45;0.3;-0.97;-0.29;-0.33
197807;5.37;9.68;6.36;6.18;7.01;3.56;5.04;6.37;3.92;5.72;9.47;4.94;1.83;3.95;8.53;4.14;4.32;4.47;5.37;7.64;6.69;6.77;4.6;7.03;5
197808;4.46;4.27;0.62;4.36;6.07;5.16;3.13;4.83;4.75;5.37;6.62;5.87;4.75;2.92;6.73;5.56;2.5;4.57;3.62;5.2;6.28;2.35;5.08;4.97;2.36
197809;0.36;-4.69;-2.47;-2;-3.55;0.03;0.01;-0.94;0.24;-0.68;-1.04;2.84;1.64;0.46;-0.8;1.19;1.38;-0.02;-1.27;-1;-0.7;0.02;-2.34;1.84;1.22
197810;-22.12;-6.35;-9.23;-11.02;-16.63;-13.67;-12.49;-9.88;-12.81;-12.96;-19.54;-8.41;-7.48;-9.54;-11.12;-12.26;-10.77;-10.52;-12.15;-14.08;-17.35;-14.68;-15.68;-16.07;-14.76
197811;8.46;3.89;3.35;1.84;4.29;3.44;2.99;1.28;3.58;6.63;4.07;3.77;3.55;3.73;5.86;3.19;3.91;3.06;2.76;1.81;3.77;2.56;4.76;2.61;2.61
197812;2.04;6.81;2.28;1.55;1.94;2.77;0.14;-0.24;2.44;2.97;1.32;0.51;0.44;1.16;1.31;1.63;-1.04;0.6;2.07;2.24;0.85;-1.22;0.29;0.35;2.32
197901;5.45;3.03;3.02;2.32;4.93;7.23;8.39;4.37;4.4;5.79;7.25;5.04;4.53;4.33;5.86;8.52;5.72;6.27;6.7;7.98;9.58;9.6;10.99;7;2.34
197902;1.1;-2.95;-5.11;-4.15;-4.42;-4.49;-2.28;-4.35;-1.13;-1.26;-3.16;-2.4;-0.66;-2.95;-6.8;-1.11;-0.73;-2.87;-3.27;-4.87;-3.79;-3.32;-2.19;-2.81;-0.21
197903;13.97;5.61;3.49;4.62;9.88;8.02;7.45;6.15;6.87;7.41;10.03;6.29;2.92;7.26;7.1;9.14;7.09;5.57;7.21;9.06;9.37;7.56;7.57;9.83;8.51
197904;2;-0.58;0.55;0.21;1.61;-0.13;-1.19;1.07;2.53;0.96;0.11;0.25;-1.46;2.92;0.16;2.92;2.4;1.66;-0.97;1.03;1.58;0.07;-0.3;0.61;4.63
197905;-1.84;-2.12;-3.22;-1.86;-1;-2;-0.65;-1.14;-1.92;-0.12;0.28;-2.47;-0.39;-1.21;-1.72;-0.67;-1.24;-2.75;0.13;3;-2.06;-0.88;-0.96;-0.06;-1.84
197906;5.05;-0.91;3.09;3.73;6.23;3.49;5.26;3.72;7;5.74;6.36;6.09;3.86;6.41;3.86;6.85;7.46;6.63;4.1;9.41;4.84;3.01;6.13;4.8;6.32
197907;3.79;-2.53;2.1;0.41;1.32;1.91;1.28;2.82;2.68;1.19;4.19;1.22;1.27;3.99;3.96;2.53;1.54;2.69;1.31;2.74;3.85;4.27;3.09;-0.16;5.49
197908;10.19;3.26;8.14;7.21;9.36;7.62;6.69;7.83;6.26;8.61;4.55;3.71;5.84;5.3;9.3;5.43;5.6;4.93;6.24;6.65;8.34;4.71;5.92;7.73;6.81
197909;-1.13;-2.03;-0.84;-2.33;0.7;0.14;2.09;0.88;-0.35;-0.2;-1.77;1.85;1.19;0.13;-0.19;0.23;-1.1;-0.04;1.48;-1.32;2.76;-1.78;-1.8;-2.21;-5.66
197910;-9.3;-6.62;-6.97;-6.66;-7.07;-7.89;-1.85;-8.18;-8.27;-8.4;-7.78;-4.4;-7.6;-9.4;-9.33;-8.09;-8.32;-9.18;-6.05;-10.48;-8.55;-8.57;-10.19;-10.61;-12.18
197911;12.23;5.06;6.5;5.01;10.68;7.92;7.21;7.79;6.38;7.41;9.5;4.21;3.21;7.33;8.75;7.03;5.6;7.58;8.33;7.66;5.13;3.1;1.15;5.78;7.6
197912;11.1;2.03;2.6;1.73;5.5;7.97;1.21;4.41;4.25;5.88;4.35;-1.46;2.09;0.91;4.52;3.19;1.24;2.77;-0.04;4.26;4.52;2.42;4.41;3.87;5.68
198001;8.62;6.95;3.22;1.38;7.09;4.64;10.19;8.47;3.4;9.56;6.43;3.7;7.8;7.25;7.6;4.76;7.98;3.49;6.93;4.82;12.4;8.19;8.48;6.17;7.62
198002;1.19;-5.68;-2.91;-4.78;-1.15;-2.92;6.65;-0.84;-3.18;-4.33;-3.19;6.89;1.11;-3.92;-0.68;-1.92;1.91;-3.53;-0.41;-3.64;5.15;-0.03;-5.7;-0.11;-3.73
198003;-18.25;-11.17;-5.94;-5.1;-13.18;-13.4;-13.02;-12.49;-10.5;-14.22;-12.27;-9.46;-12.11;-8.9;-17.25;-11.73;-13.13;-12.13;-9.97;-11.92;-19.26;-12.82;-10.55;-16.34;-19.75
198004;6.72;-0.29;3.7;5.06;5.23;3.59;4.85;4.54;4.91;1.58;7.92;6.72;3.98;5.39;7.85;7.7;8.14;6.24;10.88;6.23;4.47;4.4;4.59;6.57;2.64
198005;3.99;3.85;6.66;6.15;6.23;7.59;4.43;7.17;5.24;8.05;7.29;5.62;5.44;6.56;9.24;6.06;4.72;7.04;3.29;8.48;8.09;8.1;4.56;12.26;9.09
198006;4.7;5.02;1.37;1.51;5.24;4.84;5.75;3.13;3.76;2.88;3.01;0.5;3.95;4.92;4.66;1.92;3.52;4.18;7.83;5.45;0.07;2.62;2.12;9.67;5.08
198007;7.81;10.1;10.54;10.63;14.43;7.98;6.93;5.27;5.77;9.6;8.18;2.7;5.99;5.29;2.89;8.62;2.4;1.63;5.08;8.73;11.47;4.56;1.73;1.37;12.09
198008;5.32;6.93;0.02;4.05;5.23;6.6;2.57;1.81;1.57;0.66;3.57;2.18;0.68;1.73;2.37;1.63;2.66;2.07;-1.51;1.42;0.58;0.9;1.15;0.91;0.29
198009;2.54;5.75;2.39;2.03;7.12;3.55;5.95;5.64;6.01;3.95;2.63;2.23;3.56;0.8;10.04;-1.02;-1.14;-0.2;-0.28;-0.04;1.84;1.11;-1.65;-1.25;1.99
198010;4.54;1.7;0.05;2.02;2.19;4.85;5.63;2.16;4.96;0.77;0.08;2.55;3.81;4.9;4.48;-4;-1.78;0.27;2.32;2.03;0.69;1.73;1.42;-0.69;1.09
198011;15.77;14.86;6.92;9.31;15.71;14.27;12.17;12.84;16.07;10.79;4.75;16.34;14.16;14.07;20.98;-0.62;1.36;12.59;3.01;2.69;-0.06;5.59;2.38;-0.95;3.68
198012;-1.89;-3.11;-0.05;-0.01;-3.43;1.12;-6.67;-3.26;-6.96;-3.87;-1.43;-5.77;-1.65;-5.73;-5.6;-0.06;0.39;-4.09;0.51;0.19;-2.05;-1.23;-0.85;2.56;-5.63
198101;-3.14;-8.78;-3.33;-5.44;-7.81;-7.55;-4.5;-5.6;-8.24;-6.33;-1.6;-2.08;-4.28;-4.08;-12.09;0.39;4.89;-4.23;-0.79;0.39;3.89;1.44;5.49;0.94;3.62
198102;3.81;1.69;4.47;2.5;0.78;0.43;6.87;1.85;1.19;-3.36;1.3;3.58;1.54;-2.14;1.9;5.05;1.92;1.63;2.19;1.84;3.01;-0.19;2.96;0.42;-0.82
198103;1.5;8.26;4.24;2.67;7.14;6.52;2.49;2.81;4.71;6.71;7.62;0.26;6.88;0.51;1.01;11.95;3.1;1.73;8.15;9.97;12.31;6.03;6.59;6.89;11.28
198104;-2.25;-0.72;-2.41;-2.43;0.68;-3.07;-1.02;-2.89;-5.62;-0.28;-0.8;0.02;-4.3;0.24;-5.21;1.33;4.53;-0.36;1.54;2.1;0.31;0.43;0.24;0.76;2.49
198105;-1.33;1.23;0.79;2.23;4.57;2.57;-1.32;-0.68;-2.04;0.2;1.34;-2.18;-0.58;-1.44;2.77;2.56;4.44;1.04;2.37;2.05;1.79;1.85;2.92;3.76;4.06
198106;-4.72;-3.43;-3.09;-3.38;-7.84;-4.93;0.89;0.85;1.78;-0.44;-1.39;1.45;3.1;3.24;2.9;-0.52;-1.04;2.3;1.87;0.88;-0.88;0.16;1.51;0.76;-6.26
198107;3.22;-3.01;0.76;1.88;1.39;0.12;0.16;-2.6;3.03;3.91;-4.99;-4.75;-2.76;-0.2;-0.28;-2.42;-1.19;-2.87;-4.15;-1.72;-4.15;-0.93;0.18;0.75;-5.34
198108;-6.82;-0.47;-6.33;-6.74;-9.22;-8.92;-8.06;-5.75;-7.2;-5.37;-5.4;-5.51;-6.44;-4.6;-6.73;-8.83;-5.91;-3.68;-4.95;-3.26;-6.4;-3.22;-0.04;-1.96;-8.44
198109;-8.52;-3.63;-6.12;-6.88;-9.44;-8.9;-4.23;-4.64;-5.9;-9.4;-5.58;-5.38;-6.68;-6.34;-8.43;-0.04;-4.28;-2.32;-0.42;-5.25;-5.63;-5.05;1.78;-5.24;-4.44
198110;13.15;-1.16;9.19;8.2;11.46;5.5;6.3;3.59;8.38;10.06;5.66;5.09;4.96;0.84;8.58;5.29;0.62;4.8;4.71;3.97;1.95;5;3.72;6.34;13.59
198111;-0.79;6.77;4.57;3.62;1.41;4.3;3.59;6.66;4.54;6.95;5.91;2.61;3.29;5.6;5.44;6.93;4.19;4.66;6.06;5.75;3.39;4.77;3.8;6.17;6.1
198112;0.88;2.22;-2.72;-3.57;-4.46;-2.71;1.04;-2.99;-3.56;-4.62;-1.56;-3.27;-1.74;-4.22;-2.81;-1.85;-1.28;-2.1;-3.48;-2.58;-1.21;-2.4;-1.92;-3.1;-2.3
198201;-4.18;9.08;-2.35;-3.36;-4.55;-4.22;-4.69;-1.51;-2;-8.26;-3.13;-3.41;-4.29;-1.9;-5.31;-1.49;-1.52;-2.32;0.38;-1.42;-1.42;-0.67;1.73;2.41;-1.77
198202;-1.83;-2.12;-4.89;-8.19;-10.27;-5.71;-9.51;-4.12;-6.75;-7.78;-2.83;-1.96;-3.23;-2.11;-4.92;-5.46;-1.61;1.05;-2.06;-0.61;-1.44;-0.16;-3.52;1.75;-5.82
198203;-1.08;-3.12;-2.52;-3.22;-3.81;-2.57;-0.59;2.35;1.43;-3.74;-0.81;-0.88;1.02;-2.36;-0.24;-2.48;3.72;1.03;-0.03;0.34;3.48;1.04;2.54;1.63;-7.34
198204;9.23;6.56;6.14;6.58;6.82;6.66;6.38;1.67;4.82;4.5;5.93;4.64;3.3;1.85;5.73;6.2;3.75;3.55;1.65;3.21;5.6;4.82;-0.95;4.5;8.31
198205;-5.39;-2.46;-3.67;-4.11;-4.88;-3.79;-1.83;-4.31;-2.45;0.95;-3.85;-2.37;-4.05;0.28;-3.97;-5.15;-1.01;-3.69;-7.13;-2.19;-2.67;-2.3;-0.49;-2.39;-7.44
198206;-3.26;-0.78;-0.85;-3.05;-5.58;-3.21;-0.74;4.83;-2.02;-5.88;-2.01;-0.43;-0.72;-0.82;0.8;-1.36;-1.36;-1.62;-2.93;-0.25;2.14;-1.64;-2.96;-1.91;-4.28
198207;-1.2;2.71;3.45;-0.06;-3.49;-0.47;1.48;-1.52;-4.16;-6.71;-2;-3.88;-2.94;-3.24;-5.15;-1.57;-2.06;-2.04;-1.73;-5.24;-3.62;-2;0.33;-2.97;-2.37
198208;12.63;5.59;9.46;13.11;10.82;14.7;11.85;11.1;10.77;12.69;10.19;12.13;12.19;11.55;15.12;13.32;12.83;12.17;13.55;17.02;12.98;10.72;12.09;10.58;15.42
198209;1.28;2.61;3.1;1.47;1.53;3.37;2.68;2.29;1.83;3;3.33;3.7;2.28;3.83;-0.46;0.4;2.38;0.35;-0.82;2.28;-2;2.84;1.6;0.83;-0.28
198210;14.38;11.18;10.14;10.17;17.4;17.95;11.44;10.21;11.07;14.08;11.49;11.77;11.67;9.28;11.99;16.16;12.93;8.82;14.97;14.53;16.31;9.47;3.36;9.45;12.24
198211;8.6;9.92;6.65;6.4;9.11;11.07;5.75;5.43;2.9;7.24;4.48;3.73;4.79;0.85;1.68;6.76;3.46;2.69;6.57;3.52;8.96;4.01;1.29;5.44;15.92
198212;-0.35;1.4;5.6;2.05;-0.7;-0.58;1.63;-1.6;1.91;-1.94;1.35;1.7;-1.16;3.55;-0.1;-1.65;0.45;0.31;1.48;0.29;5.37;3.47;4.68;2.76;2.47
198301;11.69;-0.85;2.34;0.9;6.54;8.55;0.54;2.03;4.34;2.95;4.15;1.62;3.98;4.2;7.39;4.27;4.38;7.6;3.98;0.81;3.12;3.43;3.61;2.93;2.38
198302;1.95;2.99;2.84;3.88;3.39;1.58;3.02;5.2;4.52;3.06;6.48;5.4;5.07;1.01;2.37;5.5;2.07;0.99;1.39;4.68;1.99;4.98;4.44;4.36;3.02
198303;2.36;6.54;3.16;2.77;1.97;5.36;4.93;0.81;2.89;3.67;4.36;6.21;4.68;3.63;2.87;6.29;6.26;2.92;1.82;8.27;6.05;4;1.4;3.08;5.84
198304;9.04;4.93;9.04;4.63;5.56;3.73;4.16;6.63;6.81;7.3;9.05;8.2;8.59;9.11;7.03;9.83;7.51;7.94;9.13;11.53;10.53;7.06;4.87;6.84;5.12
198305;2.6;1.17;-2.41;0.11;5.04;2.88;-1.65;-2.31;0.09;3.78;1.67;-1.48;1.3;1.4;6.46;2.38;-1.62;-0.52;-0.47;0.13;2.21;1.22;3.03;2.01;4.19
198306;5.97;1.57;6.77;6.53;5.07;1.14;3.54;5.31;6.83;4.91;3.62;2.28;3.66;3.38;3.19;1.7;0.37;-0.69;4.7;5.02;5.83;1.16;-1.29;-0.45;7.39
198307;-4.65;-5.05;-5.91;-2.93;-6.75;-2.27;-1.89;-3.69;-6.8;-7.96;-1.89;-4.04;-2.91;-4.33;-0.24;-0.19;0.4;1.3;-1.54;-1.63;0.41;-0.48;-3.34;0.88;1.48
198308;-6.35;-0.93;0.01;-1.01;-3.23;-0.6;-3.28;-1.91;1.08;-3.05;0.5;1.32;-2.81;0.96;1.06;-1.37;4.82;4.02;1.66;0.52;1.19;6.37;6.01;1.95;5.64
198309;0.66;3.92;2.55;4.71;0.15;2.96;5.08;4.47;-0.37;-0.06;1.37;1.37;1.86;2.36;3.74;3;-1.01;-0.24;0.93;2.69;2.75;-0.3;0.88;5.09;1.73
198310;-6.47;-2.01;-3.16;-1.32;-8.71;-2.85;-1.97;-0.23;-5.78;-3.89;-2.49;-3.17;0.96;-2.3;-1.07;-2.92;0.13;-0.06;-0.75;-0.57;-1.32;0.96;-2.87;2.12;-1.1
198311;4.77;2.95;8.05;-1.85;5.19;4.72;3.66;1.53;4.11;3.68;3.41;7.1;2.13;5.47;-1.26;7.26;3.22;3.14;-0.55;1.76;2.92;1.69;2.06;0.08;2.74
198312;-2.24;-3.45;-0.97;-0.15;-1.88;-0.46;-0.15;0.33;-0.56;-0.34;0.87;-1.91;-2.43;-2.36;-1.22;1.33;-0.47;-1.58;-1.73;-2.53;0.86;-0.57;1.18;-1.35;1.21
198401;-4.73;-3.75;-5.99;-5.54;-7.02;-1.08;-3;-1.19;-1.11;-1.61;-2.75;-3.9;4.21;-0.79;1.06;-1.83;0.84;2.27;1.79;0.23;-0.01;5.16;7.87;0.5;1.91
198402;-7.35;-3.19;-4.92;-3.15;-6.39;-4.64;-6.62;-5.96;-5.73;-7.41;-8.64;-4.32;-2.11;-4.21;-6.82;-6.04;-3.11;-2.01;-1.92;-2.89;-6.7;4.42;-1.75;-2.81;-4.67
198403;3.71;-2.24;2.81;2.56;-0.22;0.28;1.96;2.39;2.28;3.28;5.11;5.56;-1.91;0.47;-0.79;4.44;1.64;1.79;0.46;1.4;2.16;1.91;-3.16;2.3;8.12
198404;-6.35;0.36;1.49;0.78;0.57;-1.02;-0.27;0.38;-0.83;-0.09;-0.02;0.26;2.05;-0.7;1.31;-2.92;4.19;-0.32;0.08;-4.92;-2.18;2.58;2.04;-0.56;-1.7
198405;-5.76;-4.12;-3.47;-5.7;-5.36;-3.79;-4.87;-3.9;-1.79;-5.33;-8.02;-8.94;-4.13;-7.12;-3.51;-5.8;-5.07;-4.22;-1.9;-5.2;-7.69;-6.32;-6.48;-4.12;-4.24
198406;4.78;5.67;3.24;2.85;5.46;4.04;4.35;6.36;5.81;3.92;1.78;0.04;3.22;3.39;-0.93;0.59;0.44;0.73;-2;-0.93;0.81;1.06;8.47;1.4;-4.12
198407;-7.39;-3.37;-0.91;1.63;-3.91;-5.1;-1.18;-3.06;-1.83;-3.91;-5.9;-2.45;-0.36;2.19;0.49;-5.47;-4.25;-0.98;-1.37;-4.18;-5.65;-2.73;-0.39;0.02;-2.49
198408;13.34;12.54;9.23;11.97;13.15;12.71;8.26;10.89;9.89;15.65;10.55;12.85;9.82;9.51;10.82;13.92;11.31;10.13;10.56;11.35;16.65;10.87;11.25;8.91;14.71
198409;-0.15;-3.81;-1.2;-1.56;-5;-1.62;-1.27;-0.85;-0.92;-1.61;-0.61;-2.35;0.77;1.88;0.14;-0.09;1.66;2.38;3.06;1.69;0.98;2.64;4.47;5.96;2.24
198410;-2.27;2.54;2.28;0.34;-2.27;-1.09;2.35;2.65;0.78;1.42;0.75;0.6;1.14;2.54;-0.65;-2.12;-1.03;-0.83;2.6;1.95;-1.22;-4.16;1.32;4.86;-0.81
198411;-3.99;-1.44;-1.08;-2.64;-5.31;-0.2;0.82;-1.35;-0.26;-4.02;-0.52;-1.63;-2.01;-1.35;-0.52;-1.25;-0.08;-1.14;0.31;1.16;-2.15;1.69;2.2;2.76;0.63
198412;1.45;1.49;3.96;2.56;2.37;0.68;1.73;2.88;2.55;2.68;1.36;2.09;0.46;4.62;2.38;0.37;3.79;1.88;4.15;3.18;-4.09;1.99;2.19;3.69;3.31
198501;13.03;8.43;7.86;10.13;14.56;11.31;3.97;9.6;9.91;14.67;7.03;7.52;8.22;8.21;9.32;9.42;6.51;8.32;6.75;8.27;8;5.26;3.61;4.03;10.9
198502;2.13;-1.29;1.74;1.19;0.9;1.93;2.55;2.16;1.62;2.19;3.36;1.98;2.62;-0.21;1.73;3.54;2.25;2.59;2.35;2.32;3.11;2.86;2.12;1.15;-0.96
198503;2.66;0.07;-0.57;-2.4;-4;-0.53;1.06;-0.96;0.84;-2.07;2.63;-1.68;0.13;-2.28;-0.77;-2.16;2.27;0.31;0.01;1.14;0.97;2.98;1.25;4.89;-1.99
198504;-2.28;-4.7;-0.41;-1.12;-2.75;-2.66;-3.06;-3.12;-1.72;-1.2;-2.77;0.51;-0.01;-1.99;0.76;-0.69;0.97;1.66;2.27;2.96;0.53;2.48;4.63;1.26;-1.64
198505;5.23;4.86;5.86;5.44;5.88;3.77;5.19;7.98;7.35;6.27;5.16;6.76;8.81;7.38;8.65;4.12;5.68;3.77;8.88;3.5;1.59;3.08;5.04;6.95;11.23
198506;3.37;2.87;1.49;-0.59;2;2.32;0.31;2.82;3;3.37;1.48;2.19;0.64;2.02;2.88;0.36;0.51;1.32;2.35;2.76;-0.92;1.59;2.81;4.62;2.52
198507;-2.53;-0.38;0.35;2.18;0.35;-1.38;1.2;1.01;0.09;1.5;-2.27;0.28;0.19;-0.51;0.85;1.84;-2.22;-1.16;-2.93;-1.44;2.16;1.65;-1.51;-2.51;-2.12
198508;-0.29;0.09;-1.67;-1.43;-3.36;0.82;-0.19;0.61;-1.39;-1.12;-0.08;0.08;0.4;-0.85;0.9;-0.35;1.56;-0.39;-0.02;-2.44;-0.18;0.41;0.48;0.07;1.75
198509;-3.53;-3.8;-3.98;-3.41;-6.82;-0.57;-3.14;-2.6;-5.74;-4.29;-2;0.14;-3.18;-4.04;-5.56;-2.97;-2.26;-4.62;-5.92;-5.56;-4.55;-3.59;-4.83;-4.08;-3.37
198510;2.32;5.18;3.92;3.79;3.88;2.5;4.42;6.09;4.62;3.37;1.78;6.01;5.96;4.43;3.71;4.2;5.03;6.14;7.97;4.62;0.63;2.35;7.22;7.53;8.38
198511;6.34;8.31;10.48;9.18;9.92;9.61;8.55;8.35;5.87;6.85;9.06;5.92;6.98;7.85;8.61;4.87;2.36;5.93;5.37;7.81;5.28;6.56;5.56;5.35;-3.9
198512;5.75;3.2;6.95;7.51;4.48;4.06;4.82;3.12;3.92;5.45;4.61;5.52;3.89;3.83;3.65;2.39;2.23;4.15;6.14;3.55;3.52;3.07;5.13;3.72;-0.61
198601;6.2;1.21;-0.81;-0.66;2.39;0.36;1.85;1.09;0.19;3.94;-5.46;2.47;2.35;4.91;2.83;-4.35;-2.11;3.4;3.51;0.82;-5.11;2.32;4.37;3.96;-1.58
198602;6.99;5.92;10.02;5.46;9.03;11.28;8.33;9.77;9.06;8.62;5.91;8.06;8.55;7.97;9.36;8.44;4.81;6.46;7.89;9.81;6.6;7.1;8.57;7.58;4.79
198603;8.47;8.76;7.06;4.31;4.9;7.9;8.97;6.61;9.06;2.17;1.66;5.7;5.72;6.23;8.92;5.35;3.45;4.71;6.45;5.47;2.29;4.87;3.93;5.12;1.39
198604;1.72;2.28;-1.68;1.96;0.88;-1.08;0.84;-1.47;1.19;0.71;4.22;-0.15;-2.34;-3.98;-3.93;-0.49;-1.4;-2.57;-2.81;-5.91;-1.98;-3.31;-5.25;-4.86;1.13
198605;8.62;6.04;6.7;3;6.02;6.65;5.24;5.68;5.65;3;3.44;5.15;5.17;2.83;4.92;6.68;6.14;4.48;5.74;6.71;3.49;6.44;2.31;4.29;5.5
198606;3.4;5.48;4.15;1.74;-1.32;3.65;1.45;1.4;2.35;-2.32;0.84;2.13;3.45;-0.94;-0.7;0.88;1.03;1.31;2.45;0.13;-3.28;-0.49;2.2;3.21;-0.58
198607;-7.79;-7.46;-6.66;-6.58;-9.18;-8.98;-6.9;-7.1;-4.48;-7.49;-8.99;-5.4;-6.85;-4.81;-6.32;-11.02;-2.44;-0.86;-5.87;-5.96;-12.3;-3.5;0.74;-0.5;-10.91
198608;2.13;4.07;5.37;3.42;4.04;9.26;6.47;6.05;3.9;5.65;10.72;5.17;7.43;4.76;5.91;13.84;9.69;9.54;7.78;9.5;12.02;10.22;10.18;9.91;6.24
198609;-7.69;-9.26;-11.25;-11.54;-8.27;-4.47;-5.93;-11.86;-9.28;-10.24;-7.42;-5.3;-4.58;-8.86;-7.78;-1.73;-6.89;-7.86;-10.63;-3.9;0.95;-5.58;-8.48;-7.52;-5.83
198610;6.8;7.5;7.17;6.97;2.28;2.47;4.99;6.63;7.52;6.63;4.16;7.85;3.92;5.96;4.26;5.78;5.54;3.19;5.02;5.02;4.86;5.68;4.64;6.72;3.46
198611;-0.64;0.8;4.37;1.12;1.6;3.04;2.27;1.99;1.22;0.37;2.01;5.83;1.25;2.02;-0.41;-0.01;1.37;2.27;1.49;1.76;-0.96;1.45;2.21;0.15;3.81
198612;-4.49;-4.11;-0.33;-1.05;-3.92;-2.03;-3.95;-3.26;-1.22;-2.12;-2.58;-3.89;-3.9;-4;-4.21;-2.77;-3.23;-1.64;-3.52;-4.03;-0.68;-1.67;-3.79;-2.24;-6.91
198701;13.88;16.12;14.85;12.93;12.38;12.53;15.74;14.33;18.26;13.49;11.41;6.48;11.87;9.85;14.31;15.59;11.06;13.44;10.87;9.41;13.2;10.06;10.08;15.65;11.77
198702;8.28;5.98;7.13;8.39;9.57;6.06;7.81;7.56;5.15;6.22;6.03;0.63;3.86;7.09;2.89;4.45;0.44;-1.16;3.05;5.99;4.54;-2.06;-2.01;2.91;4
198703;1.5;-1.38;0.8;1.16;2.06;8.09;3.1;1.67;2.33;-0.21;2.91;4.36;1.15;-1.39;0.61;6.62;4.29;2.73;-0.76;-0.62;7.24;7.16;0.2;2.03;2.01
198704;-3.9;-0.42;-2.05;-2.89;-0.87;1.3;-0.31;-2.03;-0.52;-4.11;0.06;2.36;-2.26;-4.45;-4.34;-0.11;-1.63;-1.7;-0.86;2.94;-0.2;-2.77;-3.44;0.44;9.59
198705;1.57;2.72;2.43;1.63;1.07;-0.57;1.37;0.4;-1.44;-1.02;2.87;0.93;-0.94;0.51;-1.54;5.16;0.36;-0.13;-0.76;2.17;2.9;2.07;-0.12;-0.18;-2.81
198706;3.04;6.4;5.92;4.01;3.2;5.64;2.75;4.35;4.59;5.31;3.32;4.54;6.86;6.54;4.46;4.4;5.24;5.84;2.92;2.49;4.5;5.71;5.18;5.92;-0.9
198707;5.47;7.84;4.14;4.98;5.22;2.73;6.93;2.51;3.77;2.58;10.83;6.58;3.47;5.85;2.69;5.15;2.16;0.6;5.67;6.35;4.76;4.56;1.56;4.94;0.12
198708;1.58;9.89;3.42;4.07;4.62;2.69;5.6;4.48;4.59;5.1;4.04;0.74;3.75;5.21;3.81;3.62;5.46;4.38;2.78;2.53;-0.86;3.48;2.22;5.36;4.13
198709;0.65;1.39;-1.7;-2.38;-3.85;0.07;0.46;-6.52;-2.48;-2.41;0.2;1.06;-1.87;0.5;-2.11;-1.04;-2.14;-0.72;-3.67;-3.93;-4.02;2.97;0.25;-6.6;-0.45
198710;-26.72;-19.62;-23.37;-21.81;-26.43;-26.77;-26;-22.22;-26.34;-24.79;-21.13;-25.12;-22.73;-23.06;-25.4;-21.14;-13.73;-12.23;-24.47;-26.65;-22.65;-19.64;-15.82;-24.66;-24.53
198711;-6.08;-8;-8;-9.26;-9.69;-9.19;-4.02;-9.22;-5.28;-8.49;-5.57;-5.45;-8.73;-7.53;-6.27;-8.71;-7.32;-6.33;-4.76;-5.58;-9.74;-4.72;-4.07;-4.93;-3.28
198712;7.24;-0.35;11.69;10.43;10.01;5.78;8.23;8.53;9.31;7.2;5.88;9.3;8.18;8.6;7.8;4.31;3.24;2.37;4.55;6.81;10.65;4.55;2.38;4.61;5.07
198801;5.6;0.05;3.19;1.8;1.8;3.72;-1.86;-0.19;6.43;5.76;7.96;7.16;2.41;5.09;6.1;6.52;9.01;10.5;6.85;2.5;6.82;5.94;8.39;10.96;8.02
198802;5.06;7.92;6.18;3.75;6.54;10.97;8.8;5.82;7.58;4.22;1.87;8.03;4.98;6.72;6.35;3.62;2.86;0.88;4.77;6.68;5.82;5.13;-0.27;4.91;2.97
198803;-2.58;-2.9;-2.89;-2.62;-3.91;3.24;-1.43;-3.78;-1.97;-1.9;-4.27;-0.45;-2.41;-1.15;-0.2;-0.61;-2.86;-3.99;-3.73;1.9;4.78;0.6;-1.32;-2.9;-1.76
198804;-0.5;-1;-0.25;-0.64;-0.38;1.07;0.72;2.84;0.45;-0.7;0.89;1.64;2.4;2.16;0.16;2.8;2.85;-0.22;2.32;1.02;3.28;1.27;-0.58;4.19;1.39
198805;0.57;-1.26;-1.05;-0.29;0.01;1.39;-1.42;0.19;-0.84;0.55;0.32;-0.69;-0.36;-0.5;-1.72;0.15;1.85;3.79;3.55;-0.08;-0.55;3.05;4.53;1.14;0.17
198806;2.5;3.85;3.43;4.1;7.41;6.6;5.16;9.64;5.33;5.86;3.33;4.99;6.99;5.84;7.7;1.28;2.64;4.47;4.85;6.37;-1.6;5.25;6.69;8.69;6.88
198807;-0.73;-2.3;0.64;-1.3;-3.04;-2.51;0.15;-2.03;-1.62;-2.39;-1.47;0.68;1.05;-0.96;-0.73;0.6;-0.29;-0.62;0.51;-0.29;0.37;2.51;0.36;-0.28;-2.57
198808;-1.44;-2.17;-1.32;-2.77;-5.12;-5.98;-2.98;-5.3;-4.55;-3.9;-2.03;-2.34;-1.86;-1.79;-2.32;0.11;-1.56;0.64;-4.15;0.69;-0.42;-2.46;-0.65;-4.31;-0.53
198809;3.28;7.33;5.54;5.7;3.95;1.29;4.87;4;4.26;4.72;2.56;3.82;-0.17;5.99;1.93;1.38;3.21;4.64;4.64;2.3;4.85;3.74;3.95;2.46;6.12
198810;-0.64;0.54;1.03;2.63;-1.53;0.72;10.65;3.74;1.55;1.45;0.28;1.87;1.04;1.12;0.05;2;1.38;1.88;4.16;0.24;3.54;3.48;0.17;5.97;2.37
198811;-4.54;-2.53;-1.06;-1.54;-3.03;-0.24;2.67;-2.45;-3.36;-3.38;-2.77;-2.69;-2.3;-1.9;-2.32;-0.87;-0.16;-1.27;-1.1;-3.15;-1.22;-0.96;0.57;0.37;-3.05
198812;3.13;4.56;2.98;1.35;4.73;3.91;-0.83;2.66;3.27;4.55;2.13;2.18;2.7;0.96;0.7;1.81;1.51;0.29;0.02;2.4;0.74;1.8;-0.05;0.76;-1.42
198901;6.44;5.44;6.16;7.97;6.75;6.76;8.73;6.05;5.66;5.49;4.73;5.98;6.86;5.07;5.75;4.86;5.52;6.12;6.73;9.3;12.48;6.71;5.44;7.96;10.47
198902;-2.29;-0.67;-1.93;-2.74;-2.66;-0.36;-0.95;-3.04;-1.62;-1.49;0.65;-1.27;-2.83;-1.34;-1.06;1.31;-1.33;-0.4;-3.2;-0.77;0.92;-1.69;-0.41;-1.59;-2.68
198903;3.39;3.33;5.42;1.62;1.2;1.31;4.47;-3.78;2.22;3.61;2.5;4.67;2.49;3.98;3.47;2.43;3.29;1.81;0.77;2.89;4.28;2.18;2.06;0.02;2.01
198904;4.52;6.66;5.52;5.85;6.35;5.24;6.4;3.75;5.72;5.26;4.25;6.18;2.06;7.21;3.76;2.79;5.23;5.17;2.51;3.62;5.64;3.86;5.43;2.75;2.76
198905;4.2;4.08;4.39;4.64;5.49;2.92;3.96;1.79;5.28;2.9;5.14;5.81;2.23;5.09;2.99;4.05;4.45;5.54;2.43;3.52;6.37;3.88;4.84;1.95;3.29
198906;-0.68;2.29;1.84;-1.61;-3.54;-0.34;-1.82;0.03;-0.39;-1.82;-1.86;-0.91;-0.18;-2.4;-0.34;0.16;0.65;-0.44;-2.44;-0.41;0.72;0.6;1.48;2.08;1.58
198907;10.14;11.21;10.49;9.7;9.5;14.06;7.61;9.18;6.67;9.54;6.63;5.34;5.65;7.1;5.83;6.25;8.25;7.31;6.33;5.77;5.83;5.16;6.54;7.91;5.37
198908;-0.32;-0.04;-0.43;0.22;2.69;2.57;5.34;1.83;2.68;1.82;6.06;0.82;4.37;3.31;2.83;2.91;-0.08;3.03;2.78;4.39;-0.25;1.56;2.21;1.34;7.02
198909;0.44;-0.04;2.21;1.04;0.76;7.13;-1.57;-0.96;-4.19;-0.82;-2.03;-0.41;0.02;0.07;-1.14;1.79;0.47;-1.6;2.13;-1.24;1.17;1;-0.61;-0.13;-3.46
198910;-1.17;-1.7;-1.05;-1.29;-0.81;-5.36;-4.54;-2.79;-4.77;-3.12;-3.83;-1.21;-5.09;-6.44;-5.45;-2.26;-4.22;-3.61;-2.04;-5.08;-3.25;1.35;-3.28;-1.83;-6.19
198911;2.46;3.98;3.29;1.04;0.28;0.21;4.87;1.37;-0.19;5.45;3.09;2.13;3.94;-0.09;-0.93;3.03;1.9;-0.2;1.08;-0.79;2.58;1.21;1.8;0.77;-1.44
198912;1.11;2.38;1.42;2.8;-0.82;3.2;0.19;1.13;0.75;0.63;5.69;4.76;2.11;2.29;1.35;6.19;4.45;2.18;5.54;-0.08;3.45;1.12;-0.02;1.62;-0.96
199001;-8.38;-6.48;-8.39;-7.76;-7.87;-12.79;-4.77;-7.14;-3.98;-5.47;-3.34;-6.94;-8.06;-8.58;-9.8;-9.37;-6.19;-9.19;-7.72;-6.64;-4.72;-5.87;-7.66;-11.39;-5.1
199002;0.53;-0.79;-0.22;1.84;1.16;2;3.2;-0.66;3.26;2.06;3.61;1.46;2.83;0.96;2.99;3.01;1.4;2.27;-0.96;3.52;1.7;0.93;1.94;1.4;7.16
199003;4.53;4.53;3.1;3.9;4.51;6.35;6.55;3.65;2.24;3.6;2.12;0.02;1.38;1.1;0.61;1.53;0.62;1.12;0.68;1.78;-0.27;0.09;1.91;2.32;0.48
199004;-1.28;-2.17;0.07;-3.11;0.81;-4.61;-3.28;-0.1;-0.62;-2.7;-4.11;-3.78;-4.35;-5.1;-2.52;-3.24;-4.86;-4.87;-3.58;-4.64;-5.05;-4.97;-3.98;-4.07;-5.11
199005;12.06;11.81;11.4;11.2;10.53;7.03;13.68;11.59;8.62;11.15;6.11;8.35;8.78;7.11;7.57;6.38;5.05;6.82;8.53;5.47;6.71;5.77;8.34;7.61;10.57
199006;-0.64;2.42;3.35;-0.14;4.1;-7.23;-0.42;1.03;-1.87;-1.98;-2.1;-1.99;-2.29;-1.87;-0.7;-3.4;-2.53;-2.7;-3.25;-2.74;0.19;0.63;0.93;-1.48;-1.98
199007;-3.3;1.22;-1.02;0.48;-3.85;3.8;-1.9;0.34;-0.41;-5.48;2.5;2.51;-2.13;3.2;-3.3;-4.87;-0.17;-2.58;-3.48;-0.32;-3.32;-0.76;-2.07;-4.78;-4.51
199008;-12.33;-8.64;-8.69;-9.49;-9.52;-7.38;-6.93;-11.7;-12.55;-12.64;-6.56;-4.75;-8.89;-7.63;-12.06;-11.05;-8.67;-9.43;-8.85;-12.27;-10.39;-8.55;-10.86;-12.35;-10.73
199009;-6.92;-3.69;-3.7;-6;-7.2;-4.76;-0.27;-3.31;-7.3;-9.47;-5.61;-0.06;-0.91;-5.85;-11.84;-7.41;-4.09;-7.51;-7.9;-10.7;-9.18;-3.68;-8.49;-8.97;-8.63
199010;-7.59;-1.3;2.4;2.69;-1.03;-6.63;-0.55;1.28;-1.92;-4.93;-2.47;-2.57;-1.15;-2.13;-6.65;-8.31;2.85;-0.76;-1.37;-6.15;-2.43;3.28;-1.55;-2.97;-6.96
199011;7.99;7.19;2.45;7.93;9.57;6.95;4.19;6.47;7.33;13.33;6.19;3.16;7.8;8.18;10.71;5.42;5.8;7.41;6.48;11.79;4.85;6.32;4.22;3.43;5.97
199012;1.89;3.44;2.49;3.78;4.22;5.39;1.34;2.3;5;4.98;1.44;1.23;2.13;3;4.65;2.01;1.45;3.95;2.4;7.19;4.43;3.24;-0.26;1.54;1.81
199101;5.25;5.74;6.94;1.98;8.83;0.33;0.5;3.57;7.79;10.49;2.55;-0.75;6.49;2.56;10.69;4.9;3.56;6.67;6.41;9.88;7.77;3.32;3.64;7.25;6.63
199102;9.23;6.72;9.63;6.61;9.45;10.89;9.14;5.98;7.23;7.06;7.32;5.59;4.33;7.87;7.93;10;6.37;6.4;7.63;8.62;8.3;5.51;8.24;9.87;13.61
199103;5.99;4.31;4.59;5.84;4.44;-0.42;0.29;1.95;3.11;4.87;1.62;1.31;-3.01;3.57;2.72;3.74;3.02;2.84;3.37;2.35;5.68;3.32;1.5;0.69;8.27
199104;-0.89;0.15;0.88;-0.68;-0.72;-1.73;0.26;1.45;0.44;-1.39;2.12;1.13;-3.32;4.03;0.64;0.9;1.5;1.74;1.02;2.63;0.95;0.23;-1.99;2;3.57
199105;2.2;4.8;2.42;4.72;5.22;1.77;2.05;4.15;7.06;4.03;2.32;-1.15;3.92;4.73;6.73;4.22;3.07;3.35;4.75;6.83;3.73;1.71;7.86;8.66;3.03
199106;-7.92;-3;-3.74;-5.02;-4.69;-5.07;-4.22;-4.33;-4.53;-7.67;-6.44;-2.35;-5.68;-3.02;-4.61;-6.08;-2.4;-5.13;-4.44;-3.31;-3.77;-2.28;-4.81;-4.55;-5.96
199107;1.67;3.72;5.62;5.13;7.93;-1.1;4.35;3.71;3.48;1.08;3.25;4.57;4.64;3.02;5.12;5.95;4.76;2.33;6.9;4.47;5.86;4.25;0.41;1.26;4.19
199108;2.51;3.13;1.9;3.97;4.91;1.79;1.13;0.79;0.27;3.11;1.57;4.41;1.92;2.53;3.61;-2.36;2.71;2.34;2.4;2.68;4.23;5.36;-0.21;1.37;5.56
199109;-2.3;-0.66;-1.16;-2.36;-1.46;0.39;-1.04;-0.13;-0.27;-4.27;-2.43;2.19;0.24;-3.17;-1.43;-3.16;2.13;0.18;-1;-1.28;-3.93;-3.3;-0.81;-0.2;0.4
199110;2.31;3.13;1.33;1.65;1.6;4.31;2.23;0.97;0.26;0.73;0.2;0.99;1.53;2.86;2.68;3.79;4;0.7;2.03;5.76;2.6;2.97;0.91;2.32;5.09
199111;-0.85;-0.92;-5.24;-2.63;-0.08;-4.5;-5.71;-5.85;-4.9;-4.66;-6.94;-0.89;-4.49;-6.4;-8.09;-3.62;-1.6;-5.13;-2.38;-8.46;-8.22;-6.08;-7.92;-3.96;-7.02
199112;10.38;13.54;12.74;14;16.25;7.82;8.95;6.85;8.56;14.19;5.14;6.75;8.49;9.69;8.36;10.5;7.34;6.13;6.57;10.83;10.07;10.76;13.91;9.31;10.34
199201;6.14;-3.99;-4.1;-1.8;-2;9.14;-0.47;-2.71;-0.44;0.91;7.87;-2.43;-3.34;1.51;2.89;2.54;0;2.65;0.48;6.27;15.52;6.58;6.07;1.71;9.98
199202;2.86;2.12;1.16;-0.62;-0.03;1.93;-1.87;-0.25;0.15;2.92;5.46;-0.63;1.72;4.01;3.16;3.77;2;5.59;3.79;3.98;9.56;8.56;9.87;1.56;8.1
199203;-3.96;-4.76;-1.7;-2.36;-4.53;-0.1;-2.56;-1.59;-0.27;-3.82;-1.65;-0.69;-1.67;1.56;-3.09;-0.62;0;-0.78;-2.39;-2.2;-0.83;-0.81;0.47;-2.86;-2.77
199204;-4.78;0.89;-1.08;0.88;-2.12;-0.16;5.48;6.77;3.23;-0.29;-1.86;3.41;5.3;3.23;1.75;2.35;3.94;3.58;-0.44;-0.96;3.93;3.36;9.12;-0.55;0.67
199205;1.52;-0.53;1.57;0.72;1.17;0.36;-0.2;0.85;0.39;-0.42;2.21;1.23;0.81;-0.74;1.45;0.16;1.13;-0.13;1.03;-1.89;1.67;3.25;0.39;-2.52;3.4
199206;-0.27;-4.03;0.85;-4.05;-3.66;-5.58;-1.22;-1.76;0.98;-0.89;-3.78;-0.32;-2.27;-2.77;-2.62;-0.1;-1.42;2.48;-1.87;-4.07;1.14;-0.82;1.72;-3.03;-2.29
199207;2.34;3.55;4.5;6.22;4.47;3.45;5.02;4.2;2.44;4.41;4.08;3.97;5.85;3.95;2.8;5.1;3.2;3.58;2.88;4.42;3.38;0.85;0.43;3.94;-0.95
199208;-4.11;-0.44;0.18;0.29;-2.59;-4.07;-2.3;-6.46;-2.48;-2.35;-3.52;-0.19;-0.01;-2.65;-3.19;-4.5;-2.94;-3.36;-0.95;-2.65;-5;-7.29;-8.5;-2.85;-4.58
199209;3.85;3.59;1.5;-1.05;1.26;-0.06;0.5;2.59;3.91;4.02;0.7;-0.06;1.26;3.55;2.84;0.41;0.37;-0.79;2.34;2.99;5.27;-0.57;-1.38;0.82;2.87
199210;1.01;2.61;-1.02;3.77;3.71;-0.2;-0.61;0.24;2.07;2.86;-4.95;-0.52;-1.78;-0.77;2.84;4.77;1.07;-3.11;-0.79;2.14;4.92;0.94;-0.66;-0.17;4
199211;4.25;2.49;3.65;3.27;6.8;3.49;4.39;7.04;4.86;5.6;1.49;0.94;0.47;4.4;6.64;4.07;3.04;3.03;2.76;6.04;7.9;7.75;5.27;4.67;8.31
199212;0.65;-0.68;-0.97;0.41;-0.13;6.68;1.74;1.89;2.61;4.65;4.27;2.18;4.08;4.08;1.98;2.19;3.6;-1.93;4.23;5.47;6.05;4.4;2.07;3.3;2.57
199301;0.33;-1.34;-3.38;-2.97;-0.58;4.07;3.04;0.92;-1.13;3.42;4.78;1.97;0.37;1;4.21;4.8;3.87;3.24;2.5;2.05;8.99;8.64;8.75;3.48;3.99
199302;1.67;1.45;-4.92;-2.02;-6.15;-1.75;2.85;1.72;0.26;2.75;1.34;4.51;5.36;1.87;1.94;2.42;3.75;5.1;4.61;0.12;2.5;2.28;1.52;4.76;0.74
199303;1.72;2.7;0.86;1.66;0.63;2.27;4.01;2.87;4.38;3.12;4.23;3.99;2.12;4.79;3.48;2.46;1.72;-0.03;3.51;3.59;1.26;7.08;0.89;4.32;2.82
199304;-2.55;-1.06;-9.46;-3.75;-6.61;-2.8;-2.34;-2.12;-1.09;-3.45;-2.39;-0.47;-0.45;-1.42;-1.58;0.54;-2.54;-1.04;-3.19;-1.83;-1.21;-0.78;3;-1.99;-4.58
199305;4.06;2.53;4.17;2.03;6;5.13;4.55;3.4;3.45;5.73;1.74;2.59;0.71;1.44;2.23;0.37;0.7;1.68;1.58;5.63;4.84;0.62;0.1;2.84;-0.58
199306;0.22;-1.14;-2.08;-0.32;-3.28;0.4;-0.83;-0.79;1.85;0.99;0.07;0.72;2.59;3.35;2.23;0.94;2.21;1.14;2.23;1.69;4.2;3.29;4.99;2.02;3.69
199307;-1.92;-2.41;-1.35;-3.75;-3.21;2.12;0.55;1.06;0.48;-1.66;2.7;1;1.65;-0.86;1.11;4.48;1.89;2.03;2.46;2.02;-3.76;0.23;4.13;0.43;0.86
199308;3.65;7.44;4.55;3.68;3.42;4.38;1.98;2.97;2.77;2.88;4.93;3.23;4.99;4.93;3.63;5.54;3.62;2.64;4.89;6.18;3.63;3.22;1.15;4.23;8.96
199309;0.48;-1.69;-0.61;-0.57;0.83;1.37;1.65;-3.48;-0.1;1.18;-0.33;0.85;-1.39;-0.62;2.23;2.47;1.86;1.75;-0.99;-2.28;-1.42;-0.34;-1.39;-2.7;-0.77
199310;3.74;6.16;5.68;2.74;3.58;1.7;0.72;0.48;0.61;0.11;2.39;0.51;-0.24;-0.52;-2.69;3.35;-1.46;-1.09;-1.56;-0.69;5.03;0.98;6.34;2.55;-0.06
199311;-5.45;-0.13;-0.51;0.59;1.17;-1.41;-1.26;-1.81;-2.46;-2.38;-2.19;-4.29;-0.43;-1.37;-4.4;-4.11;-2.66;-4.36;-3.1;-0.68;5.88;-1.99;0.19;-4.04;-2.88
199312;0.92;1.87;1.43;1.74;-0.05;4.68;1.77;0.75;4.4;5.32;1.47;0.72;1.6;2.75;3.08;0.45;1.39;2.74;3.27;-0.54;2.46;0.7;3.91;4.55;3.67
199401;4.02;-1.99;1.96;0.62;2.99;4.78;3.11;4.94;2.58;3.33;3.96;4.3;2.74;6.05;4.43;5.65;4.35;-0.35;2.34;2.14;3.22;5.4;6.47;5.96;3.67
199402;-1.63;-5.36;-2.34;-2.18;0.02;0.04;0.24;-3.01;-0.91;-0.38;-1.13;-3;-3.74;-1.56;-2.54;-5.68;-4.17;-4.08;-2.86;-4.09;-3;-4.3;-5.25;-1.89;-2.08
199403;-7.68;-3.9;-6.33;-4;-5.66;-5.86;-4.1;-3;-4.38;-5.18;-2.96;-3.36;-2.69;-3.35;-4.8;-5.71;-4.04;-3.6;-4.58;-4.22;-0.73;-5.22;-5.59;-2.86;-4.94
199404;-0.86;1.62;1.55;1.73;-0.49;0.74;1.1;0.49;-2.63;1.56;0.68;2.83;3.58;2.79;2.33;2.88;1.31;-0.23;0.63;3.01;1.95;3.12;1.87;0.54;2.16
199405;-1.94;3.16;-0.43;1.57;-0.19;-0.96;1.73;2.92;3.44;0.58;2.52;0.34;-0.26;3.04;2.29;2.55;0.58;-2.93;-0.57;4.33;5.3;-1.6;-1.31;-1.07;-0.27
199406;-6.16;-1.2;-1.64;-2.67;-4.51;-2.58;-1.14;-2.77;-4.73;-1.42;-1.48;-2.07;0.13;-3.58;-2.52;-2.4;-0.82;-1.59;-1.7;-4.25;-4.48;-1.2;-3.54;-2.55;-3.45
199407;2.75;4.19;2.63;0.07;2.96;1.92;4.03;0.29;3.45;4.47;3.3;3.25;2.92;2.11;3.14;4.29;3.8;3.29;5.72;3.9;4.18;4.26;4.49;3.92;0.82
199408;6.53;6.22;3.71;7.97;8.22;4.77;5.18;5.38;5.31;4.04;4.92;1.38;0.6;3.36;3.16;8.07;2.95;2.32;1.82;4.62;7.22;1.98;2.53;-0.49;3.83
199409;-0.52;-0.93;0.62;-1.15;-0.51;-0.95;-2.96;-3.4;-2.81;-3.11;0.1;-2.67;-4.44;-2.79;-5.69;0.15;-3.3;-1.38;-2.88;-4.18;0.61;-3.33;-3.78;-4.13;-5.43
199410;1.4;3.01;2.27;2.58;3.48;-1.26;0.86;0;-0.07;1.94;1;4.11;0.44;0.07;1.82;4.64;1.99;1.88;1.57;0.69;0.63;-7.03;1.65;2.46;0.68
199411;-0.53;-2.68;-2.98;-1.9;-2.46;-5.77;-3.01;-4.89;-5.45;-4.25;-5.71;-4.02;-4.7;-5.49;-3.19;-4.96;-5.58;-2.56;-1.75;-6.24;-4.84;-4.09;-2.23;-2.54;-3.69
199412;1.05;0.87;2.46;1.25;0.19;2.46;0.43;1.07;-0.06;3.6;2.18;0.73;1.8;2.8;2.1;2.93;-0.03;0.93;1.65;0.61;-0.24;4.58;0.42;2.48;0.08
199501;2.36;4.11;1.61;2.36;1.45;2.17;2.31;0.44;1.57;1.07;-1.19;3.16;3.72;4.04;4.43;-1.44;2.18;1.2;4.73;4.86;1.17;-2.49;4.73;3.41;7.11
199502;2.5;2.46;4.75;2.67;4;4.7;3.95;5.73;4.68;6.68;4.82;3.37;3.79;5.85;3.62;5.41;5.96;2.63;1.7;4.5;6.82;6.45;2.79;1.84;3.82
199503;1.75;2;1.94;2.07;4.08;3.8;5.67;3.72;4.05;2.3;5.11;2.8;2.29;2.26;1.01;6.28;2.73;1.7;2.04;1.49;3.52;1.64;-1.93;-0.17;-0.81
199504;-0.8;4.69;1.98;2.63;1.35;1.77;1.39;1.34;3.2;3.42;4.25;2.9;2.64;1.9;3.09;10.77;3.21;1.9;1.67;1.79;5.71;2.17;4.99;2.57;3.34
199505;2.06;3.52;2.17;3.47;3.92;4;4.22;3.2;2.14;2.18;2.23;3.07;2.55;4.02;5.36;0.15;5.28;3.85;4.98;4.86;4.3;4.81;5.58;6.87;4.27
199506;2.85;2.17;2.88;2.39;8.33;2.41;1.62;2.7;4.51;3.76;3.92;-0.72;3.05;2.03;2.25;2.11;0.99;3.05;2.66;1.84;3.36;1.36;0.86;1;2.23
199507;3.57;0.44;3.23;3.78;7.02;3.12;0.97;4.01;4.87;3.38;4.38;4.11;5.09;3.81;5.54;3.56;2.95;5.45;5.28;5.99;2.03;0.99;2.55;3.64;4.94
199508;2.49;1.21;-1.52;-0.51;0.01;1.41;2.69;1.16;1.38;1.3;0.69;-1.53;2.13;1.82;1.8;1.28;2.16;2.6;3.71;2.52;3.43;1.44;1.46;6.39;2.21
199509;1.53;7.74;5.84;4.14;3.36;5.55;6.42;1.59;1.73;6.13;1.2;1.44;4.01;2.9;1.71;4.13;5.5;2.93;3;3.54;3.07;5.44;2.85;3.36;3.41
199510;-2.98;2.44;2.39;-0.91;-1.27;-1.66;-2.13;0.9;-1.38;-0.42;-2.64;1.2;-0.81;-3.36;-2.79;-3.76;-1.61;-1.6;-3.96;-3.6;-0.1;-0.9;-2.49;-5.6;-1.26
199511;7.16;5.77;6.6;5.51;2.62;5.3;5.02;5.41;1.26;0.01;6.2;3.58;5.14;6.81;2.82;4.32;6.64;5.2;6.72;5.19;2.69;2.16;5.31;4.72;5.74
199512;1.95;-1.57;2.63;1.29;-2.72;5.36;2.33;3.23;0.97;0.61;5.43;1.51;3.65;2.24;0.09;4.84;3.07;-0.74;2.16;-0.64;1.48;3.68;5.15;1.1;0.84
199601;4.17;2.35;5.33;3.05;1.05;5.05;4.94;1.64;2.27;2.09;2.95;3.34;1.74;1.42;0.43;-0.19;1.98;2.73;3.55;5.16;2.77;2.02;1.25;5.86;0.37
199602;4.07;0.81;-0.28;2.17;4.28;-0.43;3.08;2;4.36;-0.68;3.87;2.18;1.9;0.95;2.38;-0.02;0.64;1.31;2.02;1.83;-1.98;-0.75;-0.92;5.23;3.01
199603;-0.36;2.48;-1.29;0.84;1.37;1.36;0.11;3.33;-1.34;-0.73;1.72;1.75;0.19;3.25;2.73;0.69;2.2;4.16;3.85;2.21;0.24;-1.18;1.17;5.63;0.14
199604;4.1;0.31;-0.21;1.54;6.42;2.62;1.4;3.66;2.93;5.09;2.69;1.45;0.73;1.85;2.16;7.9;0.3;0.27;-0.02;-0.09;-1.19;-1.35;-0.99;1.72;3.14
199605;2.72;2.98;4.13;4.54;4.25;2.6;3.52;2.02;2.39;3.39;2.74;-0.27;0.67;2.42;2.66;2.85;1.73;1.79;3.34;1.72;0.73;2.35;2.77;1.21;2.97
199606;-4.71;2.95;1.39;0.04;-2.92;2.19;1.24;-0.83;-2.07;-0.47;-1.26;-0.41;1.26;-3.08;-2.74;-1.31;0.17;-0.78;-1.06;-3.37;1.7;2.94;-0.98;-3.53;-0.76
199607;-6.42;-4.7;-5.13;-6.12;-8.24;-4.68;-2.86;-4.94;-4.45;-7.88;-0.71;-4.07;-5.09;-5;-7.03;-4.94;-5.01;-2.15;-3.23;-2.32;-8.62;-6.38;-4.21;-6.69;-3.51
199608;1;-4.27;2.95;4.35;4.41;0.87;2.85;1.78;2.43;4.35;4.74;2.63;4.88;4.95;5.16;3.4;3.96;2.85;3.71;2.89;4.12;1.36;4.17;2.88;6.12
199609;3.87;3.49;5.91;6.36;9.97;3.51;4.92;4.06;7.14;5.39;6.08;4.36;4.1;4.87;3.05;2.86;1.82;2.9;4;3.45;2.23;1.92;-1.12;3.8;4.65
199610;-0.25;3.28;0.41;-1.26;-1.19;2.93;2.84;0.84;4.6;-2.91;4.88;4.59;4.83;0.88;2.37;2.22;2.15;6.26;3.69;3.56;2.02;2.49;4.58;4.06;3.02
199611;6.11;7.38;7.62;5.14;7.72;4.8;5.11;7.08;6.6;9.42;11.18;7.21;5.92;9.38;9.32;2.47;3.4;8.27;7.11;7.17;4.78;4.5;5.5;6.94;6.53
199612;-1.23;2.69;-0.09;-4.12;-2.34;-0.76;-0.11;-0.49;-4;0.9;-1.77;-0.44;-2.15;-1.28;-1.89;1.6;-0.83;-1.27;0.42;-0.12;0.7;1.9;-0.93;0.47;-3.17
199701;7.23;6.37;6.97;6.1;7.7;6.57;5.86;3.17;4.86;5.32;4.22;5.56;1.89;4.75;6.79;3.76;2.47;6.53;4.34;3.7;1.5;0.56;4.18;4.93;3.17
199702;1.14;4.19;2.69;1.11;-5.5;2.14;-0.34;1.49;0.8;-3.94;-3.29;-1.14;3.11;1.77;1.08;-0.49;0.07;3.82;1.94;2.48;2.49;1.39;0.39;3.1;5.53
199703;-5.23;-6.98;-6.62;-4.44;-6.53;-6.76;-2;-3.71;-4.1;-4.22;-2.23;1.65;-3.88;-4.8;-3.43;-0.52;-1.58;-5.79;-3.69;-6.52;-3.52;-4.38;-3.46;-0.14;-5.55
199704;3.98;3.44;7.65;6.82;6.96;4.29;1.8;1.73;8.57;1.54;7.56;2.64;3.64;5.23;4.36;-0.81;0.71;5.14;4.67;4.64;0.71;-0.13;4.22;-0.87;0.27
199705;7.26;7.66;6.47;5.06;9.82;4;6.15;7.4;7.46;12.02;5.21;5.41;7.47;4.9;5.41;7.72;5.89;4.51;7.12;7.34;6.7;5.46;6.37;6.24;5.64
199706;5.88;3.86;5.26;5.54;1.65;3.45;5.56;3.01;5.7;5.09;5;4.25;5.58;2.99;3.96;3.14;3.53;7.71;2.25;4.23;2.85;3.29;2.38;4.02;4.71
199707;4.56;2.73;3.62;8.54;12.75;6.6;9.45;5.34;9.7;11.17;10.51;7.23;8.35;8.73;8.95;8.26;7.53;5.48;7.55;5.36;4.77;5.82;7.06;10.14;6.78
199708;-6.7;-7.07;-7.92;-6.85;-2.49;0.83;-3.61;-5.41;-2.53;0.55;-3.13;-4.25;-2.42;-2.4;-2.63;0.25;-2.65;-3.58;-2.23;-5.34;2.11;-0.68;1.62;-1.3;-7.17
199709;5.18;6.74;4.84;6.26;4.06;8.72;5.16;5.18;4.9;6.97;3.66;5.28;5.46;7.88;8.98;7.58;7.35;5.31;7.42;7.06;4.61;5.39;6.21;5.87;9.37
199710;-2.51;-3.18;-1.18;-1.8;-5.89;-2.92;-4.91;-3.82;-7.65;-4.55;-4.9;-3.33;-1.85;-4.85;-2.24;-2.7;-3.36;-1.24;1.64;-3.24;-2.73;-1;-3.65;-6.57;-1.64
199711;4.16;3.43;7.17;6.1;0.86;6.72;7.76;4.32;3.01;2.24;3.1;1.04;0.45;2.64;2.57;1.69;0.76;3.37;6.24;0.9;3.3;4.12;1.41;2.29;-1.44
199712;0;5.9;3.33;0.05;-3.03;6.25;1.46;2.44;1.08;1.18;4.4;1.42;1.4;3.56;4.75;4.74;1.52;3.38;5.42;1.77;2.46;6.1;6.75;3.31;1.75
199801;3.06;1.59;1.98;4;4.31;0.93;-1.35;0.07;-0.91;0.31;-1.8;-3.23;-2.88;-3.6;-2.05;-1.74;-0.79;-0.99;-1.03;2.55;0.32;-3.28;1.51;0.83;4.94
199802;4.59;5.13;6.81;7.45;11.12;2.19;5.49;6.6;7.83;7.92;9.48;7.99;8.55;10.07;7.96;5.71;6.02;7.71;7.56;10.19;5.6;6.72;7.96;7.11;4.72
199803;4.09;0.23;4.06;8.02;3.57;7.4;5.27;7.93;3.26;1.63;4.2;5.06;4.38;6.58;5.52;5.72;5.63;4.01;5.05;11.48;8.87;5.23;9.86;5.4;8.6
199804;-2.38;-1.55;-1.57;3.94;2.18;-3.39;2.51;-0.02;0.08;4.3;3.32;3.61;2.04;-0.32;3.52;-0.72;0.01;0.53;3.11;1.55;0.48;-0.56;3.12;-0.68;0.52
199805;0.28;-3.68;-0.18;-2.38;-5.44;-0.23;-0.56;-3.27;-3.83;-5.64;-4.26;-2.55;-2.69;-3.74;-3.51;-0.44;1.6;-1.69;-0.09;-0.27;-1.73;0.11;5.09;-7.54;0.25
199806;2.75;6.17;5.98;6.7;9.23;-0.41;0.02;3.25;0.22;-0.27;0.06;1.36;2.23;-0.77;3.99;-2.21;0;-0.04;4.49;5.76;0.05;0.77;7.45;-0.85;2.14
199807;-2.02;-0.55;-1.66;-1.55;-0.32;-1.75;1.72;-1.41;-5.05;-2.43;-5.89;-3.95;-3.64;-5.09;-5.02;-6.74;-5.9;-2.08;-5.84;-6.05;-1.7;-3.12;-1.57;-4.18;-6.21
199808;-13.91;-12.77;-12.46;-15.71;-17.54;-13.71;-14.88;-16.76;-20.43;-22.37;-14.57;-11.63;-18.48;-20.31;-24.58;-15.04;-11.47;-11.77;-16.47;-13.52;-13.39;-8.19;-17.72;-7.47;-8.7
199809;7.67;0.8;7.95;11.8;15.76;6.44;6.94;2.8;5.85;-0.16;10.78;9.46;3.18;-1.68;3.17;5.73;5.4;6.67;1.44;8.56;8.86;3.8;7.71;7.56;3.05
199810;7.03;12.31;8.46;8.6;1.05;7.45;8.8;8.97;10.01;13.66;4.75;3.74;9.1;8.72;8.36;3.59;2.75;2.89;8.12;4.16;3.54;4.66;6.75;0.95;2.59
199811;9.61;5.65;4.73;10.6;10.1;3.53;6.25;5.58;7.14;5.61;7.57;4.72;5.99;6.92;4.51;3.85;3.54;4.35;6.25;-0.06;3.44;5.18;2.56;5.9;3.04
199812;7.44;6.8;5.79;10.58;14.98;4.6;6.8;5.28;5.09;-0.29;2.1;0.55;3.05;3.69;-0.42;3.23;1.81;4.07;4.3;3.21;3.46;1.35;6.64;4.16;1.57
199901;1.69;1.2;0.5;8.82;15.05;2.12;3.48;-1.85;-0.16;8.92;-0.58;-5.45;2.95;0.66;4.78;0.58;-6.51;-1.17;-1.74;0.7;-0.53;3.38;1.76;-0.57;-3.81
199902;-2.78;-3.25;-0.28;-6.77;-11.45;0.27;-3.57;1.25;-4;-2.73;-2.64;1.2;1.07;-2.72;-4.66;-6.82;-4.6;-0.33;0.48;-6.73;0.4;-4.29;-3.93;-5.72;-5.9
199903;7.09;3.05;4.59;3.27;6.44;6.33;1.54;-0.5;2.23;1.84;4.67;5.66;5.17;5.49;5.82;3.97;1.23;3.23;0.93;0.72;0.47;1.77;-2.31;1.09;-0.87
199904;1.69;-0.49;0.25;3.21;-0.94;3.5;9.04;8.19;7.38;9.9;18.06;10.16;5.31;8.3;7.6;8.51;8.58;7.14;6.7;12.29;8.8;6.19;11.18;4.01;7.31
199905;-4.37;-1.03;-4.08;-2.29;-3.45;-1.73;1.76;-2.21;0.64;-3.07;-1.99;-1.89;-0.58;0.84;-3.29;2.28;3.14;5.41;-0.95;-0.15;1.32;1.33;-5.66;3.54;6.64
199906;1.65;3.11;6.75;9.23;11.04;4.39;3.55;5;10.34;7.52;2.68;2.9;4.94;1.39;6.39;3.48;2.19;-0.4;-0.63;1.1;2.54;-0.99;-0.1;0.2;-1.99
199907;-0.19;-2.21;-1.67;-2.55;-6.41;1.24;-5.38;-3.08;-4.49;-5.26;-0.46;-2.91;-0.02;-2.65;-2.8;-4.08;-2.04;-2.8;-3.08;-2.28;-2.26;-3.26;-4.09;-0.23;-1.58
199908;-4.3;-3.01;1.92;-0.01;2.82;-2.45;-1.66;-3.41;-5.08;-6.35;-1.29;-1.74;-2.43;-2.15;-3.73;0.37;-1.35;-2.34;-1.43;-5.13;-1.54;-3.81;-0.47;-2.3;-2.91
199909;-0.77;-3.03;-4.27;1.13;-0.55;-3.4;-2.17;-4.47;-2.08;-3.5;-3.4;-6.62;-7.08;-5.36;-6.02;-5.23;-4.62;-4.2;-5.36;-10.7;-2.93;-4.51;-7.84;-2.68;-0.58
199910;7.11;1.85;5.8;10.98;7.09;-0.15;12.04;1.44;5.96;13.73;3.29;0.12;5.64;3.41;2.42;-0.57;2.91;-2.14;2.79;8.91;1.62;3.85;5.01;2.6;-1.92
199911;-0.19;5.26;4.39;3;9.18;3.96;1.45;1.37;-1.79;-3.15;0.09;1.18;-1.75;-1.79;-3.83;-1.85;-6.29;0.72;0.13;-6.42;-0.51;-5.54;2.81;0.28;3.21
199912;5.86;2.32;3.46;9.89;19.86;6.38;6.19;2.29;0.74;-0.88;1.31;4.2;2.47;8.84;-0.3;3.99;-0.7;2.2;4.11;0.79;3.36;1.19;1.94;-0.55;8.24
200001;0.22;0.48;-6.12;-4.18;-8.12;-1.96;-4.59;-0.14;-9.77;-4.08;-2.58;-6.18;-2.84;1.63;-3.07;-5.95;-2.57;-1.33;-1.28;-6.49;-1.95;-5.66;3.98;-7.35;-4.22
200002;10.84;-1.14;-2.63;2.43;10.72;-4.62;3.21;-2.2;0.55;-6.02;-6.02;-3.46;-1.67;-1.95;-0.98;-6.29;-6.37;1.47;7.41;-7.91;-0.69;-7.98;-1.84;-1.91;1.89
200003;7.81;9.25;6.02;7.91;7.48;2.97;8.07;12.53;7.42;10.95;7.67;13.29;15.02;5.52;8.1;9.01;9.88;4.4;5.29;19.64;2.88;8.32;7.09;13.67;4.15
200004;-4.09;-2.25;-0.64;0.94;-16.1;-3.02;-7.22;0.85;0.48;-3.55;0.01;-1.07;1.35;0.7;-6.48;4.58;6.06;2.01;-1;2.71;3.37;1.26;7.07;-3.01;-2.85
200005;-5.97;-5.73;0.63;-2.2;-10.08;7.1;-3.45;-2.8;1.24;1.75;0.35;1.65;-1.29;-0.47;2.7;-4.27;3.27;-2.23;-2;1.56;6.83;2.42;-9.98;-1.36;-5.78
200006;7.03;5;2.02;7.28;12.8;-3.55;-2.25;-5.55;-3.06;-3.28;-1.88;-5.41;-4.27;-3.41;-2.37;-5.36;-3.99;-0.5;1.41;-4.94;0.96;-5.5;-6.69;-3.65;2.3
200007;-3.21;0.36;-3.17;-4.63;-3.61;0.48;3.26;-0.4;4.6;-1.41;1.08;5.66;4.88;9.04;-2.66;4.58;5.31;4.1;8.6;-2.83;4.23;6.99;-1.47;3;1.53
200008;6.9;4.19;3.01;6.77;10.2;6.97;10.47;4.66;10.03;11.14;5.59;8.16;6.58;9.49;6.05;7.54;7.86;6.21;1.33;9.45;6.79;4.28;15.59;4.86;5.39
200009;-3.69;-4.12;-1.25;-0.31;-11.55;-4.01;1.07;-2.85;0.8;-2.88;-0.8;3.81;5.27;3.15;-3.03;2.85;2.45;7.37;6.93;-2.93;1.85;1.29;-3.06;-5.15;-1.28
200010;0.69;-1.25;0.71;-0.67;-5.01;0.88;4.21;-1.34;0.53;-2.57;0.9;1.33;0.08;2.81;-6.87;-1.04;2.28;-1.62;3.88;-3.12;-0.1;4.92;-1.22;0.9;-0.37
200011;-8.05;-2.2;-0.77;-6.82;-18.87;-3.3;-1.6;-9.42;-7.92;-6.84;-1.42;0.04;-1.82;-2.01;-9.69;0.67;1.26;2.92;-4.67;-4.02;0.1;1.64;-5.99;-1.85;-3.31
200012;6.06;0.6;2.13;3.07;-6.68;7.16;10.59;10.53;8;7.72;13.76;8.58;9.03;11.13;6.25;9.48;8.98;7.56;10.36;13.88;1.2;8.16;4.05;9.73;4.15
200101;1.67;3.26;0.83;-0.28;8.59;0.23;1.83;5.29;2.06;6.62;-0.53;2.38;1.64;-3.72;9.52;-2.71;0.98;-4.71;3.18;0.08;1.3;-0.19;3.48;5.58;0.29
200102;-2.92;-6.38;-5.18;-7.42;-20.86;-4.44;1.55;-5.22;-4.69;-5.37;-0.69;-1.79;0.53;1.07;-2.34;2.02;1.43;3.86;0.04;1.38;1.66;4.41;1.78;-2.75;1.13
200103;-3.8;-7.18;-6.13;-8.09;-11.6;-3.67;0.31;-1.32;-5.64;-5.31;-1.75;-0.59;-0.53;-0.15;-3.81;-6.56;-3.78;-3.35;0.79;-2.48;-1.68;-0.78;-1.71;-2.71;2.21
200104;6.08;9.22;3.83;8.2;14.04;6.99;4.9;4.68;6.31;8.14;7.26;1.98;1.21;4.5;6.25;7.18;3.73;5.93;5.2;4.9;2.32;5.88;6.58;4.57;4.04
200105;4.11;1.22;1.81;1.47;-1.66;3.07;3.08;2.01;0.36;2.43;-0.03;3.8;5.19;2.84;-2.2;3.84;5.5;1.59;-2.41;5.99;6.38;4.07;5.71;6.95;1.13
200106;-0.23;-3.39;-2.59;-2.47;-0.36;-3.47;-1.13;-3.86;-1.69;-0.49;-2.52;-0.72;2.36;-0.45;-0.14;-2.01;-2.08;-0.02;-0.73;-0.97;-2.19;-0.74;4.81;0.36;-4.13
200107;-4.03;-2.03;-0.11;1.99;-4.76;-2.38;-0.84;1.66;-0.08;-3.48;-1.59;2.02;-2.03;-3.65;-4.25;0.05;-1.22;-0.82;2.43;-4.47;0.52;-0.69;-0.31;0.81;5.26
200108;-1.9;-2.79;-3.92;-5.95;-11.67;-2.38;-3.19;-1.8;-3.62;-8.2;0.21;-1.62;-3.01;-2.71;-7.41;-2.49;-6.39;0.95;-2.26;-4.63;-4.03;-3.25;-6.95;-1.76;-8.64
200109;-7.19;-3.79;-7.84;-2.79;-12.66;-9.85;-11.53;-7.26;-13.52;-11.04;-6.6;-5.97;-3.74;-10.05;-15.02;-9.85;-7.05;-4.81;-10.55;-13.83;-3.11;-13.68;-18.19;-18.9;-7.43
200110;2.12;4.94;2.32;-1.9;8.54;-1.19;-0.29;-2.52;5.09;1.99;-0.84;1.38;-3.58;0.51;3.88;5.89;-0.06;-2.52;1.43;4.47;-2.01;1.9;-1.33;4.52;-10.86
200111;6.22;1.9;8.46;5.79;11.39;11.76;8.79;7.25;8.87;3.87;5.41;4.24;6.41;5.78;7.46;7.25;8.44;5.09;6.42;8.95;9.26;9.5;13.25;11.83;13.78
200112;1.35;2.51;2.31;-0.65;-0.42;-0.12;4.25;3.8;4.07;2.85;6.24;4.59;4.73;6.06;1.79;4.66;-1.45;3.42;5.67;5.14;1.35;4.62;1.28;5.51;5.84
200201;-0.43;-3.84;0.17;-0.59;-1;2.32;-1.06;-0.27;-2.72;-4.65;-2.03;1.18;-1.22;-1.3;-4.98;4.63;-0.29;0.45;4.13;-0.32;-7.38;7.14;2.15;2.71;-4.11
200202;0.42;-0.24;-0.45;-1.04;-6.78;-0.67;1.98;4.11;-2.51;-1.27;-1.16;1.31;3.97;0.59;-0.84;1.09;1.25;-2.19;-2.19;-8.65;-7.01;-0.84;4.4;-2.68;-7.05
200203;5.24;3.3;2.77;1.69;4.41;4.68;6.6;4.01;8.98;5.41;5.51;3.89;4.47;3.53;8.61;7.52;6.01;6.51;6.17;8.47;5.28;6.35;8.73;9.71;4.65
200204;-3.05;-11.17;-4.08;-6.48;-9.57;-0.37;0.25;2.53;-4.34;-7.32;-0.78;3.41;3.38;-1.34;-4.25;0;0.09;1.13;5.47;-5.02;-8.78;-2.8;3.23;3.23;-10.76
200205;-0.64;-0.19;-1.93;0.62;-3.22;1.94;0.68;1.11;-1.57;-3.68;-2.58;2.17;-1.8;-2.89;-0.43;-0.68;1.82;-0.83;-1.89;-3.14;-1.25;-0.27;-2.74;-2.62;-2.36
200206;-6;-4.91;-11.02;-6.31;-7.41;-4.81;-5.42;-3.23;-4.52;-8;-5.99;-5.14;-4.53;-7.82;-8.94;-3.44;-3.32;-4.47;-3.06;-7.71;-9.07;-1.18;-10.6;-1.52;-17.41
200207;-2.06;-2.95;-7.34;-6.65;-6.69;-13.91;-8.88;-7.8;-6.11;-11.93;-13.56;-14.04;-7.86;-8.73;-7.75;-12.61;-9.77;-7.15;-9.69;-15.77;-12.04;-16.61;-9.4;-12.56;-18.3
200208;-5.19;2;-0.39;0.75;0.35;-1.03;-2.09;1.89;2.67;1.17;1.49;-0.04;-0.5;-1.35;3.69;1.77;0.64;1.84;2.98;4.41;8.73;5.24;0.61;1.17;6.23
200209;-14.49;-9.91;-10.36;-10.84;-9.01;-12.89;-10.96;-12.21;-10.52;-10.31;-12.16;-13.12;-8.42;-7.25;-6.91;-13.76;-8.53;-7.77;-6.11;-7.14;-9.01;-10.38;-10.21;-14.01;-8.28
200210;17.26;10.11;5.45;10.83;9.48;6.47;9.56;11.45;5.36;3.31;5.9;8.06;6.21;0.19;1.65;-4;3.31;7.9;4.11;-0.3;3.07;0.74;1.63;-2.02;15.36
200211;14.61;4.24;7.24;5.23;2.93;10.5;6.37;4.34;4.17;5.58;11.18;11.87;6.31;5.71;2.5;11.6;5.07;0.78;7.14;1.8;10.03;15.24;3.43;10.17;9.06
200212;-15.26;-5.21;-6.09;-6.4;-6.86;-9.72;-3;-2.99;-4.51;-4.54;-5.67;-7.36;-3.47;-3.52;-1.34;-7.82;0.75;-0.65;-5.28;0.93;-5.21;-6.92;1.06;-0.54;-13.01
200301;1.59;-0.96;-3.13;-3.72;-2.57;-6.57;-2.53;-2.73;-1.2;-2.73;-2.48;0.22;-2.85;-2.99;-3.16;-0.2;-3.74;-4.51;-3.31;-1.17;-13.16;-0.89;-4.17;-3.19;-7.07
200302;2.64;-1.77;-1.46;-0.92;-1.59;-1.11;-3.43;-4.1;-1.28;-1.27;-3.57;-3.71;-1.49;-4;-5.22;-3.12;-3.38;-4.47;-2.35;-0.28;-3.01;-9.2;-3.85;-5.56;-1.8
200303;-1.91;2.8;-0.5;3.61;3.24;0.13;0.04;-4.18;0.34;-0.83;0.64;1.28;1.67;-2.01;0.99;0.44;2.02;-0.44;0.37;2.3;-3.81;-3.65;-0.21;0.35;-1.56
200304;11.74;4.64;7.84;8.64;7.78;9.78;6.66;7.39;8.68;8.29;8.87;13.76;6.06;9.87;9.86;9.96;6.99;7.81;11.72;4.26;7.97;13.15;7.6;11.94;17.59
200305;11.8;5.54;10.05;1.11;5.05;11.43;6.03;9.86;6.17;9.52;12;7.95;4.55;9.72;6.97;10.25;6.76;6.4;7.08;9.64;12.28;8.07;4.91;12.5;10.3
200306;-2.19;-2.32;2.19;3.4;-0.34;2.42;1.56;3.75;0.99;1.99;0.6;0.63;0.31;2.43;1.21;-0.2;3.17;0.25;-1.14;0.21;2.35;4.64;-0.5;7.84;4.68
200307;5.37;7.21;2.98;0.66;1.59;3.45;1.3;1.93;6.87;3.34;4.22;-3.99;3.8;3.24;0.04;1.96;1.54;3.77;1.77;-0.17;3.26;1.73;-0.97;3.69;1.21
200308;2.5;6.86;3.14;1.19;0.68;10.18;3.21;1.18;0.68;2.99;4.15;1.1;2.64;0.04;2.51;5.15;4.45;5.23;1.53;2.58;6.27;4.71;3.36;5.72;2.97
200309;-1.85;-3.57;-2.74;1.28;-0.89;-2.68;-2.76;0.54;-2.7;-0.7;-3.29;-2.79;-1.46;-0.37;-0.84;-3.09;-5.76;-2.31;0.06;0.59;-0.57;2.16;-1.41;-2.1;-5.03
200310;5.47;10.31;5.55;2.26;5.78;10.4;8.72;4.44;8.94;9.61;9.03;7.34;6.75;8.58;9.61;5.56;6.23;6.87;6.77;8.58;8.34;7.2;6.25;0.5;7.74
200311;3.47;1.64;-0.37;0.44;1.63;3.92;0.92;1.84;1.35;1.71;0.75;-0.08;3.18;2.56;1.19;4.33;0.65;3.7;2.14;-0.69;4.9;3.67;3.23;2.8;0.98
200312;4.57;2.29;0.92;5.72;2.24;3.48;6.74;6.13;5.71;3.13;8.9;6.92;3.47;0.92;4.08;5.44;6.75;4.11;3.66;5.63;4.04;8.4;8.69;11.93;5.06
200401;2.94;-0.52;0.65;2.74;2.33;4.55;1.22;1.46;1.2;2.97;2.25;2.79;1.59;2.91;3.22;4.97;-0.76;2.23;3.27;2.88;6.72;3.81;-2.51;9.3;0.47
200402;-0.52;-0.18;3.1;-0.66;2.1;1.37;0.11;2.46;2.17;4.41;0.18;0.71;4.41;4.06;0.82;0.5;-0.96;2.1;2.94;0.1;2.15;2.25;0.38;7.37;2.42
200403;-3.72;-3.54;-1.37;-2.56;0.04;-3.89;-1.31;0.1;-2.16;0.11;-0.71;-0.76;-1.76;-1.3;1.13;-0.68;1;0.94;0.92;-0.22;-0.76;0.19;-1.24;-1.66;-3.2
200404;-2.4;-1.72;0.34;-0.39;-0.19;-3.57;-2.75;-2.56;-1.64;-3.25;-3.7;1.53;-3.44;-4.02;-7.95;-5.54;-2.35;-2.16;-4.17;-1.11;-5.07;-2.83;1.07;-0.07;-2.87
200405;2.77;3.4;0.92;1.93;1.13;4.11;0.24;-0.35;2.5;0.96;0.18;-2.2;0.37;1.48;3.32;1.98;-0.47;1.72;-1.02;0.53;3.3;1.47;-1.21;0.63;1.34
200406;-0.44;-0.03;-0.25;3.18;0.34;0.09;5.49;2.55;1.51;2.41;3.32;3.17;0.27;1.77;2.47;2.05;0.04;3.48;4.39;2.33;3.42;6.83;5.24;3.05;1.15
200407;-10.59;-6.57;-4.95;-2.91;-6.19;-5.79;-5.28;-2.86;-2.2;-3.09;-6.07;-2.36;-2.24;-2.7;-3.87;-5.17;-2.2;-0.66;-0.99;-3.16;-0.35;-1.57;-2.59;-1.46;-2.88
200408;-4.62;-0.89;-1.25;-0.48;0.82;-3.36;1.19;1.35;2.37;0.23;-0.04;1.06;-0.92;2.6;1.47;1.43;0.06;0.55;2.27;-1.25;1.56;0.68;-1.26;2.16;-0.65
200409;-4.26;3.02;-0.74;0.62;2.82;5.18;3.21;1.77;0.54;1.93;3.5;1.78;5.68;1.37;5.88;3.3;1.39;1.18;2.16;4.07;2.47;3.43;2.65;3.7;3.12
200410;3.6;4.08;1.52;1.27;1.09;3.66;1.34;1.33;2.09;-1.26;2.17;1.81;0.65;4.18;3.22;0.68;1.86;-0.6;2.17;-2.57;3.46;5.52;1.57;0.75;-0.07
200411;0.71;3.22;2.87;3.15;4.16;6.63;6.8;7.18;4.12;7.47;5.81;3.61;6.97;5.77;6.7;10.28;5.87;3.23;6.46;7.47;7.36;5.47;6.44;6.53;8.06
200412;5.36;4.33;5.02;3.05;3.55;3.45;2.02;3.62;3.39;4.63;2.55;2.81;0.21;3.5;2.43;2.82;2.66;4.67;2.5;5.2;4.84;4.48;4;1.57;2.39
200501;-7.47;-0.57;-2.67;-1.84;-5.44;-6.25;-3.9;-2.22;-0.63;-2.07;-4.61;-2.66;-0.01;-0.3;-1.71;-3.27;-3.57;-2.12;-0.42;-2.2;-1.98;-1.48;-0.61;-0.53;-2.5
200502;1.35;0.52;1.76;-0.86;1.53;0.93;1.76;3.39;5.69;0.98;1.74;0.63;7.72;0.38;4.08;6.27;2.07;1.62;3.33;-1.47;2.55;5.14;5.05;3.71;2.57
200503;-1.29;-2.34;-1.8;-1.7;-0.2;-1.96;-0.57;-1.8;-3.41;-6.52;-1.98;-1.55;-1.32;-3;-0.51;-2.15;-0.43;-1.5;-0.56;-2.77;0.24;3.09;-0.39;-1.44;-2.51
200504;-3.15;-4.02;-1.62;-1.16;-1.06;-2.41;-0.51;-3.77;-1.88;-4.44;-4.86;-1.79;-6.55;-2.78;-4.58;-7.38;-1.62;-1.69;-2.26;-0.19;-2.78;-4.11;-2.59;-2.55;-4.08
200505;6.24;5.54;3.99;3.28;5;5.74;6.61;3.01;1.24;6.17;5.82;2.49;5.27;2.63;4.6;5.43;1.57;1.7;2.63;5.11;2.96;2.33;3.69;6.6;5.88
200506;0.63;0.67;-1.85;-2;-0.49;1.04;1.87;-1.01;1.28;4.57;2.04;-0.63;2.99;1.52;6.8;3.64;1.37;2.23;4.08;3.12;2.16;1.85;3.86;3.56;3.72
200507;3.02;5.5;2.96;6.1;6.05;4.9;3.12;2.4;2.07;5.52;3.53;3.97;3.79;4.91;2.77;3.46;2.22;4.5;5.76;3.75;3.76;3.21;6.78;7.55;7.01
200508;-2.3;-2.45;-1.74;-0.18;-3.13;-0.07;-1.89;-1.03;-0.03;-1.78;-0.93;-1.89;-1.77;1.85;-0.75;-1.28;1.38;-1.53;-2.79;-1.29;-0.73;0.41;-0.69;3.32;3.94
200509;3.24;-1.19;-1.01;-2.05;2.24;-0.27;-0.99;0.51;2.68;2.17;-0.9;0.78;-2.04;3.88;0.29;0.4;2.05;1.12;2.15;1.6;0.38;0.15;2.66;6.46;5.35
200510;-2.29;-1.77;0.51;-0.89;-0.77;-0.73;-0.78;-2.22;-3.24;-4.32;-1.13;-2.69;-1.15;-3.04;0.83;-3.12;-1.54;-2.4;-0.52;0.64;-5.39;-2.59;-4.37;-6.12;-2.64
200511;3.16;6.86;1.22;5.35;5.24;4.04;4.92;1.47;5.29;4.96;3.73;3.67;4.55;3.14;5.09;3.89;3.6;4.8;4.78;3.98;0.52;3.34;1.58;-1.65;2.17
200512;0.2;-2.12;-0.13;-1.49;-0.24;0.1;0.78;2.65;-0.99;1.48;1.33;0.25;0.37;2.31;-0.22;-1;-0.25;-0.32;0.83;1.84;0.97;0.1;0.29;-0.01;0.18
200601;7.26;-0.78;0.03;2.93;4.35;2.2;1.96;3.67;2.32;4.57;2.67;4.09;4.57;4;3.49;5.8;3.35;5.25;4.55;3.28;4.98;3.15;6.71;11.95;9.56
200602;3.97;-1.04;1.21;-0.7;-1.13;1.92;2.09;1.51;-0.75;-0.92;0.69;2.12;3.25;-1.68;0.53;0.66;0.35;2.09;2.98;-0.18;-1.4;0.09;-2.69;-2.49;-5.5
200603;4.04;1.22;1.3;1.31;1.38;3.42;2.98;-1.01;3.08;3.63;1.47;0.84;2.33;2.15;3.23;1.57;1.21;0.89;2.07;2.06;0.49;0.69;1.74;4.37;2.87
200604;-0.69;1.34;-0.35;-1.55;-1.33;0.58;1.61;2.58;2.03;0.12;-0.06;-3.02;2.44;2.93;3.94;0.79;0.63;1.34;5.09;3.58;4.02;1.03;0.98;4.3;5.32
200605;-4.93;-3.58;0.61;-3.69;-7.22;-2.49;-2.87;-3.68;-2.47;-5.9;-3.28;-1.99;-0.43;-2.69;-4.87;-2.57;0.2;-2.59;-1.3;-4.16;-0.67;-0.67;-0.95;-3.61;-2.76
200606;0.52;0.35;-0.43;0.32;0.14;-1.78;-1.32;-0.76;-0.97;0.88;-0.72;1.47;-0.99;0.21;0.19;2.48;0.23;1.92;-0.1;-0.41;1.18;0.48;2.36;3.33;4.75
200607;-0.8;-0.3;0.51;-6.96;-3.16;-1.68;-3.02;4.17;0.29;-0.8;2.21;-0.22;-1.51;2.45;-0.61;1.11;2.38;-0.58;0.67;1.77;-1.78;-0.4;-0.18;0.15;3.08
200608;6.1;2.31;4.19;2.29;3.91;4.4;2.31;2.34;0.65;0.2;4.56;5.66;3.02;0.46;-0.83;3.29;0.86;2;-2.51;-0.8;4.57;1.32;1.46;3.14;-1.88
200609;3.73;2.11;0.91;3.1;4.24;3.97;3.91;0.09;2.73;-0.71;2.08;1.39;3.78;4.32;1.83;1.82;1.76;2.06;-1.32;0.06;0.83;4.91;0.58;0.22;2.53
200610;3.41;3.85;3.44;1.64;4.55;3.28;4.8;4.52;2.68;3.78;0.57;2.56;3.66;3.02;4.46;4.59;2.97;4.47;3.71;2.57;4.53;4.34;7.38;2.98;6.84
200611;2.63;-0.04;0.03;0.29;3.04;1.12;1.2;3.91;3.03;4.51;3.22;0.53;2.48;1.28;3.77;-0.43;1.99;1.18;6.47;5.56;4.26;-0.17;2.77;3.68;1.51
200612;1.5;-0.46;0.81;-0.77;-2.63;4.72;-0.13;2.35;0.14;-1.9;-2.02;6.26;2.26;0.73;0.02;2.92;1.99;2.97;2.76;0.83;0.8;4.19;1.27;1.45;3.21
200701;1.76;2.77;2;2.91;2.93;-0.87;5.15;0.46;2.79;2.92;1.8;1.23;-1.3;0.66;3.19;2.38;2.19;1.5;-0.57;1.96;3.12;3.41;0.39;1.89;3.17
200702;-3.5;-2.83;-1.85;-0.11;-1.6;-1.61;1.61;-1.41;-1.68;1.68;-1.54;-5.21;-2.06;-2.78;-1.43;2.12;-0.81;-1.37;-0.37;-0.71;0.29;-3.51;0.8;1.95;-0.84
200703;0.63;-1.24;-0.06;0.65;2.14;0.67;0.87;2.58;0.18;2.37;0.73;1.57;-0.28;1.01;1.38;1.32;0.66;1.56;1.75;3.68;1.33;0.68;3.66;2.85;2.84
200704;6.48;5.57;6.19;4.39;2.65;4.75;3.09;3.63;3.79;3.65;4.2;3.21;4.7;2.61;4.35;4.71;4.44;2.22;2.92;3.08;2.88;3.53;3.31;2.08;1.89
200705;3.21;1.9;2.18;3;4.01;3.08;3.63;4.03;4.2;6.06;3.87;3.59;4.06;2.34;5.52;4.64;1.83;1.38;5.01;6.7;3.58;4.84;2.15;2.2;7.3
200706;-1.56;-1.55;-1.97;-0.38;-1.66;0.4;-1.3;-0.21;-1.27;0.43;-3.96;-3.5;-2.65;-2.47;-2.65;-0.41;-3.12;-2.48;-1.67;-0.68;0.66;-1.46;-4.33;-4.29;-2.76
200707;-1.05;-3.23;-3;-2.4;0.11;-4.57;-1.17;-1.04;-5.4;-2.58;-7.19;-3.93;-2;-4.91;-6.32;-3.09;-7.69;-5.92;-8.01;-5.22;-6.94;-4.19;-7.12;-0.26;-3.1
200708;0.33;1.39;0.68;0.28;3.14;1.94;2.87;2.16;1.29;2.82;3.42;3.13;2.98;3.24;0.56;-0.07;0.89;0.39;-1.53;2.91;-3.25;-2.66;0.44;-1.15;0.31
200709;3.43;3.41;3.32;5.73;6.08;1.83;3.93;4.34;1.5;5.1;-1.02;2.61;4.25;1.54;2.74;1.98;0.03;3.65;2.38;2.96;3;1.97;-0.46;4.44;5.75
200710;5.81;3.42;2.95;1.89;4.87;2.24;-0.08;1.95;4.46;3.39;0.22;1.49;0.74;-1.09;-1.59;3.29;-1.84;3.03;2.91;3.37;0.14;2.45;-3.67;4.61;0.17
200711;-5.35;-2.49;-2.81;-2.84;-4.85;-0.83;-4.8;-3.2;-5.33;-3.07;-3.87;-8.02;-3.13;-5;-10.85;-4.94;-5.39;-2.46;-5.59;-2.1;-5.98;-5.34;-3.3;-6.48;-7.48
200712;0.62;-2.14;-1.36;-1.26;-0.37;-1.13;-1.59;0.94;-1.58;0.47;-3.43;0.47;2.46;-2.37;-2.47;-0.72;-1.97;1.12;0.32;-1.33;-5.51;-1.03;-4.4;1.28;6.04
200801;-6.35;-9.93;-5.41;-5.43;-10.62;-3.23;-5.42;-6.83;-3.74;-8.35;0.62;-5.95;-8.37;-1.56;-5.15;-5.19;-4.1;-4.96;-0.19;-2.29;-7.86;-2.55;-5.04;-6.51;-6.45
200802;-2.98;-0.9;-0.18;-1.76;-4.04;-1.81;-5.8;-0.49;-6.45;-0.84;-4.36;-3.05;-0.34;-6.19;-3;-4.09;-6.69;-2.28;-8.18;-1.88;-5.85;-4.13;-1.48;-0.55;-2.88
200803;0.68;-3.27;1.86;1.08;0.85;0.62;5.14;-1.33;-2.48;1.56;-3.71;-1.81;-2.44;-2.74;-5.87;-4.84;-6.82;1.2;-3.05;-2.95;-1.99;0.76;-1.43;0.92;1.79
200804;2.45;2.3;1.15;7.45;6.99;0.83;-2.63;6.48;6.02;3.35;0.34;4.57;7.34;3.72;10.48;5.06;5.94;6.53;7.64;2.96;4.13;8.4;4.55;6.71;5.97
200805;3.09;3.12;3.94;2.03;4.76;3.99;-1.69;-0.47;1;2.37;0.64;0.89;4.22;-4.88;-0.56;3.05;2.55;5.99;-1.2;0.36;2.89;5.88;3.5;1.16;4.59
200806;-6.91;-5.67;-9.53;-5.88;-7.91;-9.14;-10.69;-4.67;-10.55;-7.9;-9.87;-9.53;-5.71;-15.36;-10.83;-3.01;-12.37;-7.94;-12.07;-11.09;-11.66;-8.59;-11.86;-4.77;-6.68
200807;-3.85;0.94;-1.06;2.52;-1.89;1.76;4.24;2.95;-3.9;-7.89;-3.51;0.98;-1.6;-3.9;-4.91;-6.17;-1.61;-3.38;10.24;-1.93;1.76;3.11;0.34;5.82;3.83
200808;3.46;2.28;1.16;1.07;1.41;3.28;1.01;3.28;1.11;-0.04;0.99;2.67;2.26;3.93;-5.3;3.73;1.72;0.3;-0.54;0.7;4.86;5.19;4.18;2.69;2.01
200809;-5.75;-9.02;-10.52;-10.3;-14.29;-12.46;-7.41;-2.71;-9.06;-13.77;-18.58;-8.11;-0.32;-2.96;-14.73;-12.45;-9.17;-15.24;4.39;-8.5;-7.17;-8.21;-5.19;-32.1;-2.32
200810;-17.24;-15.04;-14.8;-17.35;-17.91;-16.43;-11.22;-15.97;-14.81;-21.01;-19.01;-13.18;-18.48;-13.88;-22.08;-29.05;-12.76;-20.8;-23.7;-19.26;-22.49;-23.35;-16.59;-6.48;-19.81
200811;-9.82;-6.36;-8.73;-8.41;-9.09;-11.96;-2.73;-5.83;-1.25;-8.45;-10.04;-5.66;-11.82;-3.47;-11.89;-9.59;-2.16;-5.07;-24.7;-12.18;-15.59;-4.69;-7.05;-15.81;-21.54
200812;-1.99;5.33;5.8;1.73;3.15;5.75;0.74;1.53;1.46;1.94;3.67;2.81;-0.34;-0.23;3.63;-6.16;1.53;1.47;-4.87;0.28;4.33;5.19;5.18;4.09;3.48
200901;-6.85;-4.09;-3.68;-4.34;-2.14;-6.01;-8.01;-14.49;-6.69;-6.25;-2.96;-11.03;-11.48;-11.51;-7.55;-13.04;-10.34;-9.56;-26.84;-6.68;-14.98;-13.16;-8.97;-14.92;-21.17
200902;-5.94;-10.88;-10.62;-7.17;-3.62;-10.52;-10.44;-5.51;-11.59;-11.97;-13.76;-14.12;-13.32;-15.2;-6.33;-4.88;-8.77;-16.21;-21.99;-14.26;-12.45;-14.21;-13.43;-18.05;-20.98
200903;10.65;8.48;5.61;10.34;11.24;8.53;1.69;9.29;5.46;11.26;8.33;9.67;11.33;12.14;13.03;7.32;7.44;6;20.73;4.04;11.94;7.49;7.54;10.66;12.36
200904;10.75;7.03;6.23;8.44;10.64;15.38;5.73;9.19;6.51;12.6;11.89;7.28;16.82;11.29;14.7;18.32;6.79;9.54;23.49;13.9;21.72;19.06;9.16;16.36;19.97
200905;3.96;4.84;8.08;3.33;4.89;6.19;4.7;1.03;5.15;11.61;8.16;8.05;2.9;5.17;7.99;6.77;-0.18;6.25;14.7;10.83;-0.39;2.15;-0.49;8.7;2.25
200906;6.24;0.94;-0.19;1.95;1.66;0.53;-0.69;0.26;-1.27;-1.02;-0.08;0.59;-2.36;-1.64;0.78;-2.54;2.47;-1.56;-4.03;-4.62;1.66;4.22;3.52;-3.8;3.33
200907;10.12;4.49;6.75;7.34;5.6;12.64;9.92;9.69;7.2;7.87;9.02;8.36;10.75;5.53;6.93;11.39;14.92;9.32;9.87;8.81;10.28;8.33;8.66;13.89;4.24
200908;2.87;1.19;0.97;1.52;1.27;6.93;5.48;1.81;1.43;5.23;4.59;3.47;3.6;0.92;1.88;4.61;7.23;2.05;4.41;7.71;20.23;7.39;10.99;15.67;5.77
200909;4.19;2.28;5.44;2.79;5.36;3.55;1.61;4.91;4.11;4.53;5.56;1.78;9.36;0.5;6.24;7.42;3.21;4.88;4.34;3.93;5.87;7.67;10.66;-0.18;8.95
200910;-4;0.81;-0.39;-2.04;0.16;-2.18;-1.58;-3.08;-0.22;-2.89;-0.45;-2.96;-5.79;-2.47;-3.51;-7.39;-5.99;-5.09;-3.68;-3.62;-7.01;-7.57;-9.96;-10.67;-7.36
200911;6.82;6.39;5.46;7.06;6.85;8.98;4.93;8.35;4.25;3.21;1.09;2.89;7.52;4.17;3.99;2.82;8.78;5.4;4.17;4.78;1.32;4.19;6.57;7.92;4.47
200912;4.93;-1.63;1.92;1.17;4.62;3.02;4.06;2.36;2.93;3.63;4.44;2.08;2.42;4.25;5.75;4.14;4.83;6.99;5.62;2.26;0.53;11.67;5.67;-1.4;6.39
201001;-3.51;-3.19;-1.98;-2.22;-6.91;-6;-3.76;-4.82;-3.9;-3.23;-6.02;1.73;-1.03;-4.73;-1.22;-6.07;0.37;-5.02;-3.81;-5.1;-4.19;-4.22;1.16;1.15;-5.49
201002;4.33;1.65;3.49;3.23;2.41;6.36;3;5.13;3.11;3.64;2.82;2.69;2.7;1.72;3.52;4.9;3.95;5.6;3.39;4.86;5.76;7.19;7.06;6.66;4.99
201003;8.38;4.74;4.59;4.62;7.12;7.85;5.48;6.82;4.82;6.95;5.14;5.07;8.2;6.83;5.83;8.09;7.68;9.52;5.72;5.69;10.97;10.8;9.15;7.99;4.13
201004;2.88;1.09;-0.41;0.72;1.61;2.79;2.45;2.5;4.21;0.7;6.61;-0.04;3.28;1.34;4.21;0.42;2.92;5.91;3.91;0.29;8.68;2.69;3.07;2.94;4.14
201005;-6.97;-6.18;-6.03;-7.43;-8.79;-7.04;-7.61;-6.47;-7.62;-9.28;-8.13;-7.57;-9.55;-6.38;-10.02;-5.46;-9.14;-8.55;-6.87;-8.96;-10.47;-9.61;-11.12;-10.45;-7.83
201006;-6.97;-3.28;-1.77;-3.63;-6.23;-8.78;-7.17;-4.35;-6.17;-9.1;-6.71;1.85;-7.55;-4.55;-5.67;-8.64;-7.25;-5.53;-5.23;-6.91;-10.95;-14.61;-15.43;-7.97;-8.58
201007;12.43;5.62;7.34;8.52;6.26;5.14;5.01;5.58;6.45;5.53;8.05;10.24;9.29;6.62;6.03;7.31;9.68;8.36;6.65;4.75;5.63;8.65;7.74;8.01;0.99
201008;-6.96;-4.17;-4.79;-3.01;-3.83;-8.53;-4.39;-4.72;-6.24;-3.15;-4.84;-10.45;-4.08;-4.34;-0.24;-5;-9.67;-1.99;-2.17;-1.49;-8.29;-9.26;-6.34;-6.21;-9.37
201009;13.7;8.91;9.97;8.35;12.24;13.26;8.77;7.15;10.43;10.57;10.03;8.77;8.5;8.85;8.93;8.98;8.8;9.9;7.89;6.87;9.54;7.79;7.87;7.41;7.28
201010;5.57;3.33;4.99;5.27;4.46;4.47;5.35;4.71;3.67;4.64;5.47;5.75;3.17;3.24;3.27;2.12;0.72;3.02;3.49;0.03;5.31;2.57;3.84;2.95;-5.52
201011;6.59;0.95;0.46;-0.59;-0.31;4.84;0.67;3.48;3.3;0.92;-0.39;1.64;0.91;0.19;-1.45;1.48;0.6;0.19;-0.16;0.27;0.31;0.14;-0.66;-1.21;-3.12
201012;9.18;4.31;5.31;5.41;4.01;9.74;8.16;4.92;6.21;5.74;9.2;8.91;7.86;6.69;6.75;9.38;13.3;7.53;6.76;5.62;11.44;13.09;8.79;8.41;15.42
201101;2;0.93;3.47;-0.43;0.96;5.22;1.82;5.66;1.13;3.27;3.68;2.9;3.33;3.65;-0.04;0.03;5.73;-0.11;2.29;2.41;-2.1;1.74;2.35;1.73;4.64
201102;1.94;5.17;0.46;2.96;2.88;4.44;3.44;3.94;2.66;5.26;9.25;0.95;8.21;3.8;3.28;7.49;4.29;2.93;5.13;5.25;3.73;0.32;5.77;5.14;4.15
201103;1.76;0.62;1.44;-0.47;0.48;0.48;0.63;-0.47;0.84;0.08;0.39;1.07;2.06;1.36;2.74;0.07;-1.77;3.71;1.36;-1;-0.57;-2.21;0.44;-1.02;-2.54
201104;3.14;4.65;5.07;3.07;3.31;0.22;3.45;3.44;5.23;2.95;2.47;-1.45;1.79;3.39;5.01;2.1;1.37;2.56;3.47;0.2;1.35;3.58;3.13;2.33;-3.73
201105;-3.75;-0.47;-0.2;-0.02;0.23;-2.46;-0.86;-2.83;-2.61;-1.03;-3.01;-2.04;-2.76;-0.41;-0.79;-2.59;-4.13;1.24;-1;-3.57;-2.29;-4.28;-0.86;-1.84;-1.47
201106;-4.03;-0.97;-0.83;-0.13;-1.56;-4.83;-2.79;-1.72;-2.56;-1.87;-3.18;-1.47;-2.09;0.79;-3.29;-2.65;-3.66;-0.81;-0.16;-1.58;-1.56;-1.48;-0.97;-1.37;-4.79
201107;-3.07;-0.01;-1.92;-2.33;0.67;-3.61;-3.07;-3.24;-4.15;1.23;-4.41;-5.29;-4.06;-0.71;-0.92;-5.04;-2.89;-2.21;-3.68;-3.23;-5.01;-6.37;-2.37;-4.05;-4.35
201108;-9.96;-3.32;-4.01;-4.97;-4.22;-1.49;-2.49;-3.58;-4.77;-8.12;-7.87;-8.14;-8.99;-9.07;-8.55;-3.97;-5.29;-6.45;-4.97;-7.22;-10.61;-11.05;-6.15;-8.74;-6.1
201109;-11.39;-7.49;-5.38;-8.78;-4.99;-3.78;-5.87;-7.23;-7.58;-7.21;-5.04;-10.19;-11.19;-9.46;-8.25;-5.84;-6.39;-6.82;-9.77;-10.3;-9.69;-12.96;-10.81;-8.89;-7.34
201110;14.04;10.24;10.82;10.97;8.62;7.05;11.37;12.16;10.37;16.36;9.77;16.44;15.43;15.11;11.79;9.51;10.23;9.09;13.29;12.19;11.1;13.15;12.43;13.05;12.09
201111;-1.93;2.63;1.32;0.18;-2.66;1.18;1.09;1.8;-0.85;0.32;-0.85;-0.88;0.22;1.71;1.84;2.51;1.22;-1.85;0.4;-1.49;-2.36;-5.65;-3.51;-0.58;-0.56
201112;-1.56;0.62;-0.55;-0.08;-1.61;2.26;1.79;0.1;0.97;-0.55;8.4;1.25;1.46;0.22;1.7;5.42;2.67;1.77;3.03;-0.13;-2.19;0.62;3.73;2.27;-2.5
201201;10.37;3.5;4.92;7.88;8.74;0.27;2.2;4.67;5.02;4.32;4.4;6.66;7.1;2.81;1.76;0.61;1.74;3.97;3.76;3.18;4;8.27;6.86;5;4.94
201202;3.91;4.83;2.95;3.95;7.15;6.33;4.06;0.92;2.91;3.83;2.72;2.21;3.87;3.98;4.24;2.27;6.01;4.29;1.32;4.66;9.17;6.52;4.44;4.68;2.62
201203;4.15;4.22;2.62;2.73;5.45;1.31;2.93;2.59;2.11;2.81;3.82;2.33;2.22;-0.54;-0.03;4.79;2.33;2.62;1.57;0.47;4.74;6.87;5.69;2.04;2
201204;-1.83;0.18;-0.96;-0.47;0.21;-2.67;0.85;-1.01;-0.44;-1.82;-0.81;-0.95;-2.28;-0.69;-0.8;1.61;0.29;-0.22;-1.68;-2.21;0.81;-5.46;-3.02;-0.19;-1.74
201205;-6.25;-5.87;-6.82;-7.54;-5.67;-3.06;-3.48;-0.64;-6.49;-9.19;-4.08;-6.29;-6.28;-6.07;-8.66;-3.37;-2.78;-6.69;-5.25;-7.2;-7.14;-8.24;-10.84;-8.64;-5.65
201206;2.86;3.99;2.23;1.69;3.19;2.05;3.28;3.05;5.23;3.78;8.78;3.07;3.81;3.43;6.21;4.41;4.84;3.7;3.52;3.33;5.62;5.34;6.7;4.01;5.1
201207;0.45;0.83;1.43;0.48;1.07;1.44;1.44;-0.09;0.16;2.55;1.29;-1.36;1.47;3.46;0.06;-1.76;2.55;0.62;1.43;-1.42;-3.05;-1.02;1.61;1.34;0.44
201208;3.91;0.15;1.56;0.42;5.82;4.92;0.58;5.52;1.89;2.69;1.31;2;-0.37;2.95;4.1;5.26;0.99;0.05;0.73;0.01;8.15;4.06;0.89;7.77;3.5
201209;3.67;3.26;0.72;1.41;1.54;2.57;3.94;2.6;2.13;3.14;5.43;2.01;3.51;2.95;2.56;2.25;3.61;3.07;1.87;2.57;6.3;3.67;5.3;1.89;3.96
201210;-1.82;-2.42;-0.51;-1.73;-6.28;0.39;0.19;-2.12;-0.44;-1.51;-2.77;0.12;-0.96;-2.73;-0.05;1.32;-3.48;-1.27;-0.24;-0.56;4.74;2.66;2.93;-0.35;2.94
201211;3.42;1.32;0.53;2.68;1.36;2.71;0.05;2.05;-0.84;2.35;0.34;4.31;0.75;-1.49;0.99;0.19;0.81;-0.9;0.08;-2.64;-0.51;-1.5;-2.42;-1.55;0.15
201212;-0.62;-0.08;-0.11;0.81;-0.98;0.53;-0.9;0.81;1.14;1.66;0.75;1.91;1.25;2.17;2.92;2.13;0.97;2.74;4.35;3.35;9.61;4.75;4.16;2.05;3.09
201301;8.96;6.91;5.28;4.97;1.36;6.38;5.25;6.82;4.25;7.32;7.68;6.73;5.08;7.28;6.83;5.6;5.71;5.15;7.06;7.47;6.36;9.19;6.26;14.19;4.1
201302;1.14;1.01;1.98;2.04;0.38;2.28;0.56;1.47;0.2;0.82;1.99;1.51;2.85;0.24;1.96;0.94;2.79;2.93;3.84;-0.43;0.58;1.66;1.46;0.23;0.64
201303;4.47;4.33;5.83;5.21;1.68;5.14;5.11;3.59;2.86;3.52;4.08;4.79;5.06;2.37;2.46;5.56;4.54;5.22;4.23;3.67;5.11;4.39;1.14;5.17;4.13
201304;2.52;0.99;1.39;1.93;2.27;1.59;3.15;0.53;0.34;0.29;-0.46;1.15;4.32;1.15;-0.8;0.44;2.16;2.19;-1.51;0.46;2.62;1.96;4.32;-0.74;0.7
201305;2.81;-0.58;2.37;0.74;4.17;3.29;1.31;4.21;3.88;2.52;0.33;3.99;-0.92;4.01;5.14;3.13;-1.17;4.05;2.49;3.33;8.76;4.83;4.95;8.24;1.35
201306;-2.18;-3.42;-0.52;-0.49;-3.14;-1.31;-0.52;-0.2;-0.94;-2.04;0.58;-2.28;0.78;-0.33;-2.2;-1.91;-0.13;0.27;-0.22;-1.58;-3.23;-2;-0.8;-0.03;-1.2
201307;6.01;3.75;5.04;1.91;10.15;6.1;7.34;6.06;4.31;4.9;4.11;4.89;4.83;6.57;4.71;7.31;4.82;4.84;5.48;6.94;5.03;7.69;7.08;6.61;5.09
201308;-2.15;-3.4;-2.38;-1.2;1.47;-1.52;-1.32;-5.41;-1.35;-3.02;-4.33;-4.7;-2.33;0.3;-2.75;-3;-3.4;-4;-4.42;-1.81;-3.65;-4.44;-5.19;-2.77;-3.8
201309;3.42;4.28;3.84;4.41;5.76;2.04;3.48;2.99;4.66;4.51;3.44;2.11;2.58;5.59;3.36;3.59;2.73;5;2;4.87;5;3.24;1.52;2.27;3.59
201310;3.04;2.72;3.67;5.18;4.26;5.31;1.73;4.3;1.86;6.65;7.42;4.87;3.75;5.35;2.52;7.64;5.22;4.65;2.7;5.46;3.64;3.86;3.63;4.98;3.06
201311;2.47;3.18;3.06;3.88;3.5;2.94;3.8;2.61;2.1;2.68;1.05;4.52;5.95;0.02;2.59;2.08;0.57;2.36;2.45;2.37;3.81;4.27;6.56;5.14;-0.78
201312;3.55;2.24;3.33;1.99;2.37;0.78;4.06;0.93;4.7;4.66;3.47;3.85;1.94;4.64;3.87;1.49;1.49;3.02;2.58;3.51;2.56;1.54;2.07;0.65;2.76
201401;-4.12;-4.44;-3.83;-2.92;-2.5;-4.71;-1.16;-4.17;-2.99;0.95;-6.53;-4.82;-2.16;-4;-2.84;-6.25;-4.53;-1.18;-4.41;-4.32;-2.53;-5.2;-1.24;-5.72;-2.09
201402;5.6;5.24;4.8;3.89;6.27;3.77;6.92;4.23;6.57;4.07;2.76;5.38;3.49;7.53;5.29;5.28;1.56;2.61;3.75;4.24;4.54;3.53;2.38;2.92;5.24
201403;-0.05;0.29;1;-0.09;-4.77;1.08;-0.19;2.22;0.3;-2.95;1.06;0.64;2.45;-0.6;1.26;3.05;3.69;1.66;4.86;1.58;2.18;0.68;4.61;5.15;3.87
201404;-0.31;0.31;0.36;-0.57;-0.32;0.47;0.34;1.58;-2.07;-2;0.91;1.65;-1.22;-0.44;-1.59;1.92;1.24;0.39;2.16;-0.07;-1.62;0.94;-3.71;-0.43;1
201405;2.53;0.84;2.04;2.81;4.08;1.37;1.89;1.59;2.53;2.68;1.61;-0.11;3.91;2.52;3.88;2.97;0.93;1.53;0.94;1.6;0.75;0.44;0.27;2.54;2.83
201406;3.07;1.29;-0.52;1.51;3.72;0.07;0.79;1.49;3.16;4.64;0.41;0.94;1.72;5.69;5.63;3.69;2.25;3.61;2.89;6.62;4.13;2.67;3.17;6.66;4.28
201407;-3.94;-3.59;-1.78;-0.85;-1.54;-2.59;-4.22;-3.02;-0.37;-2.26;-2.97;1;-1.58;-0.11;-2.3;-1.44;-2.22;-2.88;-3.54;0.55;-1.77;-2.35;-3.56;-1.85;-4.51
201408;4.15;4.71;4.89;4.18;6.37;3.82;5.19;3.58;5.53;3.87;3.65;3.67;2.78;3.29;4.68;2.98;1.16;4.81;3.15;0.34;4.9;4.45;4.38;8.38;-2.58
201409;0.34;-1.53;-0.64;-0.61;-2.51;-2.11;-2.31;-1.35;-0.91;-2.15;-2.17;-2.87;-3.66;-1.87;-3.32;-4.42;-1.88;-3.2;-4.42;-2.61;-0.59;-1.91;-3.34;-0.98;-1.93
201410;4.02;3.82;0.7;6.33;2.08;7.13;1.79;2.3;3.06;1.04;2.43;3.77;3.24;0.67;0.85;3.57;2.21;-0.05;0.39;1.05;1.09;2.32;3.72;2.11;-1.73
201411;4.52;4;3.03;4.25;2.9;4.46;4.26;4.6;4.17;-1.08;2.58;4.34;0.41;5.48;2.12;4.1;0.05;0.8;-1.81;0.57;-0.24;-0.95;0.22;5.1;-3.34
201412;0.29;1.43;-2.8;-0.3;-1.42;3.13;-0.17;1.45;-2.67;-0.92;-1;0.27;1.42;0.4;-0.28;0.29;0.02;1.78;1.68;-4.68;1.78;2.46;3.57;1.38;-1.34
201501;-4.58;-1.9;-0.53;-1.23;0.87;-1.39;-0.07;-4.82;-2.63;-1.9;-3.8;-2.11;-3.62;-3.44;-7.86;-6.34;-3.46;-4.49;-5.9;-3.07;-8.29;-6.07;-4.84;-3.88;-1.06
201502;7.11;5.5;5.75;6.17;7.79;6.35;2.85;5.01;8.4;5.64;8.64;8.11;4.58;4.79;9.26;5.98;5.35;5.3;5.67;9.93;4.85;4.91;3.18;3.02;10.72
201503;-1.28;-2.27;-2.31;0.11;0.19;-0.53;1.04;-1.58;-1.91;0.01;-0.98;0.21;-2.23;-1.42;-3.22;-3.32;-2.21;0.19;-0.98;-0.81;-2.36;-1.36;0.44;-1.88;-2.29
201504;-0.37;-2.18;-0.05;-1.1;1.03;-1.35;-0.61;-1.7;2.62;-0.32;2.29;-1.84;0.01;1.48;0.93;2.77;2.16;1.54;2.23;3.23;1.73;2.97;0.84;-1.72;1.11
201505;1.05;1.66;1.73;1.91;2.06;2.22;2.22;-0.02;2.04;0.98;2.33;2.68;0.49;1.03;1.13;1.68;0.02;0.6;-0.94;0.39;1.27;1.07;1.98;0.88;-0.82
201506;-2.95;-1.67;-1.49;0.53;1.66;-1.52;-2.85;-3.64;-2.03;-1.63;-1.8;-0.68;-1.42;-3.84;-2.52;-1.83;-0.16;-2.8;-2.52;-1.95;-0.7;-0.55;-0.65;-3.74;-1.76
201507;1.83;4.66;2.19;0.05;5.51;0.83;-0.06;3.51;5.94;2.78;1.28;0.33;-0.38;0.67;-3.67;-3.13;-1.47;-2.09;2.67;-2.2;-5.17;1.37;0.68;0.98;-6.57
201508;-6.68;-4.71;-3.71;-6.85;-7.95;-8.11;-5.75;-8.74;-3.89;-5.97;-2.93;-6.08;-5.92;-5.37;-6.49;-6.09;-4.15;-5.46;-5.13;-4.56;-4.81;-7.45;-5.71;-4.14;-2.51
201509;-1.61;-1.43;-0.55;-2.95;-4.1;-6.05;-2.49;-2.38;-3.89;-1.57;-4.72;-1.06;-1.65;-3.54;-8.29;-6.91;-2.69;-1.46;-2.27;-6.53;-7.09;-5.55;-3.34;-0.18;-6.61
201510;7.69;7.66;6.99;7.47;9.29;9.99;6.63;7.73;9.03;13.24;8.84;10.28;7.4;6.59;7.1;6.82;9.05;6.71;4.58;4.59;10.65;7.26;5.74;1.44;3.91
201511;0.65;1.09;-0.97;0.28;1.48;-1.16;0.81;-1.6;2.36;2.46;-1.49;0.09;-0.75;1.79;1.17;2.33;1.38;1.47;0.24;0.7;0.66;2.25;2;0.06;3.33
201512;-0.75;-0.62;-0.84;-5.33;-0.29;-2.15;-0.65;-1.33;-3.3;-0.53;-0.99;-1.59;-1.47;-3.19;-7.31;-6.23;-6.22;-1.74;-2.8;-7.89;-6.64;-4.57;-1.98;-1.92;-6.77
201601;-3.68;-2.35;-6.93;-8.02;-12.68;-6.14;-3.95;-4.18;-4.63;-3.19;-0.44;-4.31;-7.53;-6.54;-7.69;-7.73;-8.8;-3.29;-2.82;-8.71;-8.05;-13.09;-6.4;-1.73;-5.07
201602;0.68;1;0.69;0.26;-2.18;2.71;2.47;1.08;-1.66;-4.57;0.5;1.89;1.99;-2.4;-2.12;-1.9;-0.92;0.85;1.16;-1;-2.87;-6.79;-2.7;0.28;2.92
201603;6.97;6.75;5.04;9.22;5.57;7.33;6.28;5.6;6.87;8.92;6.35;5.24;6.7;6.74;10.6;5.74;9.04;8.5;6.69;11.34;12.41;8.37;7.18;8.93;9.62
201604;0.87;0.01;-0.05;-6.71;3.67;0.85;0.76;1;-3.06;-6.16;-1.2;2.64;1.37;3.11;5.5;4.96;4.35;2.93;2.56;4.39;4.43;8.29;4.09;1.61;2.96
201605;1.33;0.66;1.08;3.82;3.43;-0.03;1.92;0.49;3.85;5.14;0.77;2.75;2.01;2.01;2.34;-1.44;-0.02;0.65;-0.53;3;-1.28;0.73;2.69;2.18;1.85