196307;1.57;2.6;0.2;-1.29;0.59;0.96;1.25;0.09;-0.04;-1.68;-0.79;1.61;-1.03;-0.24;0.12;-1.78;-0.74;-3.08;1.27;2.79;-0.91;0.21;0.98;-1.76;-0.16
196308;5.93;2.57;6.26;5.61;5.9;1.62;3.77;4.35;5.82;5.42;6.02;3.96;6.22;5.78;6.26;7.85;7.48;8.39;3.69;11.97;5.62;3.96;1.91;6.4;7.46
196309;-5.06;-4.76;1.37;-1.89;-1.21;-2.13;-3.43;0.68;-2.4;-4.61;-0.98;-0.09;-2.28;-3.06;-2.17;-1.02;0.69;-4.27;-0.61;-8.55;-3.77;-4.58;1.57;-0.47;-3.96
196310;-2.18;-3.8;0.8;4.01;7.27;-0.51;2;2.39;0;2.76;1.67;-0.44;1.03;1.79;4.9;2.52;1.54;7.28;7.5;19.6;1.81;0.99;3.36;-2.18;7.47
196311;-3.11;0.1;-0.98;1.04;-2.67;-5.16;0.41;1.84;-0.15;-2.16;1.23;-2.66;-0.63;0.03;0.71;0.36;-2.34;-0.94;0.88;5.34;-0.33;0.57;-0.7;-0.47;-1.7
196312;-0.59;5.61;1.63;2.9;1.89;0.24;4.82;1.27;3.78;0.97;-0.78;2.93;2.16;1.26;-0.47;1.39;2.09;1.84;2.43;5.22;3.57;2.5;-2.36;-3.84;-0.08
196401;0.61;4;3.8;2.02;2.95;4.06;6.24;2.46;0.72;2.16;-0.62;3.79;-0.46;0.75;1.91;3.45;1.95;3.17;2.72;10.79;1.97;5.15;-0.15;1.04;6.66
196402;7.61;2.44;1.18;0.97;2.36;-1.48;0.96;0.48;2.41;-0.16;3.98;0.8;1.52;2.77;3.61;2.41;4.25;6.76;5.06;10.74;3.34;2.69;2.17;9.24;13.93
196403;-1.03;-1.63;-0.6;1.21;1.81;0.12;2.45;-0.47;3.32;4.37;2.96;4.51;5.06;3.76;3.53;6.91;4.15;6.28;4.25;13.7;2.01;5.67;-1;-1.15;15.16
196404;5.43;6.11;0.37;-2.45;0.52;6.98;2.17;0.7;1.26;1.72;7.37;0.31;-1.1;1.04;-2.34;-2.43;0.21;-2.49;-4.95;-10.32;3.13;-1.83;-0.06;3.46;-5.58
196405;2.15;1.81;3.76;0.22;2.63;-2.14;1.84;-0.22;1.44;4.59;0.94;1.58;0.77;0.84;0.19;0.35;4.02;2.57;7.03;7;4.48;1.46;1.77;-4.08;4.72
196406;3.98;0.69;3.02;0.7;0.85;2.65;0.69;4.61;0.63;2.67;-1.86;0.52;1.47;1.04;0.57;1.6;1.71;2.37;-2.5;3.74;2.57;2.15;2.86;-0.94;2.86
196407;-1.14;1.61;3.15;3.58;2.36;2.55;1.09;0.15;3.27;1.24;3.84;3.62;2.85;3.67;4;1.55;1.56;2.03;1.26;4.01;0.56;5.18;3.15;-0.03;6.3
196408;-2.61;-0.22;-2.16;-1.28;-1.35;0.97;-2.7;-1.17;-0.43;-2.86;-0.12;-1.84;1.77;-0.95;4.55;-2.84;-0.29;1.77;-2.48;-6.85;-1.56;-2.27;3.46;-0.21;-7.77
196409;2.94;3.59;2.12;3.22;3.07;5.37;1.91;0.64;2.76;3.87;3.7;4.81;3.11;4.47;6.29;4.56;4.78;4.14;0.63;1.35;3.71;6.26;2.01;11.53;-0.56
196410;-2.07;4.66;-2.18;1.03;-0.26;0.66;2.16;0.04;2.86;1.89;2.87;0.51;0.11;0.35;-0.95;3.78;-0.07;1.97;4.1;5.49;2.57;4.43;3.27;2.5;-3.81
196411;-4.83;4.09;0.9;1.52;0.39;1.99;1.11;-1.42;1.75;0.46;3.7;0.62;0.51;-1.73;0.47;-3.08;-0.45;0.96;1.26;0.46;-1.95;-0.76;2.49;-5.87;-4.7
196412;0.4;-0.19;-0.15;0.84;1.12;-0.76;0.23;2.48;0.25;-1.84;-0.76;-2.17;-0.06;-0.02;0.47;-2.04;-1.74;-1.29;1.93;-2.92;-2.49;-1.04;-0.51;-1.57;-2.46
196501;7.2;-1.79;5.33;4.75;6.02;7.52;-1.48;1.51;4.7;2.94;4.09;3.64;4.21;5.51;0.33;5.87;3.97;3.02;5.62;12.46;7.77;8.39;0.62;3.26;3.87
196502;-2.3;-1.39;0.59;1.23;0.43;0.79;-2.45;0.74;1.66;5.62;2.33;-0.49;2.45;4.17;1.04;3.44;-0.64;2.89;2.07;10.46;2.72;2.05;3.94;-2.95;-2.22
196503;-4.5;-3;0.44;-0.92;-1.12;0.54;-3.29;-1.16;-1.03;-1.11;-2.9;-1.39;0.12;-0.09;-1.02;0;0.3;-0.82;-0.65;-1.98;-0.13;-0.05;-0.81;3.52;0.64
196504;3.2;6.47;0.78;2.95;4.95;6.59;1.41;2.23;1.98;3.43;2.42;2.04;3.61;5.62;2.72;5.93;1.72;7.36;1.35;3.52;4.39;7.74;3.92;11.17;1.96
196505;-5.34;-0.75;0.39;-1.05;-0.54;-5.74;0.34;1.43;-0.12;2.64;2.25;0.11;-2.45;-2.97;-0.97;-2.1;0.6;-0.63;-2.29;5.84;-1.07;2.19;-0.82;-7.22;-4.08
196506;-3.52;-1.97;-4.66;-4.88;-5.11;-8.73;-2.09;-4.11;-5.07;-7.08;-6.95;-4.97;-5;-7.49;-8.45;-8.39;-4.11;-7.23;-5.52;-6.39;-8.21;-8.81;-7.54;-7.7;-4.27
196507;8.99;0;2.54;0.69;2.01;5.59;-0.79;0.57;-0.85;1.66;0.27;2;2.59;3.19;4.5;4.65;2.53;4.2;2.6;8.88;5.44;3.93;2.78;2.22;5.26
196508;3.51;-0.22;2.78;2.04;4.68;2.66;1.39;0.42;2.41;8.21;2.56;4.4;4.1;4.77;5.21;-0.8;3.3;3.53;1.85;4.78;2.5;3.52;6.1;0.52;3.72
196509;5.05;2.15;7.18;2.56;4.16;3.3;1.4;3.25;2.84;3.11;-1.7;2.04;0.91;4.21;8.71;4.21;4.1;3.46;3.26;2.88;7.03;0.43;3.74;4.34;3.05
196510;3.66;-1.5;0.99;2.75;4.73;1.48;-2.22;1.49;0.96;7.44;3.68;3.9;1.84;3.48;7.24;3.27;5.16;6.27;2.38;4.01;6.27;6.21;6.03;9.71;4.45
196511;3.13;0.82;-1.71;1.84;-0.43;2.36;-4.8;-0.14;1.15;2.07;-1.17;1.08;0.42;4.73;13.38;1.89;-0.95;3.13;0;9.33;2.66;0.28;0.74;-7.86;4.15
196512;16.48;0.88;2.88;0.71;0.68;1.72;-1.01;0.15;0.7;1.29;1.77;1.91;1.19;2.77;-0.8;0.59;3.21;4.84;5.8;6.14;4.8;5.23;14.09;-2.53;-1.48
196601;10.13;-4.2;-1.96;-0.12;0.6;1.43;-1.22;-0.9;0.04;5.85;1.21;2.02;1.23;5.4;5.66;4.79;4.58;2.63;2.05;5.61;7.63;3.21;-0.22;-0.69;5.21
196602;20.77;-2.02;-4.29;-1.28;-0.41;-2.76;1.05;-3.93;-2.29;-1.03;-1.62;-1.37;-1.29;0.38;5.34;-1.85;-0.25;1.21;-1.45;7;-0.22;0.75;1.95;-1.16;0.76
196603;-4.61;-4.5;0.2;-0.97;-1.2;-3.5;-5.2;-2.01;-2.5;-1.73;-4.06;-0.95;-3.57;-0.52;1.47;-2.33;-2.2;-3.34;-2.38;0.45;-2.93;-3.4;-1.82;-4.18;-3.62
196604;-0.38;2.89;3.39;2.91;2.03;1.2;1.12;3.2;2.04;1.44;-0.68;0.62;2.71;3.26;5.8;3.8;3.4;6.54;7.66;3.55;3.23;-1.36;1.28;-0.6;-1.06
196605;-16.58;-3.15;-6.84;-4.67;-4.03;-5.29;-3.6;-4.18;-3.97;-6.35;-5.67;-5.36;-4.67;-7.27;-9.61;-7.32;-7.28;-8.59;-10.06;-11.13;-8.78;-6.84;-7.06;-3.98;-7.1
196606;6.69;-2.6;0.9;-2.61;-2.06;-5.34;0.18;-2.33;-0.25;0.68;-1.39;-1.47;1.08;2.63;3.73;2.95;0.27;2.47;2.35;-1.54;0.23;-2.92;2.18;-4.42;1.36
196607;-2.68;-6.12;-0.08;-0.83;-1.5;-3.66;-2.42;-0.41;-1.14;-2.18;-1.47;-0.81;-0.12;-0.62;-4;-0.82;1.44;-1.34;-2.43;-2.06;-0.92;-1.74;-4.01;0.58;-9.89
196608;-15.02;-1.88;-5.97;-8.11;-7.85;-6.76;-8.25;-8.26;-8.17;-11.62;-9.25;-5.41;-7.28;-7.31;-5.24;-7.47;-7.37;-6.48;-1.73;-11.56;-9.7;-8.28;-9.4;-5.58;2.29
196609;-0.45;-3.22;1.71;-1.29;-1.47;-3.6;3.04;3.35;-2.91;-1.76;-1.21;0.22;0.93;-0.41;-2.28;-0.86;2.35;-3.35;-5.66;-1.15;-1.89;-1.63;2.71;-2.19;-5.95
196610;-8.27;-1.46;5.33;4.23;2.25;0.41;11.95;7.18;0.57;-0.59;3.78;9.73;7.52;0.56;2.12;3.94;6.07;5.3;-1.21;-0.83;3.6;5.56;-0.72;1.8;8.23
196611;28.07;2.45;2.55;3.41;4.5;2.97;0.04;-0.74;3.89;8.83;-1.02;-2.91;-2.22;5.86;4.42;2.32;-0.49;-2.36;-4.04;7.56;1.29;-2.88;-3.38;-5.51;-3.47
196612;2.12;-4.83;1.34;1.68;-0.68;6.33;-2.59;0.53;2.63;1.25;3.26;1.49;1.58;0.9;0.55;-1.33;-0.57;3.43;2.1;-4.09;0.76;0.79;2.14;-2.28;-2.5
196701;14.52;9.94;7.78;5.62;8.74;11.63;7.23;5.63;8.21;11.27;6.19;5.03;8.02;8.49;14;12.21;7.7;10.28;14.86;17.49;13.87;16.68;13.64;19.79;17.19
196702;-0.91;1.05;2.12;1.33;2.87;2.99;1.21;0.01;1.35;-0.68;-0.65;-0.34;-1.52;0.59;-1.49;0.95;-2.54;-0.1;4.11;0.3;1.93;-2.67;0.4;0.26;-2.18
196703;-0.95;1.88;5.92;3.35;4.97;8.88;0.92;2.29;5.61;5.38;1.11;3.71;3.93;3.36;7.43;4.62;4.98;6.75;4.18;8.64;7.78;3.51;5.06;11.66;9.19
196704;6.3;11.5;3.6;3.56;7.52;6.13;1.58;3.2;4.64;1.05;-0.1;0.45;1.97;2.13;0.03;3.01;4.37;1.95;7.89;1.49;3.02;2.55;5.49;7.21;-3.94
196705;0.18;-7.24;-1.52;-4.18;-5.6;-2.52;-2.91;-2.54;-5.24;-3.27;-1.96;-4.05;-3.72;-2.62;0.64;-1.78;-4.06;-1.45;-6.19;-3.62;-3.11;-2.11;-0.68;-7.22;-2.94
196706;6.91;1.88;1.85;-0.04;2.28;7.55;-0.29;1.06;0.55;4.14;-0.75;2.01;2.13;4.17;4.57;6.2;4.24;2.57;3.33;10.92;5.41;3.68;5.05;2.26;0.42
196707;10.26;10.03;4.12;8.73;3.09;8.24;4.79;3.87;4.58;8.32;6.93;-0.97;9.58;7.19;6.78;6.64;6.83;6.38;6.33;10.27;9.75;8.41;6.33;15.31;11.77
196708;-3.6;-0.79;-0.49;-0.28;-0.7;-2.12;0.35;-1.67;-1.63;-0.69;-1.64;-1.63;-1.75;-0.45;-1.14;-1.13;-1.54;4.43;1.97;3.16;1.79;2.11;1.35;-5.02;3.77
196709;11.02;4.62;0.67;2.07;4.92;8.63;4.03;0.06;2.57;4.62;5.99;2.33;3.9;4.26;4.62;2.04;2.93;3.53;4.55;1.72;1.53;2.36;4.03;9.16;1.44
196710;-1.56;-4.37;-2.78;-3.8;0.84;-5.96;-3.52;-4.19;-2.87;-5.05;-4.78;-2.29;-2.65;-4.36;-6.68;-1.97;-5.22;-5.97;-3.35;-6.13;-2.24;-7.41;-4.02;-5.6;-13.26
196711;-2.38;6.08;2.93;0.28;1.45;1.91;1.3;1.9;-0.65;-0.97;2.72;-0.16;-0.15;-0.9;5.03;-3.46;-0.12;1.49;-2.08;1.94;-2.95;-0.75;2.98;5.92;-0.21
196712;9.58;-2.49;2.85;0.45;2.71;8.45;2.86;1.99;5.39;2.73;2.42;1.74;6.09;2.55;4.26;4.89;8.02;3.96;2.94;12.74;6.99;2.65;3.25;11.41;0.69
196801;-9.07;-8.26;-2.69;-6.06;-7.1;0.31;-5.86;-3.82;-5.17;-4.44;1.65;1.26;-3.34;-1.58;3.73;2.04;-2.29;-3.84;0.15;2.58;0.84;-0.69;-5.13;4.88;4.85
196802;-4.32;-7.85;-2.52;-2.17;-3.73;-3.96;-1.15;-2.8;-4.69;-2.17;-2.57;-2.38;-2.7;-1.6;-2.9;-3.45;-4.24;-2.08;-5.07;-8.27;-4.77;-2.93;-2.54;-8.81;-0.35
196803;5.61;7.1;0.98;0.27;3.4;0.29;-3.88;-1.43;-0.74;0.03;0.21;-0.2;-1.44;-1.76;-0.04;-1.08;-1.5;-1.79;-1.01;-1.07;-0.13;-1.06;3.41;-1.75;-6.05
196804;21.99;8.34;9.77;11.47;11.52;10.6;6.07;7.61;7.29;9.97;6.13;3.03;4.84;9.7;14.77;10.55;10.53;10.54;11.94;19.79;13.24;7.9;16.17;15.6;19.76
196805;7.19;3.26;1.92;1.27;3.2;5.78;1.58;2.09;1.95;2;2.06;-1.31;1.49;3.73;10.22;3.63;2.14;3.16;-0.04;13.42;6.23;6.16;1.31;4.34;3.74
196806;0.7;-5.11;1.65;0.36;-0.57;3.9;0.87;1.55;1.24;0.58;4.61;3.54;5.24;0;-1.34;3.1;2.14;2.38;0.61;-1.84;0.19;-1.12;-4.61;3.29;-2.71
196807;-5.44;-9.47;-6.33;-3.57;-5.76;-5.01;1.99;-2.49;-3.37;-1.09;-5.06;-3.07;4.02;-1.91;-4.24;-2.26;1.31;0.26;1.24;-1.94;-1.4;3.86;-2.57;-1.23;-2.29
196808;-0.97;0.47;0.9;1.05;1.63;4.99;0.52;-0.07;1.41;0.91;2.46;5.1;1.39;1.09;-0.67;3.08;2.17;1.61;-0.57;2.68;3.86;2.06;2.53;7.89;0.61
196809;5.62;3.23;7.1;4.6;1.5;12.05;4.51;1.85;4.83;6.92;5.93;3.89;2.44;2.25;3.94;5.89;4.32;4.77;8.6;4.21;8.42;7.45;6.8;6.98;11.56
196810;0.64;-1.42;-1.51;1.38;-2.66;-0.22;2.17;-0.12;0.54;3.31;1.94;1.58;2.57;1.24;0.82;3.43;3.31;3.15;-0.33;2.55;1.85;0.84;2.19;2.43;4.86
196811;7.49;9.08;3.21;6.09;7.26;10.74;2.51;8.22;6.15;1.58;8.88;6.43;5.42;7.49;4.4;7.39;5.07;4.83;8.16;1.15;3.26;7.09;7.16;6.31;5.16
196812;-2.63;-0.19;-4.26;-4.82;-5.01;-0.48;-5.62;-4.58;-4.9;-3.49;-3.06;-3.75;-3.84;-1.59;8.35;-0.18;-4.02;-2.43;-1.32;2.56;-1.76;-3.88;4.16;-1.59;-2.79
196901;-1.52;-1.44;1.25;-2.46;-2.77;2.61;-1.47;1.98;0.1;-1.4;-1.18;1.63;0.66;-0.58;1.42;-0.05;-0.23;-1.26;0.43;-3.17;0.24;1.3;-3.92;-1.32;1
196902;-12.87;-10.41;-4.59;-4.19;-4.16;-10.22;-1.83;-7.68;-4.72;-3.19;-8.9;-7.06;-3.73;-5.89;-8.55;-5.8;-5.15;-5.58;-6.53;-9.32;-7.01;-6.45;-4.82;-7.98;-6.81
196903;0.77;5.82;8.07;3.49;3.7;1.35;3.68;-0.29;0.37;3.71;2.41;3.76;4.12;1.86;-0.81;6.36;1.64;1.18;-1.71;3.98;2.98;8.89;1.21;2.99;3.66
196904;1.13;3.35;3.7;3.04;3.62;6.84;-2.25;2.88;1.97;0.78;3.59;2.22;0.62;-0.86;-2.56;1.74;3.8;-0.29;0.33;-4.82;1.73;1.45;1.18;-3.38;-8.92
196905;-1.23;-0.39;-1.16;-0.4;-0.43;-1.11;-0.55;-0.6;-0.8;2.18;-0.56;0.06;1.27;1.44;1.36;1.39;1.59;1.54;0.79;-1.73;0.11;1.79;-6.87;-2.78;-3.74
196906;-10.48;-12.29;-5.09;-4.64;-1.38;-14.03;-8.18;-8.24;-6.41;-7.06;-12.86;-8.89;-7.7;-4.89;-6.51;-10.13;-6.6;-7.34;-8.25;-8.69;-8.29;-9.71;-10.82;-12.89;-4.8
196907;-12.19;-9.41;-5.81;-5.45;-4.54;-12.77;-8.31;-6.56;-6.32;-5.91;-6.93;-8.01;-6.19;-6.46;-7.09;-10.62;-7.45;-6.55;-5.25;-7.82;-7.07;-5.2;-2.93;-12.19;-6.77
196908;7.73;10.92;10.62;8.84;6.75;7.78;6.55;7.36;3.73;5.02;6.45;6.59;5.02;1.96;2.37;3.81;6.14;3.1;0.08;2.77;2.41;1.81;-0.13;6.9;0.06
196909;-0.24;1.95;-1.68;-0.04;-0.37;-5.17;-0.62;-2.87;-0.6;-4.48;-2.75;-3.08;-5.32;-2.03;0.29;-6.11;-6.13;-4.07;-1.71;5.05;-2.42;-4.78;-1.57;-6.48;-3.88
196910;14.12;7.98;5.6;5.52;6.94;9.88;4.74;7.53;6.28;5.06;6.31;7.7;5.23;7.64;2.45;3.75;2.96;1.65;8.57;15.49;6.43;4.17;1.11;7.22;-19.08
196911;-6.82;1.51;-3.33;-3.25;-1.54;-5.91;-3.72;-2.09;-4.41;-4.26;-1.21;-5.86;-4.74;-2.79;-3.58;-4.12;-5.08;-4.82;-2.67;-6.63;-6.41;-0.96;-2.99;-6.56;-13.42
196912;-6.22;-1.23;0.61;0.06;0.63;-5.41;-0.77;-1.99;-1.74;-3.28;-1.67;-1.13;-1.02;-3.41;-2.57;-0.05;-2.88;-2.06;-4.11;-3.13;-3.52;-5.66;-5.76;-5.64;3.26
197001;-6.76;-12.32;-9.93;-8.48;-7.97;-5.98;-9.55;-7.53;-6.16;-7.47;-8.73;-5.33;-10.07;-6.28;-7.81;-9.31;-9.71;-6.55;-9.08;0.17;-3.91;-4.42;-0.6;-11.66;-0.13
197002;3.68;8.82;3.44;3.21;3.45;1.77;6.61;6.04;3.99;4.38;8.56;7.25;7.79;7.15;9.07;8.26;9.69;3.53;7.67;1.68;7.68;8.34;5.6;8.15;-6.18
197003;-7.85;-6.7;-6.25;-5.15;-2.07;-1.55;1.51;-3.02;0.27;-1.6;1.04;2.26;0.21;1.12;6.49;-2.44;-0.13;3.45;1.67;-0.84;1.36;1.38;2.66;6.15;-11.79
197004;-26.17;-19.49;-12.5;-12.42;-11.57;-17.18;-11;-13.32;-10.18;-5.72;-13.06;-9.91;-9.67;-10.57;-6.95;-6.99;-7.49;-8.09;-7.31;-10.38;-9.06;-8.49;-3.9;-7.54;-2.47
197005;-12.7;-10.7;-8.29;-12.07;-8.04;-9.36;-9.14;-9.43;-6.9;-3.84;-13.14;-6.36;-5.12;-5.37;-5.54;-2.02;-2.51;-0.7;-2.55;-4.33;-6.57;-4;-4.66;-4.37;-18.63
197006;-11.17;-12.97;-4.22;-3.65;-6.53;-3;-6.19;-6.54;-3.15;-4.12;-7.79;-1.83;-5.39;-2.72;-4.06;-1.54;-3.79;-2.84;-0.06;-1.62;-9.13;-8.47;-4.34;-1.9;-17.25
197007;3.95;10.77;2.01;7.79;3.31;8.25;10.48;11.37;6.29;7.53;7.3;6.77;9.05;8.85;14.58;10.54;8.87;11.11;10.59;4.19;5.16;10.53;11.98;3.74;-1.56
197008;8.53;3.24;5.4;3.21;4.54;3.81;5.02;4.16;4.83;7.9;2.04;2.62;5.77;5.59;8.69;6.15;4.15;4.62;7.9;5.18;4.78;7.06;8.56;9.22;12.41
197009;13.8;7.61;9.53;6.9;8.44;13.63;7.09;2.67;2.45;0.57;5.93;1.14;1.87;1.43;1.32;2.44;2.84;0.2;-1.49;12.65;7.59;4.61;3.45;3.59;19.91
197010;-8.72;-2.39;-3.08;-0.16;-0.41;-5.02;-4.14;0.04;-1.92;-1.74;-6.43;-5.24;-2.97;-1.62;-7.12;1.74;-0.77;-0.81;-2.57;-6.29;-4.93;-3.53;-4.76;-4.3;-12.98
197011;-0.25;8.45;6.27;3.45;4.75;1.57;2.88;5.28;5.09;7.03;3.78;3.16;6.35;5.19;7.58;4.95;6.84;5.83;5.08;6.6;2.94;4.97;6.51;5.38;2.52
197012;6.01;2.32;2.91;5.26;5.43;6.4;7.21;7.16;8.01;6.19;7.32;6.34;9.89;7.96;9.37;6.1;5.15;5.95;8.17;12.08;9.71;6.09;8.13;6.6;18.85
197101;8.95;5.34;11.21;3.99;3.82;11.15;8.05;4.91;4.21;5.24;6.05;4.26;4.33;4.81;5.17;1.82;4.73;3.47;9.26;17.98;9.54;5.63;15.87;4.22;20.98
197102;7.28;-0.74;2.68;4.41;2.37;-0.06;1.96;0.86;1.39;1.38;2.59;1.35;-0.51;1.49;0.61;3.28;2.41;-1.09;3.82;4.05;1.06;1.61;1.14;1.53;8.75
197103;10.39;7.7;9.28;4.16;6.35;8.88;3.25;2.35;7.45;3.09;6.77;6.16;2.47;3.61;8.22;2.18;1.52;1.6;3.18;3.7;1.89;3.69;3.94;5.6;2.3
197104;0.91;5.04;6.13;3.66;3.19;6.29;2.51;3.63;2.79;6.43;5;0.19;0.8;1.15;1.57;7.02;2.48;0.81;5.79;2.33;5.33;6.34;8.11;8.88;-3.77
197105;-4.43;-1.01;0.15;-2.22;-3.16;-5.97;-4.69;-3.6;-3.21;-4.32;-4.91;-5.14;-3.98;-3.41;-4.32;-5.65;-5.21;-4.41;-3.07;0.27;-3.01;-4.79;-5.91;-5.86;-9.4
197106;1.5;-0.92;4.2;1.91;0.72;-2.25;2.1;1.49;2.86;-2.88;-2.28;-0.61;1.51;-0.84;0.55;-0.84;1.72;0.59;-0.08;-0.79;-1.64;-2.26;-3.23;-0.62;-6.11
197107;-0.84;-2.54;-5.1;-3.66;-4.5;-5.98;-3.14;-4.89;-3.11;-5.41;-3.41;-4.08;-2.63;-4.25;-9.55;-3.39;-3.72;-3.54;-7.36;-10.47;-6.89;-7.07;-8.6;1.25;-5.62
197108;-7.92;8.48;6.88;6.2;4.61;3.04;6.82;5.13;2.58;5.96;2.97;-0.15;-2.63;2.82;5.16;4.51;3.96;1.08;2.38;12.87;11.7;10.38;2.24;9.47;8.22
197109;2.83;-0.15;0.12;0.06;0.94;0.09;1.48;-1.99;-0.92;-1.21;-0.53;-1.47;-0.52;-1.86;-3.56;-2.01;-1.49;-0.59;-2.67;-0.83;-3.83;-2.71;-1.21;0.42;-4.17
197110;-10.66;-5.51;-5.27;-3.94;-2.81;-10.41;-5.11;-5.7;-3.53;-4.4;-5.37;-2.86;-2.8;-4.33;-7.65;-3.3;-3.02;-3.06;-7.74;-5.92;-6.75;-3.82;-5.54;-2.19;-12.64
197111;-8.35;0.88;0.65;0.51;1.13;-2.54;-1.2;-0.94;-0.59;2.56;-3.2;-0.43;-0.93;-0.25;0.25;-3.33;-0.1;-0.58;1.44;3.44;-1.88;-1.61;-7.48;-3.13;-8.12
197112;16.27;4.65;10.16;8.2;9.95;9.68;9.88;11.42;9.66;8.48;11.74;9.39;9.08;8.2;10.63;9.5;7.38;7.25;9.15;10.81;12.19;10.08;11.14;7.76;12.71
197201;4.84;1.67;2.69;0.57;4.46;1.53;1.47;-0.24;1.59;4.07;4.04;-1.02;-0.02;1.96;5.94;4.46;2.56;0.29;4.34;8.57;8.62;8.51;13.62;6.65;7.93
197202;3.96;0.47;9.2;5.08;4.42;6.25;2.07;2.27;2.96;2.37;1.5;0.36;1.87;2.34;1.88;3.09;0.77;-0.45;2.56;3.94;1.12;5.08;0.8;-5.57;-2.27
197203;1.23;5.71;1.18;2.62;2.13;-1.12;2.94;0.31;1.93;-0.66;0.39;-2.23;-3.78;1.63;-2.11;-1.29;-2.46;-0.31;0.23;-2.52;0.31;0.99;-1.72;6.26;-3.93
197204;4.01;-3.81;0.63;1.85;0.99;0.14;4.55;-0.22;0.68;-0.17;1.7;-0.63;-0.88;2.05;-1.93;2.6;1.2;-1.14;0.08;-0.56;1.16;0.98;2.94;-2.3;-4.67
197205;2.89;-2.46;4.14;3.3;3.88;-2.5;-0.52;-1.28;-0.47;-0.68;-2.7;1.53;3.6;-1.13;4.47;-0.24;0.23;0.91;-0.71;2.66;-0.99;-2.02;3.53;-6.59;-9.87
197206;4.41;-0.51;-4.39;-1.09;-0.35;-4.35;-2.15;-3.82;-0.68;-3.76;-5.26;-2.95;-1.99;-3.57;-1.72;-3.92;-1.68;-2.6;-4.06;-4.12;-5.07;-8.31;-7.82;-3.83;-1.85
197207;-8.86;0.08;-0.84;0.52;1.54;-0.52;-5.23;-3.79;0.93;-3.05;-6.81;-0.81;-1.16;0.58;-1.15;-5.75;-1.59;-0.39;0.38;1.44;-3.14;1.51;-1.09;-2.72;-6.46
197208;1.76;1.5;-0.86;2;0.33;2.24;0.84;3.39;5.94;6.39;2.67;6.05;3.38;6.84;7.11;6.6;8.18;6.77;11.48;5.42;6.57;4.17;3.14;-1.56;-2.82
197209;-4.24;-0.62;-1;0.66;-0.09;-1.02;-2.24;-3.4;-2.13;-2.27;-5.56;-2.25;0;-0.83;-3.34;-1.96;0.5;2.52;0.02;-0.6;-4.22;-2.98;-2.57;-1.72;-0.77
197210;0.35;0.11;1.41;1.63;0.11;-5.27;1.45;1.49;2.66;-2.76;1.92;2.06;2.81;0.71;3.45;1.85;2.47;2.26;2.04;0.57;-0.32;-0.22;0.91;2.52;-0.66
197211;1.52;4.49;1.7;2.46;1.85;5.26;4.68;8.44;4.68;8.84;2.97;9.05;5.93;5.97;7.52;7.08;6.39;7.69;8.67;12.38;10.67;9.86;13.83;5.42;1.29
197212;2.97;6.81;3.79;3.58;2.9;-0.97;-1.85;-1.66;1.21;-1.14;-1.66;-0.27;-1.19;-0.55;-1.15;-3.93;-2.08;0.89;0.4;4.38;-3.01;-3.53;0.41;-5.49;-5.5
197301;-5.1;-7.01;-3.95;-3.18;-1.24;-4.05;-7.71;-8.81;-3.56;-3.34;-7.38;-4.44;-5.48;1.19;-4.67;-4.09;4.05;-2.04;0.95;-4.97;-4.61;-2.18;-3.87;-2.65;-1.42
197302;-5.32;-8.04;-2.85;-2.49;-2.88;-6.74;-6.7;-4.83;-2.99;-5.17;-5.55;-5.82;-4.53;-5.43;-3.97;-4.51;-6.36;-3.87;-7.56;-9.41;-3.52;-3.92;-6.99;-4.28;-6.86
197303;-2.12;-2.29;-4.84;-2.08;-0.17;-5.32;-3.01;-5.39;0.02;-2.03;-0.76;-0.12;-1.37;2.24;0.41;0.71;2.12;0.35;2.37;-2.86;1.63;0.14;-2.06;-3.14;0.38
197304;-7.96;-10.76;-5.15;-5.91;-6.68;-10.11;-10.6;-6.79;-3.55;-2.37;-6.93;-2.78;-2.33;-1.8;-4.73;-6.58;-0.39;0.51;-3.23;-2.41;-4.55;-1.57;-4.52;-4.14;-4.81
197305;-9.92;-0.07;-0.75;0.45;-0.87;-8.68;-3.55;-6.68;0.22;-5.21;-7.72;0.43;-2.4;-2.2;-2.21;-3.26;-6.63;-0.38;-3.38;-5.11;-5.61;-5.23;-9.31;-8.37;-10.48
197306;-0.29;-4.1;-2.18;-1.41;-0.21;-2.58;-1.89;-2.82;-1.03;-0.79;-3.21;-0.82;-2.75;1.15;-0.79;-0.56;-1.13;-0.43;-0.78;-4.05;-2.04;-1.77;-6.39;-5.49;1.61
197307;16.41;9.22;10.22;9.92;4.67;8.89;10.24;8.55;5.37;5.64;9.68;-0.63;2.7;2.4;-0.18;7.26;3.46;0.14;5.4;5.27;7.13;6.44;5.48;8.25;7.89
197308;-5.21;-5.47;-2.82;-4.61;-2.85;0.33;-2.7;-0.93;-2.52;-4.49;-1.69;-6.02;-2.26;-2.31;-4.59;0.31;-1.96;-3.78;-5.2;-3.12;0.76;-2.3;-3.65;-4.91;-7.13
197309;5.4;3.33;5.1;3.64;-0.43;8.17;8.4;10.58;8.57;8.76;11.08;8.04;11.7;8.82;7.21;10.17;7.13;7.94;12.93;10.21;7.68;10.69;10.93;13.26;7.53
197310;-0.38;-2.05;-2.46;1.45;-0.34;0.54;0.94;1.32;-0.26;-2.61;-0.95;-0.72;0.63;-2.59;3.72;-0.44;0.22;-3.15;-3.99;-5.44;4.09;1.05;1.32;-12.85;3.31
197311;-15.26;-18.61;-13.55;-11.35;-12.1;-10.49;-11.41;-14.28;-14.94;-17.43;-11.46;-14.97;-10.78;-18.81;-7.35;-9.12;-11.61;-5.28;-11.57;-16.01;-10.05;-14.98;-14.94;-24.85;-22.35
197312;-2.01;-0.52;-1.7;-0.76;-2.68;1.56;0.88;1.57;2.22;-0.85;5.99;9.33;5.43;5.54;5.7;3.15;2.92;5.54;4.32;0.33;8.07;6.57;2.81;-2.99;0.01
197401;2.25;1.09;4.35;-4.01;-1.33;0.74;-4.68;0.15;2.63;6.54;1.75;0.75;-0.47;3.4;-5.26;1.78;4.98;1.1;4.74;8.87;3.34;6.35;10.07;11.08;16.92
197402;-1.73;0.13;-0.16;-1.39;-1.62;-2.64;1.44;3.69;-0.06;1.9;1.41;-2.44;1.75;0.47;-1.73;1.12;1.59;3.9;-0.19;0.78;3.38;2.94;3.99;5.21;3.99
197403;-3.9;-6.03;-3.46;-1.41;-0.89;-4.38;-6.79;-1.92;-3.62;-0.35;-6;-1.37;-3.5;-0.16;-2.7;-5.48;-2.11;-3.44;0.34;1.31;-3.09;-3.37;0.87;-1.19;2.06
197404;-10.88;-6.08;-4.33;-2.06;-3.75;-6.45;-8.24;-3.78;-6.1;-3.29;-7.87;-4.58;-6.18;-0.95;-6.1;-9.94;-6.59;-6.04;-3.81;0.27;-4.53;-4.5;0.7;-4.23;-5.06
197405;-7.8;-11.19;0.09;0.38;-1.18;-9.22;-6.5;-5.84;-7.11;-2.06;-8.41;-6.13;-7.57;-2.44;-4.92;-8.91;-6.78;-1.72;-5.89;-0.13;-9.18;-6.63;-4.2;-2.6;-7.8
197406;-6.04;-1.64;-1.68;-2;-1.43;-5.74;-2.82;-1.05;-3.45;-2.32;-2.38;-2.85;-1.99;-2.43;-1.2;-2.89;-5.82;-1.27;-2.61;-3.1;0.79;-2.5;-0.12;-3.28;-3.51
197407;-11.44;-16.74;-7.98;-9.1;-10.99;-5.59;-0.45;-3.87;-5.22;-4.75;-1.61;-0.2;-5.69;-4.6;-0.55;-4.42;-0.75;-4.21;-3.96;-3.99;-1.24;-0.71;-2.11;-7.83;-1.75
197408;-9.35;-11.13;-10.84;-11.55;-8.97;-9.69;-10.25;-8.07;-10.23;-6.24;-8.39;-8.42;-2.37;-7.59;-8.73;-8.42;-7.09;-4.88;-7.85;-6.31;-6.77;-8.23;-4.98;-9.23;-6.55
197409;-7.58;-14.74;-9.99;-13.7;-16.44;-6.21;-8.72;-9.22;-6.85;-10.89;-6.48;-3.59;-4.65;-6.05;-9.04;-3.2;-6.29;-6.71;-7.54;-5.67;-8.12;-6.47;-8.28;-6.59;-12.71
197410;32.87;14.8;28.52;23.45;20.03;19.06;13.02;20;16.98;8.89;14.74;12.89;11.81;10.96;11.24;11.85;11.08;6.21;9.26;5.73;13.15;7.63;8.68;-8.45;15.73
197411;1.23;-3.62;-3.89;-3.24;-5.79;1.58;-2.66;-1.3;-3.86;-4.52;-2.77;-0.93;-4.2;-3.03;-6.27;-1.64;-4.39;-2.73;-5.04;-5.39;-3.69;-4.73;-7.65;-6.61;-8.71
197412;-2.36;-2.78;-0.54;-4.29;-5.15;-1.7;-2.12;-1.29;-2.21;0.79;-2.96;-1.18;0.57;-2.65;1.98;-2.47;-3.32;-1.23;-2.61;-5.46;-6.01;-6.58;-7.38;2.21;-13.36
197501;3.89;18.3;4.95;9.31;11.87;11.43;14.36;13.33;19;17.22;21.57;17.34;14.42;21.3;20.12;21.19;22.42;22.3;23.82;21.96;23.83;27.61;25.16;21.97;47.37
197502;6.26;6.96;4.2;8.59;11.82;1.9;1.85;-0.07;5.01;4.17;2.17;3.07;3.71;3.04;1.35;3.4;2.46;1.86;5.04;4.71;4.45;3.1;3.78;-7.19;1.87
197503;0.49;7.39;4.02;3.02;2.43;4.42;2.89;3.3;7.61;1.64;2.58;1.66;-1.18;5.74;-0.95;1.23;8.87;8.43;7.69;7.54;5.21;4.92;9.97;9.69;14.66
197504;4.02;0.38;8.93;4.95;6.45;2.61;4.63;0.85;6.76;6.25;0.86;0.65;0.92;2.66;2.18;2.83;4.83;5.59;4.43;6.83;5.85;5;4.94;-0.71;6.46
197505;9.79;7.28;7.27;3.7;5.08;10.77;8.38;9.03;2.4;8.75;7.47;5.75;3.84;4.73;9.88;6.31;0.91;1.3;4.54;6.88;3.11;3.97;7.08;4.35;-4.98
197506;5.41;7.7;6.17;5.59;1.48;7.8;7.3;5.81;6.45;7.41;9.92;8.63;4.35;5.5;5.72;9.33;7.15;8.96;5.53;5.57;4.65;6.71;9.07;10.55;1.34
197507;-4.52;-10.86;-8.4;-8.05;-7.4;-7.99;-6.39;-2.62;-5.21;-4.46;-4.25;-4.29;-3.24;-4.48;-5.02;-5.21;-3.81;-4.02;-5.78;-1.77;-4.6;-3.58;-0.62;-5.03;-5.05
197508;-6.17;-0.71;-4.25;-2.83;-1.7;-5.12;-2.17;-3.36;-2.38;0.24;-3.04;-2.24;-3.15;-2.45;-1.69;-2.44;-1.24;3.15;-3.7;-3.07;-5.69;-3.11;-4.42;-5.81;-6.94
197509;-4.64;-5.57;-3.01;-6.05;-3.5;-3.6;-3.47;-0.87;-4.41;-0.17;-1.91;-2.79;-4.87;-3.26;-0.66;-4.43;-4.05;-3.63;-4.06;-1.34;-3.81;-3.68;-7.57;-5.6;-1.06
197510;3.55;10.27;9.31;8.64;4.88;6.69;4.76;7.45;4.89;2.46;6.9;6.09;4.95;2.6;3.06;6.81;7.84;0.33;8.1;5.99;3.11;5.36;4.29;0.91;-1.94
197511;2.48;4.86;2.63;2.93;3.26;6.78;2.73;3.72;1.2;0.09;4.63;2.92;3.1;4.73;1.8;3.15;6.92;2.42;5.26;2.86;3.41;6.57;5.7;-0.13;0.95
197512;-5;-6.1;-1.67;-2.17;-2.25;-0.43;0.38;0.77;0.16;1.27;0.23;0.26;-1.07;1.73;1.28;0.14;0.08;0.37;-1.65;0.5;0.53;-0.6;2.22;-1.02;3.14
197601;10.03;11.47;8.77;11.09;12.03;8.63;12.42;10.05;12.9;10.63;11.48;11.74;15.07;19.23;18.43;14.42;17.21;21.16;28.09;24.34;23.2;22.81;19.3;27.11;23.68
197602;0.09;0.2;-4.78;-2.61;-0.99;2.69;1.75;2.93;2.57;0.37;1.54;1.19;0.25;5.49;1.74;1.77;5.89;3.19;5.46;5.93;9.82;7.55;11.01;18.43;19.13
197603;4.03;3.69;3.77;2.53;2.48;4.7;3.07;2.47;2.74;3.9;1.9;3.61;2.67;0.41;3.37;2.63;3.93;1;-2.37;1.21;3.92;3.19;-2.13;8.32;-4.2
197604;-1.62;-5.46;-1.53;-1.92;-1.88;-1.97;-2.61;0.74;0.11;0.31;0.41;1.75;0.88;-0.47;0.42;-1.01;-0.15;0.93;-2.54;-1.15;-2.5;-1.42;0.58;-3.49;1.95
197605;-0.9;-3.71;-0.9;-2.22;-0.11;-3.83;-1.31;-2.12;1.48;4.66;-2.42;-0.71;-1.92;-0.82;0.51;-2.23;-4.49;-1.15;-2;-2.19;-2.6;-1.27;-0.23;0.81;-2.36
197606;6.09;3.08;3.15;3.38;5.46;8.52;4.99;3.01;4.38;4.28;4.43;4.57;7.66;7.1;5.1;6.03;6.91;4.53;4.35;4.25;3.8;4.79;4.89;0.84;8.88
197607;-2.66;-1.32;-1.28;-1.48;-1.7;3.83;0.43;-1.05;-1.42;1.17;0.19;0.03;1.07;1.02;-2.19;0.95;-0.23;0.32;0.9;-0.65;1.92;0.06;1.17;1.93;3.21
197608;4.14;0.7;-2.23;-0.64;-0.84;-0.88;1.18;-0.21;0.33;0.15;2.09;0.55;3.33;0.04;-1.6;-0.09;-0.91;-1.47;-2.36;-2.83;-1.64;0.1;-0.09;-4.17;2.26
197609;0.16;1.98;2.83;0.88;2.22;1.66;2.63;2.46;4.06;4.9;3.24;2.63;2.23;4.52;5.79;3.25;4;2.63;3.79;3.81;-0.11;1.62;1.16;4.55;4.21
197610;0.4;-1.77;-1.9;-2.97;-2.74;-1.23;-0.7;-2.4;-0.48;-3.8;-2.57;-1.28;0.17;-1.27;-0.8;-3.87;-3.1;-0.14;-1.85;-2.54;-3.5;-3.02;-2.32;-3.89;2.6
197611;4.1;0.6;-4.05;-1.53;-0.27;1.39;4.46;1.86;0.39;0.51;2.91;1.32;2.71;3.35;2.32;3.65;0.97;2.31;2.32;2.25;3.77;3.77;3.51;6.66;2.32
197612;0.51;1.54;7.61;3.11;5.41;8.17;5.28;7.13;9.13;6.94;4.64;7.67;4.24;7.45;9.79;7.79;9.52;8.72;11.16;6.83;9.74;8.44;8.7;10.15;11.7
197701;-7.54;-11.76;-7.43;-8.69;-5.09;-5.32;-3.09;-2.75;-3.31;-1.22;-6.21;0.52;-0.74;-0.34;0.57;-2.82;-1.12;1.35;0.67;3.22;1.77;3.08;3.06;5.44;2.49
197702;0.46;-2.84;-1.73;-2.09;-1.16;-5.72;-1.56;-1.39;-2.54;-3.18;-1.17;-2.74;0.69;-1.74;-1.2;0.38;-2.85;-1.36;0.67;-2.52;-1.79;-0.66;-1.4;-2.77;-2.53
197703;-2.34;-3.52;-0.56;-2.75;-0.62;-0.79;-0.43;0.1;-2.62;-0.64;1.56;-1.16;-1.11;-2;0.56;0.38;-0.12;0.32;-0.42;-0.84;0.86;1.26;0.42;3.53;3.02
197704;-0.14;-3.49;-2.34;-1.34;-2.06;2.11;1.86;1.37;1.54;2.55;4.7;2.07;0.42;1.92;0.81;2.86;3.75;3.21;4.18;3.51;3.76;2.26;2.43;3.86;3.28
197705;-2.23;-4.52;-2.88;-2.18;-1.54;-2.85;-0.9;-0.11;-0.98;-0.41;0.32;0.1;1.48;0.43;-0.34;-1.04;-1.23;0.11;-0.06;-3.75;-1.56;0.54;1.19;1.78;0.58
197706;5.22;7.1;5.9;5.2;6.84;5.8;5.57;2.58;4.28;5.14;4.87;3.85;2.09;5.13;5.32;4.58;4.68;3.29;6.02;6.53;4.64;6.82;7.42;11.3;10.23
197707;-0.06;-0.79;0.11;-1.62;-1.08;-4.39;-0.59;-2.35;-1.96;-2.82;-3.88;0.75;-0.69;-1.74;-0.39;-1.84;0.37;0.03;-1.29;1.76;-4.48;0.13;-0.14;1.33;-4.2
197708;4.33;1.14;1.34;1.9;-0.09;0.5;-2.56;-1.4;-2.66;-4.31;-3.46;-3.25;-1.85;-2.29;-2.73;-2.85;-3.4;-3.25;-2.15;-7.45;-3.63;-2.53;-1.81;-1.38;-1.2
197709;-3.45;-1.91;-0.74;-0.98;0.32;0.07;0.84;-0.99;0.29;-0.93;-0.95;1.15;2.82;1.19;1.25;-2.28;0.71;1.2;2.65;3.66;-1.34;1.07;1.59;0.97;-1.9
197710;-5.09;-5.71;-3.55;-4.32;-4.28;-6.09;-4.32;-3.92;-3.8;-2.66;-4.72;-4.14;-4.85;-3.03;-2.12;-1.95;-2.87;-2.59;-3.96;-1.51;-2.97;-2.35;-4.03;-3.84;-5.4
197711;6.08;6.41;6.65;3.2;4.07;5.34;4.67;5.36;5.95;2.7;3.5;4.71;3.07;6.09;6.46;4.5;3.96;5.55;4.22;3.63;7.81;6.41;4.64;10.47;10.71
197712;-5.39;-0.83;1.07;-0.08;1.13;-1.31;1.59;0.7;0.04;2.5;1.25;0.1;1.9;1.54;-0.84;1.07;0.03;0.69;1.71;-0.49;1.3;1.86;-0.84;-1.69;3.57
197801;-7.8;-6.01;-5.97;-7.22;-5.27;-5.93;-6.26;-6.24;-7.32;-6.8;-6.9;-4.62;-4.53;-5.13;-6.18;-3.9;-4.14;-3.12;-5.15;-6.55;-1.66;-2.83;0.28;-0.66;-0.39
197802;-2.23;-3.18;-3.01;-2.94;-2.16;-2.62;0.02;-1.71;-0.67;-0.25;-0.18;-0.28;3.29;0.89;1.47;-0.83;-0.1;0.6;0.76;-0.12;-1.51;-0.78;1.4;5.1;1.75
197803;-2.87;3.87;5.59;2.65;1.17;3.48;4.35;5.72;5.16;3.4;5.85;3.69;2.65;6.4;5.74;3.25;3.69;3.59;7.06;3.64;6.96;4.61;5.44;4.8;12.12
197804;14.29;11.49;11.46;12.21;10.52;7.26;8.54;7.81;9.08;8.06;8.11;5.18;3.8;8.44;6.95;6.16;3.17;6.11;10.54;4.68;8.21;4.38;5.94;7.56;11.45
197805;-1.24;7.52;3.12;2.82;1.51;0.79;1.76;2.89;2.72;2.64;2.95;2.02;-0.03;3.01;2.1;4.44;0.24;2.99;0.82;0.63;5.32;2.38;5.09;7.82;5.59
197806;-3.68;0.06;0.82;-0.77;-1.62;-0.47;-0.58;-2.41;-0.78;-4.06;-2.21;-1.44;-1.26;-0.8;-0.02;0.2;-0.02;-0.15;-1.56;-3.16;-0.26;0.94;-0.94;-3.74;2.79
197807;3.37;7.62;8.41;7.42;7.22;4.96;6.75;5.03;4.71;5.49;3.13;6.98;1.77;4.51;5.8;5.46;4.41;4.24;5.5;3.95;6.51;5.75;6.31;8.69;3.65
197808;-0.19;1.54;2.29;3.06;5.23;5.03;5.54;3.48;6.28;3.34;5.39;4.15;4.1;5.52;6.12;2.41;3.29;5.36;4.55;6.08;4.49;4.65;4.89;5.22;0.36
197809;-0.87;-2.91;-3.39;-2.59;-3.57;1.22;-1.51;-0.91;-0.55;0.27;0.14;-0.72;0.75;1.69;5.13;-1.58;-0.22;0.05;1.36;5.06;0.01;-0.4;-1.03;-2.27;1.5
197810;-14.97;-15.4;-12.1;-10.13;-10.73;-12.32;-15.08;-10.72;-11.21;-12.44;-9.61;-9.19;-7.81;-10.76;-9.4;-12.34;-10.47;-11.42;-13.31;-9.34;-15.83;-14.91;-15.2;-21.35;-15.34
197811;6.62;5.09;2.85;2.84;3.59;4.01;4.88;5.17;2.25;2.21;2.32;5.11;3.47;3.05;5.01;3.93;2.52;1.7;6.84;2.73;2.35;4.4;2.44;9.24;3.85
197812;-5.98;2.76;3.86;1.05;5.05;1.09;1.22;1.76;1.95;0.25;0.45;0.7;0.07;0.22;2.63;-0.35;0.25;0.9;0.66;3.67;-0.68;1.72;0.24;2.11;1.27
197901;7.76;3.75;2.3;3.06;3.39;8.88;7.17;4.57;4.85;5.71;7.86;5.57;4.16;4.22;4.24;8.49;5.74;6.37;5.49;7.52;11.28;5.74;8.81;6.64;0.21
197902;-3.03;-5.09;-5.53;-4.11;-3.65;-0.05;-3.79;-2.2;-2.95;-2.86;-2.16;-4.51;-1.52;-1.82;-2.01;-3.02;-1.87;-2.32;-2.29;-1.13;-2.84;-2.43;-3.18;-5.01;-1.18
197903;6.31;9.96;7.51;4.7;6.23;4.54;7.43;5.54;7.32;7.98;4.73;5.61;2.72;7.62;8.93;7.33;5.82;7.77;9.24;4.26;9.31;6.29;7.81;11.48;8.42
197904;-1.83;-1.07;1.36;0.61;0.41;-0.73;-1.35;2.12;-0.34;2.76;-0.96;-0.85;-1.91;4.29;2.02;-1.31;0.73;1.5;4.18;6.58;0.08;0.53;2.85;1.12;5.82
197905;-4.87;0.75;-1.89;-2.36;-1.97;2.25;-1.91;-2.12;-1.84;-0.07;0.91;-2.13;-0.37;-1.86;-2.59;0.36;-0.19;-1.33;-2.3;-3.48;-1.49;-0.3;-0.32;-2.79;-3.42
197906;2.87;7.72;5.24;2.59;2.32;4.94;8.4;5.57;5.22;3.9;6.18;5.03;3.37;6.95;6.36;7.31;6.48;5.67;6.02;9.4;4.47;3.89;4.77;9.04;5.61
197907;1.09;-0.23;0.72;1.28;-0.32;-1.01;1.03;1.64;3.89;2.17;2.29;0.8;3.5;4.15;-0.43;1.11;1.58;2.11;5.35;4.99;4.11;4.74;1.89;2.84;3.8
197908;11.62;10.73;9.34;7.43;5.77;7.19;4.71;7.83;7.61;6.95;2.38;3.53;6.68;5.19;6.99;4.74;3.94;7.88;6.95;8.19;5.78;5.75;8.37;5.62;13.31
197909;-1.82;3.17;-0.3;-1.7;-1.5;-1.04;0.78;-0.63;1.83;1.12;-1.79;-1.32;-0.93;3.3;6.26;-3.05;0.08;2.25;-1.49;-1.66;-1.17;-1.97;2.78;-0.01;-7.37
197910;-9.53;-7.54;-5.35;-6.46;-7.34;-7.35;-9.57;-6.83;-8.26;-3.33;-8.06;-5.4;-8.56;-4.63;-8.1;-7.86;-7.88;-7.34;-11.18;-15.18;-9.38;-10.8;-5.1;-12.68;-12.29
197911;14.46;10.6;6.67;6.17;6.72;5.51;8.41;5.82;6.18;8.94;8.38;4.29;7.06;4.77;1.81;5.36;6.4;8.57;4.96;11.95;5.56;2.67;5.01;-4.5;9.73
197912;18.12;4.47;3.47;3.58;2.15;3.08;6.95;3.52;4.08;3.05;-0.23;-0.42;2.86;-0.72;2.97;0.14;1.14;2.53;5.35;5.4;4.56;6;1.7;3.87;-1.39
198001;11.95;0.12;6.46;4;4.74;4.9;6.29;6.37;8.1;8.3;4.29;0.8;7.16;10.48;8.04;3.6;7.34;7.78;2.46;6.87;11.66;5.72;11.11;7.71;5.81
198002;4.76;-1.98;-3.23;-4.51;-3.44;-3.37;-2.02;-2.96;-2.04;5.53;-0.04;2.86;-3.18;3.88;6.68;-2.6;0.7;0.74;-6.17;-5;-1.22;-1.48;9.48;-8.29;-4.55
198003;-24.98;-9.7;-8.46;-5.78;-10.78;-8.8;-12.21;-11.41;-11.78;-14.15;-10.85;-7.41;-10.6;-12.7;-13.66;-11.11;-12.05;-12.12;-13.24;-15.3;-15.77;-14.08;-18.02;-10.88;-12.11
198004;3.64;5.63;4.45;5.11;2.45;-0.59;5.32;6.63;3.94;3.54;6.9;7.67;4.27;4.08;6.18;11.59;7.1;6.98;7.58;6.9;6.09;3.88;4.13;-2.18;11.8
198005;3.92;5.45;4.92;5.62;6.14;6.66;7.95;5.57;7.19;4.35;7.81;5.44;7.94;7.09;2.54;5.39;4.35;5.83;7.4;6.98;6.93;7.79;7.63;6.53;18.55
198006;7.64;5.19;1.23;3.26;3.46;5.26;3.75;3.57;1.78;6.4;3.27;1.22;4.05;2.91;2.34;4.24;3.42;6.01;5.21;-0.44;3.53;3.6;-1.45;1.56;2.96
198007;2.43;9.94;11.73;11.8;12.57;10.87;8.82;9.12;7.19;2.61;6.06;6.72;2.7;5.41;5.83;3.02;2.66;5.67;7.99;2.16;3.93;8.51;4.8;1.03;19.87
198008;2.38;6.02;5.29;2.37;3.82;4.68;1.06;2.38;1.12;3.25;4.04;2;2.59;1.46;0.97;-0.91;3.19;1.68;2.73;1.61;0.53;-0.08;4.99;3.37;-2.62
198009;5.07;3.63;3.42;5.28;3.4;6.11;5.05;5.01;5.01;6.78;4.7;5.76;3.99;3.64;0.24;-0.46;-1.18;-0.48;-0.64;0.86;0.32;0.94;0.32;0.7;-1.99
198010;4.9;3.39;0.58;0.91;2.07;-1.57;-0.93;0.45;5.12;6.71;-1.3;4.15;4.03;0.16;6.7;-1.73;-1.51;2.14;-2.79;-1.7;1.75;-0.58;1.01;-0.37;5.57
198011;16.63;11.64;12.73;13.75;9.58;8.89;11.97;11.09;13.81;16.01;5.19;11.81;19.86;9.58;15.34;1.06;2.03;13.69;-3.29;20.56;3.46;-0.85;5.51;-0.13;5.35
198012;-5.72;0.3;-2.19;-1.59;-1.05;-6.41;-1.25;-1.43;-6.57;-6.96;-4.12;-2.62;-4.86;-3.84;-6.05;1.12;-0.08;-4.1;1.54;-8.71;-1.3;-1.49;-1.29;2.28;5.11
198101;-4.3;-5.86;-6.37;-5.64;-6.07;-5;-2.96;-5.55;-5.58;-9.68;-3.49;-5.16;-6.54;-1.94;-4.8;0.5;4.31;-4.79;0.43;-4.23;2.93;1.23;6.91;3.13;4.67
198102;-0.56;1.95;3.05;3.69;1.77;6.7;1.17;2.25;3.94;-1.34;0.05;-1.21;1.98;4.71;-3.11;0.35;2.71;2.47;6.53;0.81;0.28;2;3.43;4.62;2.07
198103;3.09;8.87;4.3;4.38;5.03;7.44;7.02;8.11;3.92;-0.56;11.37;8.8;0.64;6.2;-2.89;11.56;3.38;3.92;5.93;-4.15;7.58;9.9;6.77;7.79;11.49
198104;-3.24;-0.14;-2.15;-1.94;-0.58;2.61;0.5;1.74;-5.26;-4.57;-1.56;-4.64;-2.83;0.01;0.41;0.48;4.12;0.12;3.34;-0.34;0.02;0.35;1.17;3.14;1.9
198105;-1.6;3.25;1.69;2.32;3.05;6.83;2.17;-0.1;-2.41;-1.05;1.21;-1.38;-0.23;1.37;-2.38;2.26;4.62;-0.3;4.35;-0.45;2.39;2.45;1.2;3.33;4.52
198106;-7.28;-4.27;-3.38;-5.7;-4.7;-2.46;2.53;-4.49;0.64;5.26;-1.94;2.53;2.7;1.57;3.38;1.93;-0.61;-0.03;-1.86;7.45;-1.28;1.77;1.54;1.96;-6.63
198107;1.35;2.82;0.65;1.82;0.11;-3.61;-3.67;3.14;0.93;4.57;-2.42;-3.39;-3.13;-0.98;-1.72;-2.06;-2.99;-4.01;-2.8;2.68;-2.02;-0.2;-0.18;-2.35;-5.39
198108;-11.94;-12.46;-8.49;-7.54;-5.6;-8.27;-8.27;-4.26;-6.63;-7.86;-9.01;-6.79;-5;-4.73;-4.99;-5.33;-5.96;-4.92;-3.47;-5.56;-4.93;-1.59;-0.08;-6.69;-4.23
198109;-16.64;-5.77;-8.19;-7.93;-6.91;-6.42;-4.54;-8.15;-4.59;-8.14;-10.31;-6.65;-7.39;-4.27;-6.3;-2.04;-3.94;-2.4;-1.07;-4.5;-5.08;-4.99;3;-6.55;-3.14
198110;10.63;12.51;10.49;9.75;7.39;-0.97;8.85;5.66;8.42;8.03;8.02;5.32;3.95;2.26;3.65;-0.97;3.92;2.63;8.03;7.64;3.9;5.95;3.28;9.03;11.69
198111;-2.18;4.78;3.46;2.67;3.22;8.97;4.41;5.12;4.51;6.88;6.26;3.95;3.75;5.37;4.38;5.15;6.18;5.94;2.48;2.86;5.89;4.71;2.61;8.58;2.23
198112;-4.19;-4.69;-3.23;-4.46;-1.74;-3.03;-2.38;-1.46;-2.84;-5.16;-3.68;-3.01;-2.12;-2.35;-6.53;-2.13;-2.13;-1.35;-1.84;-2.11;-2.96;-2.28;-1.26;-0.85;-0.71
198201;-8.28;-1.59;-2.37;-4.73;-0.6;-2.52;-2.16;-5.96;-2.4;-4.82;-4.28;-2.94;-3.89;-2.14;-3.37;1.56;-2.23;-3.39;-2.71;-3.54;-0.54;1.52;1.5;-3.15;-7.37
198202;-10.77;-9.04;-6.49;-9.39;-6.19;-4.68;-0.88;-8.46;-7.28;-6.74;-1.57;-3.64;-3.33;-1.91;-2.05;0.08;-1.28;-1.73;-3.94;-0.16;-0.17;0.66;-5.01;-2.42;5.03
198203;-4.5;-3.28;-4.9;-4.32;-2.46;-3.2;-0.5;-1.58;1.19;0.38;-4.85;-0.94;-0.86;0.04;-2.04;4.1;0.89;-0.74;1.28;-0.35;0.69;2.63;2.71;0.35;-4.07
198204;3.98;6.54;6.74;5.43;7.18;2.3;6.07;3.09;4.05;5.58;3.96;5.01;3.59;3.72;1.65;3.14;3.22;4.87;4.76;2.35;5.16;4.59;-1.87;2.58;2.97
198205;-5.62;-6.19;-3.66;-5.49;-3.23;-9.32;-6.83;-1.87;-0.92;-1.78;-3.73;-3.54;-3.45;-1.16;1.54;-1.18;-4.86;-2;-4.77;-3.81;-2.99;-1.01;-0.87;-0.61;-5.64
198206;-7.69;-1.29;-4.57;-5.4;-2.18;-2.53;-4.61;-4.19;0.7;-1.68;-2.69;-2.71;-0.27;0.34;-1.43;0.25;-1.99;-1.42;-1.05;-7.64;-0.56;-1.7;-2.99;-0.43;-1.62
198207;-5.02;-5.26;-0.29;-0.34;0.38;-3.03;-3.62;-1.28;-3.52;-4.13;-2.46;-1.34;-5.11;-2.28;-4.22;-3.15;-1.59;-1.89;-3.11;-4.56;-1.71;-0.9;-3.4;-1.35;-6.58
198208;7.83;16.82;11.27;12.31;9.67;13.63;15.45;9.72;12.27;8.87;13.74;14.08;13.72;9.57;10.52;13.8;16.06;11.78;10.44;10.2;12.5;11.02;10.65;13.51;7.67
198209;-1.38;1.63;3.98;0.76;2.61;0.28;3.8;2.16;1.97;3.46;1.25;3.54;2.1;2.82;4.29;0.77;-0.67;0.08;4.3;6.05;0.48;0.75;0.8;6.83;-8.36
198210;16.44;10.84;15.19;13.05;12.72;15.26;16.23;11.72;10.92;11.68;12.21;10.69;11.7;9.78;12.09;12.88;14.13;7.67;13.61;18.14;13.7;7.62;8.51;-1.94;23.95
198211;6.87;9.14;8.3;6.51;8.22;4.26;7.73;7.98;4.65;2.49;8.69;3.88;2.2;2.88;1.7;7.82;5.34;2.06;1.85;0.51;6.84;3.26;4.82;2.91;18.79
198212;0.88;-3.94;-5.17;0.8;4.1;1.71;-0.66;-0.6;0.2;1.46;2.79;4.36;0.32;0.69;-0.66;-0.3;0.82;0.81;0.42;-1.96;4.51;4.6;3.65;2.67;-2.26
198301;14.59;8.39;2.9;4.63;2.68;6.57;4.87;3.52;2.64;4.23;3.79;4.57;4.51;2.91;3.8;1.9;3.46;9.11;3.57;5.03;4.25;3.36;2.12;1.74;8.89
198302;-0.79;2.81;4.27;3.18;3.42;1.43;4.9;7.63;3.65;1.5;7.21;5.13;5.51;-0.02;3.95;5.84;2.94;-0.35;0.86;2.98;5.26;2.99;1.89;6.69;6.47
198303;2.12;4.04;4.35;1.13;2.92;3.38;4.5;3.37;1.64;5.96;3.48;0.03;4.79;6.62;5.21;6.3;3.55;2.05;6.93;10.03;4.07;3.08;3.3;4.69;4.28
198304;7.47;2.34;5.06;5.11;7.64;6.22;6.5;7.4;6.29;5.19;6.99;10.26;7.56;7.83;11.02;9.58;7.37;8.17;9.79;11.62;8.69;5.84;7.34;5.99;2.5
198305;11.2;3.27;3.31;0.34;0.97;9.35;-0.05;2.21;-2.74;4.49;2.87;1.4;1.73;0.4;1.11;-0.7;0.96;-1.16;-1.01;-1.74;1.62;3.26;0.13;4.72;3.45
198306;6.43;4.21;6.57;6.92;5.25;6.01;2.91;5.16;7.01;2.97;0.43;0.92;3.44;4.61;3.95;0.94;2.51;0.2;1.67;0.82;2.46;0.47;2.13;1.97;3.5
198307;-7.71;-5.5;-4.75;-6.77;-4.05;-6.51;-5.06;-6.98;-3.46;-4.52;-4.31;-2.83;-2.09;-4.07;-1.28;-2.49;-1.13;2.97;0.7;-2.54;-1.38;2.34;-3.05;-0.48;-2.65
198308;-5.57;-0.45;-2.94;-0.31;-2.22;-5.35;-1.79;-1;-1.52;-0.63;-2.7;-0.76;-1.85;1.59;2.79;1.85;0.88;4.91;2.21;6.24;3.46;2.09;6.17;8.3;7.71
198309;-4.47;2.67;1.05;2.42;3.41;2.15;3.13;1.03;3.34;0.86;4.08;1.34;3.25;1.45;2.25;1.55;3.44;-0.44;-0.53;-3.36;0.82;2.21;1.94;3.42;-4.02
198310;-11.29;-7.69;-7.83;-4.55;-3.17;-7.66;-2.88;-6.16;-0.63;-1.88;-5.88;1.37;0.62;-3.84;-2.65;-2.18;-0.03;0.87;-0.81;-1.78;-0.4;0.9;-2.98;3.55;-1.03
198311;4.39;7.04;4.18;5.71;0.63;4.47;-1.72;4.72;3.96;2.8;6.9;3.26;2.19;3.7;2.22;6.25;1.35;1.54;0.75;5.17;4.23;2.04;1.47;-1.63;0.63
198312;-4.73;-2.42;-3.15;-1.23;-0.64;-1.63;-1.01;-0.93;0.71;-0.01;-1.75;-3.79;0.1;-2.41;0.38;-2.71;-1.79;-1.57;0.51;0.88;-1.48;0.79;-0.85;1.07;8.75
198401;-3.15;-9.06;-5.92;-6.8;-5.59;-2.53;-1.18;-2.6;-1.22;-0.67;-1.68;-2.65;-2.47;6.76;2.28;-1.87;-0.13;1.87;2.87;2.49;-1.33;1.41;6.55;11.03;13.34
198402;-5.35;-4.04;-6.43;-4.74;-4.39;-9.26;-5.48;-6.84;-5.22;-6.68;-7.03;-6.4;-5;-0.42;-4.66;-2.7;-4.02;-3.81;-2.16;-0.31;-5.33;-1.37;-1.63;11.44;-0.61
198403;-2.45;0.4;0.87;1.07;1.83;1.37;4.42;4.38;0.02;2.29;2.83;2.45;-0.86;-0.14;0.75;4.62;1.73;1.81;0.4;-0.29;4.53;-1.41;-2.87;5.65;3.88
198404;-3.36;-3.59;1.23;0.21;1.31;-5.89;0.07;-0.86;-0.4;2.08;-3.54;-0.15;1.82;2.24;0.73;-5.24;-0.41;3.86;2.23;0.61;-2.2;0.33;2.51;2.43;2.67
198405;-8.07;-8.09;-6.97;-5.65;-4.19;-6.27;0.77;-7.14;-1.93;-3.98;-9.87;-6.94;-5.48;-3.83;-6.45;-8.29;-2.78;-3.94;-2.07;-6.53;-7.31;-6.12;-6.53;-2.01;-7.08
198406;1.22;4.76;5.43;4.58;3.82;2.64;3.87;3.3;6.41;7.03;-2.73;2.55;3.53;1.08;1.3;-1.42;0.37;1.44;-0.65;-2.15;-0.08;2.38;8.66;-0.51;-4.24
198407;-8.8;-6.28;-3.2;-2.79;0.25;-9.41;-1.57;-4.56;-1.63;-2.37;-5.31;-1.23;-1.54;-0.07;2.27;-6.19;-2.2;-2.28;-4.11;-1.24;-3.15;-1.54;-2.09;-3.35;0.88
198408;15.2;15.32;16.22;11.09;11.03;12.78;11.76;11.71;10.32;10.87;11.99;11.51;10.86;9.26;10.23;12.95;11.95;7.49;11.46;13.51;12.67;10.66;10.51;14.69;12.2
198409;-5.17;-4.1;-6.26;-2.69;-2.11;-2.17;-2.33;-2.43;-1.07;0.58;-1.57;-2.66;0.44;1.6;3.35;-0.43;-0.28;1.2;3.26;3.6;0.14;4.37;3.89;4.06;3.15
198410;-4.07;-3.61;-2.26;0.75;0.47;-2.75;1.45;1.75;1.54;2.11;-1.19;0.86;-0.43;2.07;2.83;-3.69;2.41;-0.19;-0.85;-0.96;1.14;0.9;-3.41;0.31;-0.26
198411;-7.07;-4.23;-5.21;-2.87;-2.65;-3.33;-1.38;-0.23;-1.06;-0.73;-1.29;-1.49;-1.28;-0.34;-1.68;-0.71;-1.17;1.07;-0.59;-0.31;1.42;2.59;1.42;-1.22;2.29
198412;0.44;4.33;3.34;3.06;2.56;0.48;3.58;1.53;2.74;1.79;1.53;2.15;2.04;2.64;3.64;1.34;2.75;2.61;3.23;3.8;0.61;2.16;1.34;1.44;4.08
198501;16.24;11.13;13.52;10.72;10.62;14.99;9.91;10.66;9.37;8.12;8.8;10.13;8.36;5.71;7;11.41;9.29;4.05;7.43;7.06;7.3;5.04;4.39;4.36;7.61
198502;0.17;-1.67;1.26;0.48;1.77;0.97;-1.48;-0.12;2.73;5.27;-0.05;0.91;2.15;4.96;-0.01;2.17;2.7;3.37;3.05;0.27;2.86;0.31;2.41;4.3;2.46
198503;-3.7;-7.29;-3.38;-3.84;-1.04;-4.03;-2.57;0.5;-0.5;1.74;0.54;-1.62;0.58;1.47;-3.3;-1.1;-1.53;0.59;2.93;1.06;0.5;3.79;3.19;3.6;-5.73
198504;-4.97;-3.68;-1.57;-2.21;-1.12;-3.3;-0.36;-3.9;-3.07;-1.33;-0.67;-0.83;-0.36;-0.67;-1.67;-0.11;-0.41;0.54;2.56;2.42;-0.77;1.83;3.94;2.73;2.93
198505;0.69;2.45;5.15;5.74;6.26;1.81;4.83;9.05;7.99;5.15;6.51;7.45;7.76;5.82;8.77;6.09;5.64;5.45;4.14;6.08;5.62;3.65;5.09;6.08;2.58
198506;-0.03;0.52;1.17;2.68;0.58;1.1;2.21;3.4;1.83;3.04;2.18;-0.32;2.66;3.25;2.51;0.41;0.38;3.01;0.57;2.61;1.93;4.14;2.67;-1.34;0.18
198507;2.07;-1.96;2.88;0.76;0.27;2.04;3.69;0.38;-1.25;0.68;0.79;2.37;-2.08;-0.31;-1.04;1.36;-1.08;-2.13;-1.59;-1.46;0.82;-1.42;-2.21;-1.4;-2.63
198508;-0.12;-4.8;-4.02;-1.45;-1.33;-1.59;1.39;-2.24;-0.2;1.42;1.21;0.83;-0.73;-0.43;0.24;-2.71;-1.02;1.2;1.81;-1.3;-1.52;1.89;0.9;0.57;-0.96
198509;-8.18;-2.99;-5.25;-5.54;-3.88;-5.05;-5.06;-4.27;-1.81;-3.07;-4.8;-4.08;0.21;-3.07;-4.07;-4.61;-5.99;-2.82;-2.46;-4.11;-6.39;-4.59;-4.08;-1.14;-3.27
198510;3.13;6.56;3.44;4.07;3.66;2.54;5.93;3.6;3.23;6.8;7.23;5.93;2.26;3.57;6.47;3.79;4.71;5.41;5.07;8.92;3.65;4.51;6.4;6.89;10.35
198511;7.22;8.53;11.4;10.9;8.55;9.51;8.56;8.64;6.71;7.17;7.96;6.2;10.27;5.77;7.97;7.15;5.82;4.48;2.89;4.13;6.46;5.1;6.95;-1.81;8.07
198512;2.36;6.54;7.11;4.2;6.8;3.14;5.24;3.75;4.54;2.95;2.44;1.89;5.27;4.73;6.22;3.88;4.87;3.72;1.39;3.99;4.17;3.91;6.55;1.16;5.23
198601;5.55;2.29;-0.27;0.36;0.74;6.58;3.79;-1.42;0.78;1.86;5.43;1.32;-3.59;3.68;2.62;3.66;1.63;-0.86;-2.31;-1.37;4.72;2.57;1.05;-0.65;0.21
198602;5.08;10.07;9.13;9.09;6.48;4.63;9.05;9.02;11.68;8.43;7.41;7.75;7.01;8.18;9.86;9.84;7.02;6.86;4.4;8.89;6.56;7.35;6.53;3.59;14.22
198603;5.47;3.03;3.08;8.13;5.53;6.87;2.73;6.94;7.57;8.07;4.33;5.03;3.99;6.72;7.76;5.88;5.37;3.7;4.41;5.53;6.19;3.24;5.61;3.94;6.38
198604;0.89;-2.4;-0.46;0.79;1.64;-4.17;2.87;-1.43;1.07;-1.63;-4.06;-1.69;2.75;-2.67;-2.2;-4.64;-4.73;-1.29;-0.57;-1.29;-7.35;-3.24;-0.79;1.31;-4.28
198605;3.31;3.51;3.03;6.27;5.68;2.75;5.34;4.44;6.44;5.04;3.9;4.79;3.57;4.19;5.73;3.43;5.1;6.69;6.05;7.75;3.56;4.45;6.33;6.45;4.07
198606;2.24;-0.32;0.48;3.54;1.55;-2.03;1.43;-0.66;2.64;2.4;-0.58;0.18;2.27;1.16;1.91;0.34;0.83;1.79;1.64;0.05;1.62;0.44;6.19;2.07;0.59
198607;-8.98;-11.42;-7.72;-5.82;-8.36;-7.93;-3.85;-6.6;-7.79;-7.27;-5.56;-8.1;-6.06;-4.81;-7.03;-6.74;-7.26;0.97;0.24;-6.78;-6.3;-1.72;0.31;-7.11;-4.99
198608;4.18;3.14;7.9;4.4;3.18;7.71;6.52;4.66;5.46;5.87;7.72;7.15;6.25;4.99;5.38;6.07;8.63;7.4;10.48;12.35;8.28;9.85;7.14;12.25;13.15
198609;-10.95;-10.69;-8.75;-11.91;-9.2;-11.07;-10.41;-8.2;-10.38;-6.9;-9.13;-6.33;-4.14;-7.44;-8;-6.44;-6.94;-8.15;-7.99;-6.08;-4.39;-6.3;-10.54;-4.29;-3.29
198610;4.17;6.34;4.64;8.18;4.07;2.32;7.92;4.61;7.89;5.71;3.24;4.74;6.75;6.02;4.54;6.32;5.42;5.32;2.26;6.45;3.03;7.12;6.07;4.21;3.73
198611;-1.65;-2.21;4.33;1.14;2.25;0.46;2.98;1.06;1.31;1.48;-0.41;0.6;4.09;2.7;0.81;0.11;2.24;1.31;1.78;1.64;1.23;1.11;0.83;1.98;2.24
198612;-4.67;0.61;-0.53;-1.42;-3.13;-2.68;-1.36;-2.37;-3.58;-2.11;-2.57;-5.05;-4.23;-4.14;-3.39;-2.29;-5.45;-2.96;-0.73;-3.3;-2.38;-2.64;-2.69;-5.7;-0.33
198701;10.97;13.93;16.68;14.43;12.28;14.64;20.32;12.56;14.15;14.13;9.72;12.12;13.82;6.81;14.82;11.88;11.99;10.87;12.94;11.98;11.96;11.66;8.25;12.33;14.74
198702;12.49;8.39;7.61;8.81;8.07;13.01;6.27;7.57;6.69;3.36;8.41;4.6;4.08;2.68;2.36;5.85;5.07;0.92;-2.42;0.62;2.89;0.89;-2.1;-0.38;-0.03
198703;-0.72;1.55;0.29;1.14;2.03;-2.08;3.78;0.78;2.55;3.52;-3.75;-0.17;3.38;1.82;1.17;2.62;1.61;0.29;2.72;5.9;2.13;2.3;-0.61;5.9;9.95
198704;-2.86;-5.85;-1.71;-2.63;-1.28;0.42;0.37;-2.95;-2.31;-2.11;-4.58;-2.28;-0.79;-1.78;-4.28;-2.1;0.84;-3.82;-1.21;-0.6;-2.14;-2.51;-3.97;3.95;0.71
198705;-1.88;0.95;4.28;1.7;1.12;0.21;-1.69;0.07;-0.54;0.44;-0.62;0.96;1.17;0.69;-3.67;2.07;-0.96;0.05;0.16;2.12;0.13;0.54;0.51;-0.32;2.23
198706;-1.04;-0.17;2.62;5.88;4.71;1.21;3.68;4.51;4.98;6.14;3.8;5.7;4.09;7.33;5.01;4.91;4.23;2.71;5.72;5.45;3.92;3.88;6.26;2.55;8.05
198707;2.29;2.39;5.24;6.09;5.21;3.64;0.6;4.24;3.08;5.1;5.19;7.86;4.85;6;1.56;9.61;4.81;0.3;-0.45;5.02;7.45;1.86;3.95;6.42;3.64
198708;1.11;8.83;5.11;2.28;5.12;5.5;5.97;6.09;3.92;4.89;4.1;2.2;3.53;3.22;5.98;3.67;3.53;4.57;5.72;3.13;-0.05;0.88;2.19;6.88;4.61
198709;-2.79;-2.04;-1.32;-1.13;-2.95;0.07;-2.11;-1.24;-4.96;-2.07;0.22;-1.31;1.02;-1.51;-3.7;-0.14;-4.09;-2.51;0.69;-4.11;0.36;-0.47;-3.81;0.1;-6.86
198710;-33.93;-26.84;-24.34;-22.35;-23.13;-33.08;-21.16;-22.47;-24.43;-26.56;-28.1;-24.75;-25.05;-18.84;-23.94;-24.32;-22.35;-13.05;-9.96;-19.84;-27.85;-18.95;-19.91;-19.08;-23.42
198711;-4.59;-11.92;-9.53;-10.22;-8.3;-5.74;-8.23;-8.44;-6.33;-8.74;-8.3;-4.81;-6.39;-8.83;-6.29;-6.17;-5.05;-8.52;-6.64;-6.44;-2.2;-5.3;-6.16;-10.71;-5.74
198712;6.82;13.54;9.79;9.78;8.41;8.3;7.92;8.99;8.43;7.01;8.5;8.72;8.51;6.55;8.95;4.04;3.87;4.17;2.48;3.58;6.28;4.42;7.83;5.09;4.89
198801;4.23;-0.7;0.96;3.79;1.73;0.4;4.63;1.5;0.92;6.37;4.63;3.05;3.6;7.45;7.51;3.75;6.26;9.28;10.63;10.34;4.09;6.26;8.61;11.69;10.92
198802;6.47;4.39;4.34;5.7;5.8;9.3;1.11;5.56;7.31;7.93;6.04;5.26;7.25;3.72;5.51;4.72;4.53;2.85;0.79;2.53;6.75;2.51;4.59;1.48;6.75
198803;1.17;-7.87;-6.94;-1.58;-2.49;-0.02;-0.27;-1.76;-3.88;0.45;-2.19;-2.97;-0.02;-3.48;0.09;-1.2;-1.75;-1.56;-4.46;-5.03;4.26;0.74;0.29;-0.68;-2.03
198804;-1.15;0.92;-0.01;-0.54;-0.64;2.62;-0.8;1.06;1.79;-0.12;2.95;2.07;1.96;1.53;-1.03;1.68;-0.07;4.37;0.54;1.52;1.68;0.1;3.02;0.49;8.13
198805;-3.76;-1.15;0.89;-0.34;-0.48;-0.89;3.66;0.3;-0.32;-1.7;-2.77;-1.35;-1.49;1.4;-0.12;1.56;0.72;1.12;3.74;6.63;1;2.29;1.31;1.6;2.14
198806;4.46;7.76;4.08;4.74;5.11;8.01;3.4;6.38;8.32;5.64;5.04;4.95;6.55;5.09;9;3.99;4.94;1.62;3.19;7.07;3.93;3.67;2.93;4.8;8.76
198807;-0.42;-0.06;-5.29;-2.22;-0.84;-1.21;-3.05;-0.84;-2.07;-1.67;-0.44;1.23;0.75;-0.14;-0.41;0.16;-0.71;-0.88;0.77;1.14;0.3;0.91;0.99;-1.7;-0.9
198808;-3.36;-4.14;-5.41;-4.46;-1.99;-3.5;-3.57;-5.9;-3.94;-3.73;-2.07;-0.95;-1.27;-2.97;-2.35;-1.97;0.53;-1.13;-0.76;-3.23;-0.93;-0.1;-4.72;-1.51;-0.46
198809;0.96;2.4;4.48;5.93;5.53;1.5;3.75;2.12;5.96;5.53;2.56;5.01;0.91;2.41;3.86;0.86;2.72;3.6;3.73;5.48;2.91;5.37;2.82;4.6;5.42
198810;-3.15;-2.05;0.35;0.35;1.67;-1.48;2.3;3.58;3.25;6.77;1.12;0.33;1.21;1.58;0.65;0.63;1.56;2.76;1.98;0.84;-0.27;2.59;6.88;4.87;-0.23
198811;-2.52;-2.09;-4.31;-1;-2.15;-2.83;-1.52;-2.3;-1.21;-1.12;-0.91;-2.48;-2.89;-1.95;-3.46;-1.82;-3.1;-0.37;-0.64;1.97;-0.24;-0.87;0.36;-3.42;-0.65
198812;1.9;4.89;5.92;1.82;2.95;4.59;2.89;2.6;2.13;2.38;1.91;0.69;2.03;2.36;3.08;1.31;1.75;0.86;2.45;-1.49;-0.11;3.02;0.08;-3.21;-1.3
198901;9.72;4.86;6.91;7.31;6.75;5.47;4.64;6.72;7.41;5.74;4.28;5.63;6.11;7.27;3.82;7.01;5.26;5.58;6.07;7.61;8.07;6.08;8.34;12.55;7.24
198902;-2.05;0.64;-2.71;-2.76;-2.25;0.27;-3.18;-3.54;-1.5;0.49;-1.64;-2.02;-2.89;-1.36;0.75;-0.66;0.04;-1.17;0.12;-4.17;-0.17;-0.41;-2.29;-3.78;-0.95
198903;3.09;5.29;-1.1;1.26;3.3;1.98;3.66;-2.8;2.71;2.54;4.76;3.68;0.79;5.12;3.92;2.3;1.09;2.89;4.09;1.28;2.69;1.51;2.68;-0.91;-0.04
198904;4.35;3.51;6.31;7.12;5.69;7.94;5.3;5.37;5.92;3.5;6.67;3.46;2.59;6.33;2.91;5.2;3.47;4.61;5.93;2.51;4.03;5.35;3.1;1.44;5.94
198905;2.78;0.84;4.56;5.31;4.82;6.27;4.67;1.66;4.35;2.92;4.31;4.15;2.09;4.82;6.5;3.49;3.5;4.59;4.31;5.48;4.37;5.44;2.24;2.95;3.53
198906;-1.13;-1.18;-0.03;-2.15;-0.83;-0.82;-0.47;0.26;-1.22;-1.75;-0.08;-2.18;-0.19;-1.11;-1.1;-0.73;-0.34;0.05;0.13;-0.35;0;1.96;1.82;2.2;-4.57
198907;3.67;9.45;9.51;8.67;11.05;10.66;9.08;6.78;9.96;9.51;6.5;5.18;5.91;6.81;4.01;5.71;5.55;6.6;7.92;7.93;5.53;6.72;4.57;7.4;8.83
198908;3.08;3.29;1.75;2.05;0.17;0.22;4.13;1.98;1.24;4.8;4.64;2.36;1.69;3.02;6.28;2.68;1.15;1.25;2.43;4.1;0.84;1.46;0.99;9.63;-1.25
198909;1.04;-0.07;-1.13;0.92;1.43;-1.67;2.8;-3.27;-1.69;1.06;-1.66;-1.52;-0.12;0.47;-2.33;-2.14;0.42;0.23;1.91;-0.93;-0.14;-0.29;1.05;-3.25;2.25
198910;-4.57;-6.69;-2.15;-1.31;-0.43;-4.87;-2.11;-3.56;-4.01;-4.86;-5.26;-6.64;-1.69;-3.42;-6.88;-4.58;-0.98;-1.35;-3.64;-8.04;-0.82;-0.82;1.77;-8.66;-12.14
198911;0.91;1.88;0.75;2.79;1.54;4.46;5.4;1.11;4.34;-0.57;2.37;1.36;3.25;1.62;0.7;2.66;3.1;2.2;1.13;-3.75;1.69;1.74;1.75;-1.98;-2.81
198912;-2.03;-1.47;0.9;1.61;0.94;-0.68;-1.18;-0.14;1.69;2.56;4.16;2.63;3.73;3.49;2.51;-0.01;2.74;5.74;7.12;-2.11;-0.98;3.21;3.45;-4.34;-3.44
199001;-10.14;-7.84;-11.24;-7.05;-7.5;-5.86;-7.24;-3.42;-6.22;-9.11;-5.28;-7.58;-6.5;-8.54;-5.91;-4.49;-7.29;-8.37;-8.27;-7.08;-7.72;-7.4;-5.93;-4.68;-10.86
199002;2.95;2.96;0.23;0.14;0.66;2.44;5.4;2.16;1.03;1.6;3.4;2.43;1.35;1.89;3.7;1.93;2.37;2.4;-1.14;4.98;1.57;0.49;2.05;8.47;2.87
199003;1.79;0.49;1.48;4.48;4.54;1.5;2.91;2.57;4.74;4.69;0.69;1.17;0.64;1.32;0.68;0.57;-0.99;1.83;2.52;-0.45;1.89;0.38;0.5;1.73;-3.79
199004;-5.28;-4.04;-2.39;-1.37;0.36;-1;-4.24;0.21;-2.12;-3.2;-3.5;-2.47;-3.56;-4.98;-4.4;-6.24;-4.68;-4.11;-3.85;-3.83;-4.48;-5.31;-4.25;-4.24;-5.63
199005;9.8;13.42;9.57;12.39;10.89;9.21;13.96;10.98;10.72;7.31;7.04;7.85;7.78;7.41;9.13;6.15;6.87;5.64;6.75;6.3;7.9;5.52;7.59;10.87;7.89
199006;1.29;-1.26;2;1.66;3.24;0.28;-0.55;-0.53;-0.96;-5.21;0.29;-1.6;-0.05;-3.45;-3.56;-1.78;-0.46;-2.17;-4.77;-3.57;0.1;1.61;-1.47;-1.24;-4.19
199007;-5.52;-7.23;-3.75;-2.43;-0.64;-0.57;-0.23;-1.3;0.45;-7.78;-3.79;2.98;3.53;-0.72;-3.1;-4.04;-0.08;-0.72;-2.79;-5.92;-2.5;-0.74;-4.01;-3.08;-9.9
199008;-15.12;-13.31;-12.88;-9.69;-8.58;-10.74;-10.36;-11.01;-10.39;-12.71;-9.42;-6.84;-6.08;-7.93;-11.03;-10.46;-9.25;-8.6;-10.03;-10.44;-10.54;-7.86;-10.55;-14.16;-13.68
199009;-10.04;-7.82;-7.85;-6.48;-5.02;-1.24;-9.04;-5.49;-5.47;-2.71;-10.04;-3.69;-1.81;-1.95;-12.11;-9.28;-4.88;-4.21;-8.58;-13.41;-9.01;-4.86;-6.78;-9.79;-14.25
199010;-4.75;-6.56;-6.05;-0.72;1.97;-1.81;-3.44;-3.45;-1.47;-0.21;-6.06;-4.41;-0.53;-2.36;-4.97;-4.11;1.34;3.98;-4.5;-10.92;-5.81;3.45;0.46;-3.14;-4.63
199011;14.7;13.25;11.76;8.74;5.73;6.65;6.88;10.93;6.06;8.66;8.25;5.66;3.81;8.58;10.45;6.21;6.79;5.29;7.73;12.56;6.51;4.57;6.73;1.03;10.12
199012;3.91;3.2;5.76;2.62;3.64;0.97;1.17;2.92;3.83;6.93;4;3.41;2.12;0.97;6.37;0.47;0.38;3.25;6.41;5.99;2.16;2.99;4.71;-4.13;7.76
199101;9.12;8.52;7.17;5.58;5.8;0.9;4.52;8.3;3.97;8.07;6.78;1.82;0.71;5.54;5.54;6.73;3;3.71;10.49;12.3;6.08;2.89;4.54;6.93;9
199102;12.18;11.49;7.43;6.58;8.84;6.85;8.15;8.06;7.8;6.07;9.16;7.65;5.27;5.29;10.07;9.66;7.81;4.55;7.44;10.38;9.81;5.38;6.72;12.01;10.65
199103;11.21;8.32;1.66;4.83;4.73;1.88;-0.79;3.41;3.36;1.94;1.93;1.08;3.08;-1.54;2.42;5.77;2.54;3.02;2.74;1.87;5.61;2.57;4.58;-1.34;-2.78
199104;0.03;-3.16;0.31;-0.9;-0.04;1;-4.19;1.11;0.92;-1.11;-0.33;1.16;0.91;0.1;3.37;2.18;0.14;0.03;2.53;6.08;-1.52;2.06;0.15;-1.76;4.15
199105;1.57;5.01;3.28;4.96;4.27;4.72;4.31;6.01;4.66;1.86;4.46;1.61;0.64;4.49;5.59;4.55;2.8;2.23;8.33;6;1.95;2.13;6.75;15.34;9.32
199106;-8.02;-6.35;-8.38;-6.14;-3.48;-7.92;-8.64;-6.01;-3.93;-4.37;-3.46;-5.22;-1.46;-5.1;-8.22;-5.18;-2.78;-3.46;-3.23;-7.06;-5.07;-3.57;-3.68;-3.89;-4.08
199107;6.02;14.41;4.77;4.31;6.61;2.83;1.52;4.62;2.88;3.42;1.5;1.47;4.04;5.56;4.72;4.72;4.93;3.17;6.27;5.26;1.61;5.46;-2.62;10.03;5.42
199108;3.86;3.46;2.17;4.52;4.16;-0.93;1.71;1.75;0.99;0.71;1.86;2.2;1.73;2.74;8.31;3.08;2.65;-0.72;3.61;4.73;0.16;6.11;-3.52;6.08;10.59
199109;6.33;1.09;-1.45;-2.24;-2.02;2.69;-1.1;-1.29;-1.17;-0.6;0.29;-0.73;0.34;-2.06;0.12;-1.03;2.48;-0.25;-3.66;-1.17;-1.36;-1.46;-3.7;-3.75;-3.26
199110;8.86;4.36;3.31;0.37;1.49;7.35;0.1;0.35;0.59;2.72;1.28;1.91;1.32;2.56;1.18;2.73;3.24;1.82;2.78;3.53;5.67;5;-3.59;1.94;-3.17
199111;-5.15;-4.87;-5.15;-3.25;-0.56;-9.13;-5.62;-4.89;-5.53;-4.63;-3.9;-2.47;-3.48;-5.27;-11.63;-2.48;-1.15;-5.38;-6.81;-8.66;-3.21;-6.76;-7.67;-11.79;-12.1
199112;13.45;19.2;14.89;12.65;15.2;12.54;8.17;11.73;8.36;8.1;6.85;7.27;8.35;8.21;10.9;6.55;6.77;4.77;13.13;10.64;9.14;12.19;13.96;16.16;8.02
199201;3.21;-1.29;-3.68;1;-2.86;1.28;-0.74;-1.45;-0.74;-0.69;0.65;0.88;-0.52;-2.1;4.24;2.7;-2.63;3.88;4.9;12.02;5.92;5.15;10.52;10.77;18.43
199202;-5.15;-3.75;1.87;0.01;0.37;1.82;0.38;1.12;0.24;-0.68;-0.12;1.49;2.75;1.39;7.68;3.42;2.06;5.14;5.99;3.79;4.01;6.7;14.59;12.86;12.41
199203;-7.26;-6.6;-5.65;-2.86;-3.22;-6.33;-1.3;-2.13;-2.79;2.17;-1.07;-0.55;-0.14;-0.65;-1.69;-0.46;-0.57;-1.52;-2.63;-0.47;-2.39;-1.01;1.74;-2.49;1.09
199204;-12.03;-5.03;-0.02;0.22;-0.69;-0.74;1.03;1.62;5.44;4.13;-1.23;2.91;2.46;5.5;3.15;-1.58;1.4;5.42;2.95;3.37;0.54;3.14;12.32;5.52;6.96
199205;1.86;3.88;1.78;-0.37;1.09;1.01;0.29;1.09;0.5;-0.94;0.45;0.85;0.13;0.83;0.32;1.48;0.83;-0.68;-0.2;0.26;-0.17;2.29;-1.5;3.89;4.2
199206;-6.21;-5.62;-1.94;-3.41;-3.13;-5.02;-1.45;-2.2;0;-1.46;-1.93;-1.08;-2.18;-3.05;-0.49;-3.02;-0.36;2.16;-1.98;-3.25;0.37;-2.37;0.15;-0.44;4.44
199207;1.78;8.09;5.06;5.2;4.76;3.98;5.8;4.81;3.04;3.29;2.59;3.52;3.96;6.1;2.3;3.32;2.38;5.46;4.76;0.38;2.49;1.69;0.74;0.39;-3.55
199208;-8.02;-4.94;-2.93;-1.12;-0.52;-6.61;-2.89;-5.27;-2.46;-1.97;-2.13;-2.07;0.73;-1.32;-3.15;-2.78;-3.78;-1.85;-2.64;-4.48;-6.71;-6.57;-4.13;-4.86;-9.44
199209;-0.1;1.22;1.01;2.06;0.63;2.67;6.24;1.17;3;3.72;2.75;0.82;1.24;0.67;3.34;2.09;-1.2;1.13;0.85;0.86;1.16;-0.64;4.16;0.72;-0.19
199210;3.64;4.45;4.5;3.7;2.25;3.31;2.45;2.56;0.74;2.09;-0.37;0.21;-2.66;-0.63;2.15;0.44;-3.34;0.43;0.96;2.39;1.54;-0.83;1.32;4.6;4.76
199211;10.57;11.27;5.26;6.06;4;9.58;4.29;6.71;4.93;4.93;4.4;3.05;0.63;0.87;6.75;5.23;2.72;1.62;4.15;8.65;7.75;3.86;7.3;8.29;11.43
199212;0.81;5.23;-3.81;0.7;-0.25;7.74;2.63;2.43;2.77;4.14;0.37;1.93;2.78;4.29;3.26;4.46;-3.64;3.18;4.7;4.25;4.62;1.48;3.91;3.44;7.26
199301;-2.38;-1.05;-3.44;-0.25;-2.04;3.26;1.35;2.23;0.29;2.37;2.61;1.29;2.19;0.3;4.8;3.15;2.89;2.52;3.53;8;8.32;7.63;5.55;3.97;10.43
199302;-9.6;-11.36;-7.6;-4.39;-2.98;-2.77;2.17;0.61;1.12;3.29;1.83;3.14;4.36;4.79;1.99;3.59;3.72;4.04;6.03;2.1;0.48;3.5;4.28;1.63;2.41
199303;0.71;5.69;4.73;2.49;0.58;4.56;4.45;3.22;3.69;3.44;3.48;3.69;4.02;2.71;3.94;1.89;1.1;1.95;2.05;0.12;5.25;1.67;3.1;3.11;4.65
199304;-0.81;-8.58;-2.37;-4.73;-6.12;-0.24;-2.99;-1.45;-2.42;-2.56;1.61;-0.44;-0.14;-0.79;-4.63;0.48;-1.09;-2.15;-1.22;-7.37;2.33;1.09;-2.05;-5.18;-6.25
199305;5.38;9.42;6.14;4.36;3.64;9.33;2.85;4.73;3.64;5.79;4.66;1.94;2.59;0.68;1.21;4.54;2;0.91;0.66;-0.95;2.14;1.29;1.07;-0.31;0.51
199306;-0.51;4.67;-3.7;-1.09;-2.19;1.97;-1.5;-0.48;0.93;2.15;-1.8;2.1;0.05;2.82;5.81;1.65;-0.12;1.79;4.01;3.56;2.58;4.4;3.26;4.67;5.28
199307;0.3;-0.07;0.28;-2.71;-3.82;-1.13;2.81;1.53;-0.73;-0.45;2.45;-0.11;0.8;1.13;1.72;4.98;1.05;2.02;2;3.22;0.06;4.11;0.52;-5.43;-1.38
199308;6.66;8.01;2.27;4.87;3.55;6.26;4.99;1.74;3.83;1.5;3.81;4.84;3.52;4.68;3.73;6.02;4.35;3.87;3.43;2.52;4.82;1.86;-0.34;6.19;6.67
199309;2.93;3.47;-0.23;-0.43;-0.24;-1.62;2.6;-1.37;-0.52;-0.93;2.87;0.05;-1.24;0.81;0.61;-2.61;0.14;2.07;3.33;3.5;-0.48;-3.25;1.69;-4.89;5.41
199310;7.01;3.92;3.83;2.57;4.27;4.31;-2.44;2.11;2.56;-1.61;-0.31;-1.42;0.62;1.47;-2.2;2.61;-0.06;-0.84;-0.33;-5.55;2.42;3.31;7.62;4.71;-2.87
199311;-6.81;-0.86;0.04;0.18;1.03;-3.83;-1.18;-0.29;-2.25;-3.65;-3.65;-2.74;-1.66;-4.05;-2.08;-2.86;-3.1;-4.81;-1.92;-0.16;-3.07;0.18;-0.85;10.71;-0.64
199312;-1.68;5.06;3.24;-0.13;1.27;2.03;2.93;6.23;2.72;1.06;2.43;3.05;0.96;1.23;2.05;-0.96;1.73;2.28;2.18;3.13;2.77;2.57;3.21;4.18;1.21
199401;3.58;4.57;0.43;2.65;1.04;3.29;4.82;3.65;2.61;3.83;2.99;4.81;5.62;3.14;4.28;2.78;3.99;2.08;0.59;6.03;6.79;5.16;4.84;1.77;8.1
199402;-6.64;-1.54;0.34;0.39;-2.46;-2.47;-2.31;-0.32;0.29;-2.71;-4.34;-0.89;-2.28;-3.7;-1.56;-5.23;-4.48;-3.91;-2.4;-4.61;-2.18;-4.5;-5.81;-3.63;-5.66
199403;-8.23;-6.34;-5.82;-5.14;-4.79;-3.93;-3.68;-5.41;-4.08;-3.45;-5.32;-3.55;-3.76;-3.45;-1.07;-4.12;-4.46;-4.06;-4.93;-4.46;-5.02;-4.28;-6.04;1.18;-2.87
199404;-4.73;0.34;0.61;-0.98;1.97;-2.71;2.23;-2.1;-0.81;0.81;0.91;2.28;2.01;3.5;3.04;1.45;-0.11;2.76;-1.65;3.25;-0.18;2.9;2.16;4.47;3.93
199405;0.19;-6.3;-0.56;0.69;0.88;-0.6;2.19;0.94;2.48;3.74;-0.69;1.49;1.4;0.13;4.41;-0.52;-0.76;-1.92;3.59;6.77;0.98;-3.78;-2.59;8.13;7.47
199406;-7.87;-0.43;-5.37;-2.78;-2.96;-4.29;-3.91;-3.52;-2.8;-2.07;-2;-2.73;-2.63;-0.39;-3;-2.65;-1.24;-1.61;-0.54;-3.36;-2.44;-5.11;-0.21;-5.1;0.31
199407;3.56;2.99;2.04;1.99;2.56;-0.84;5.19;4.12;1.84;3.73;4.85;4.28;3.78;2.55;1.05;8.04;4.36;2.45;3.34;4.33;3.88;4.53;1.01;3.99;1.65
199408;7.01;10.41;8.29;5.06;7.02;7.51;1.51;2.29;6.91;5.1;3.48;1.92;2.12;1.21;4.13;2.17;3.91;2.2;3.79;3.75;4.21;3.3;2.93;-2.97;2.71
199409;-2.25;0.69;-0.2;-1.73;0.11;-1.4;-3.76;-2.75;-3.15;-2.32;-1.94;-1.73;-2.08;-3.86;-5.55;-2.28;-0.8;-2.15;-1.9;-5.9;-1.71;-3.33;-2.94;-5.4;-5.93
199410;-0.71;2.11;2.58;2.06;3.38;-1.68;1.38;2.58;1.17;-1.77;0.13;5.17;3.22;1.14;0.46;1.93;2.88;2.61;0.42;0.33;-0.52;1.14;2.54;-4.54;4.84
199411;-5.68;-5.23;-3.28;-2.94;-1.83;-3.84;-3.13;-4.1;-4.78;-5.03;-5.21;-4.87;-4.23;-4.27;-4.35;-2.35;-2.68;-2.4;-5.12;-7.8;-3.93;-1.79;-2.71;-5.07;-4.14
199412;-0.85;1.76;-0.44;0.56;1.52;-2.82;0.18;5.23;1.51;-0.46;0.43;3.55;1.48;1.51;-0.57;1.66;1.7;1.25;0.82;-0.45;1.45;0.46;1.07;4.82;0.98
199501;-1.55;-4.78;-0.49;2.93;2.5;3.71;0.02;0.3;1.07;3.07;-1.29;2.3;1.6;3.69;6.53;6.34;1.17;-0.09;3.79;5.59;2.49;6.42;4.36;-6.12;6.07
199502;3.05;1.49;1.02;4.23;3.69;0.32;6.1;5.56;6.35;4.29;4.79;3.86;4.55;2.73;4.97;1.19;3.09;3.05;3.7;7.3;4.19;2.25;3.1;7.02;5.23
199503;1.62;5.09;1.37;3.53;2.67;4.13;0.64;1.71;3.82;6.24;3.26;3.44;3.54;2.5;-0.05;1.72;3.12;3.16;3.68;0.27;1.55;-1.26;-1.41;2.83;-1.64
199504;-0.66;0.12;-1.5;-0.56;3.47;2.79;-0.37;1.81;1.39;4.62;5.01;1.51;2.15;4.38;2.7;0.09;4.54;3.52;1.76;2.99;3.51;2.45;3.67;4.47;9.54
199505;2.15;-0.97;0.46;2.83;3.82;-0.28;1.36;4.11;2.49;3.32;0.67;3.57;2.21;3.67;5.42;2.56;3.03;4.6;3.37;7.45;4.05;5.18;7.61;6.46;7.76
199506;8.28;7.46;6.38;5.09;4.2;5.84;5.08;1.46;2.91;4.05;4.44;1.3;0.37;1.37;2.14;2.6;1.89;2.39;1.93;2.47;2.69;1.03;2.26;0.16;3.97
199507;8.07;7.54;7.74;3.5;4.33;5.93;1.99;4.46;3.37;2.44;5.58;2.73;6.26;4.18;4.17;3.34;2.4;6.41;5.25;5.03;2.63;0.66;4.37;3.44;3.32
199508;3.33;2.81;-2.47;-1.91;0.06;1.76;5.1;1.18;0.41;2.27;1.76;-2.03;-1.11;1.69;4.18;2.89;0.76;0.5;4.05;5.63;3.3;2.63;1.46;-0.83;6.24
199509;1.07;4.34;2.35;2.25;5.45;0.87;2.24;2.09;4.62;7.04;6.1;2.57;-1.74;3.89;4;2.44;3.29;5.3;3.59;4.34;3.57;4.78;3.82;2.54;3.39
199510;-4.28;-1.23;-3.66;-2.69;1.28;-4.28;-2.46;-3.53;-0.64;0.4;-3.16;0.59;-1.7;-0.78;0.03;-1.73;-1.3;-5.3;-1.56;-2.84;-0.65;-0.66;-2.52;-3.82;-5.53
199511;5.66;5.64;10.1;5.9;3.72;3.54;4.77;4.02;3.83;1.41;3.08;5.45;4.87;3.74;6.35;6.24;3.69;8.25;3.79;7.75;2.68;2.29;1.46;9.05;5.27
199512;1.68;-0.23;1.29;-1.99;0.09;6.63;2.33;1.73;3.66;0.68;1.74;4.39;1.24;3.36;0.03;2.2;2.2;1.11;3.17;-0.82;0.21;4.26;4.33;7.47;0.62
199601;2.4;0.86;0.17;0.23;3.89;4.51;3.96;1.14;4.79;1.93;-1.48;-0.6;6.6;1.68;3.54;2.69;2.33;2.83;2.06;2.79;3.19;2.44;-0.66;-0.8;6.63
199602;3.62;7.44;2.99;3.17;1.78;0.6;1.45;0.89;1.79;1.12;3.93;1.16;5.8;-0.96;3.12;1.25;-0.78;2.56;0;3.59;-0.84;-1;-1.36;-0.34;6.95
199603;-1.74;1.13;2.99;2.98;0.03;-2.43;0.47;1.61;2.56;-2.68;-0.74;3.02;0.35;1.71;2.74;0.36;2.75;3.83;3.12;3.77;-0.69;0.21;-2.09;2.6;5.74
199604;5.79;6.64;4.03;3.72;2.46;7.43;1.98;2.64;1.56;5.29;1.23;2.67;0.41;1.35;1.96;2.91;-0.34;1.65;2.21;-0.55;-0.8;-1.96;1.98;2.02;1.14
199605;4.98;2.44;5.08;3.76;4.19;2.45;3.23;1.56;2.57;3.76;-1.28;0.71;1.54;0.71;2.24;3.98;1.69;1.49;1.11;4.17;1.78;1.8;1.34;3.21;1.48
199606;-9.77;-11.04;-3.33;-2.56;1.09;-5.2;0.59;-0.57;0.84;0.33;-1.77;0.89;-2.14;-0.14;-0.68;-1.63;0.59;-1.8;-1.38;-0.07;0.15;3.74;1.99;-2.56;-4.43
199607;-13.58;-14.14;-8.76;-6.85;-4.9;-6.6;-6.83;-5.33;-5.19;-3.57;-9.03;-6;-5.48;-3.2;0.79;-5.09;-5.12;-3.02;-1.73;2.45;-7.62;-5.42;-6.41;-7.29;-0.78
199608;4.81;7.96;6.16;3.87;1.69;3.9;3.49;4.16;2.4;0.94;1.9;4.4;2.6;5.91;5.46;4.98;2.76;4.2;3.35;0.59;4.35;2.56;3.23;2.96;5.45
199609;5.22;5.61;7.71;7.62;6.91;3.79;4.22;4.52;6.32;4.58;2.37;4.05;3.55;4.94;7.01;2.56;2.66;2.8;2.29;5.82;2.65;1.71;3.31;-1.43;0.93
199610;-4.55;-6.79;-3.63;-0.98;0.95;-0.94;3.29;-0.93;2.46;3.36;-0.58;5.25;4.17;3.68;4.52;0.95;6;2.01;2.91;6.93;0.96;2.88;4.13;8.29;3.65
199611;0.86;2.9;1.66;6.49;8.39;4.94;5.39;6.98;7.1;6.17;7.55;5.15;5.83;8.89;14.08;6.44;4.32;7.04;8.06;8.25;5.37;3.56;5.69;7.5;7.57
199612;-1.47;-1.16;-2.11;-3.54;-0.91;1.09;-3.61;-0.74;-1.58;-0.95;-2.22;-0.51;0.5;-1.09;-4.4;0.19;-0.79;0.57;-0.61;-1.31;1.35;1.43;-0.27;-3.01;-3.87
199701;3.47;4.03;1.81;6.59;7.98;1.17;8.55;5.09;4.46;6.76;1.22;6.88;3.63;4.14;5.86;2.23;3.2;4.78;5.47;9.38;2.91;2.03;3.27;2.59;2.55
199702;-3.8;-6.21;-3.5;0.52;-0.2;-6.29;0.48;-0.2;-0.86;2.74;-3.27;-1.67;-1.02;3.33;-0.05;1.24;0.26;0.86;6.22;3.85;2.27;1.41;2.54;0.05;4.9
199703;-8.81;-9.16;-7.03;-4.85;-5.94;-4.57;-3.45;-2.51;-4.2;-5.36;-3.8;-2.08;2.9;-4.37;-5.09;-3.73;-3.73;-2.32;-4.13;-8.47;-2.59;-4.43;-3.12;-2.4;-5.51
199704;-2.1;-2.22;-1.36;4.16;8.75;-1.51;4.86;2.01;5.92;3.7;0.49;3.78;2.37;5.3;8.37;2.59;1.85;2.51;4.44;9.44;0.13;-1.07;2.58;3.87;4.49
199705;12.88;15.92;12.3;5.33;7.26;11.68;7.76;7.95;8.11;5.13;8.9;4.87;6.21;6.02;4.22;7.83;6.99;6.12;4.52;4.79;7.15;5.92;7.09;2.75;5.9
199706;2.81;-0.34;2.69;7.19;3.3;2.86;8.63;2.91;4.89;5.46;2.65;6.26;4.06;4.04;4.9;4.53;3.82;3.76;4.79;6.44;4.89;4.39;2.8;-1.22;1.89
199707;6.84;9.44;6.94;9.12;6.94;7.16;9.58;10.01;8.09;7.88;6.1;7.07;5.84;9.79;12.24;5.89;7.27;5.26;8.89;10.03;6.36;5.33;10.18;9.02;8.66
199708;1.07;-0.2;-1.23;-6.56;-6.56;0.22;-3.72;-2.34;-3.05;-2.6;-0.92;-2.58;-1.62;-2.95;-7;-3.21;-2.06;-3.19;-3.69;1.15;-2.23;-0.46;-2.8;3.77;5.94
199709;9.41;7.52;4.82;5.94;4.32;7.69;8.19;5.8;3.94;6.76;5.91;5.93;4.96;6.31;8.17;5.96;4.96;7.7;10.17;12.06;6.47;5.26;6.65;5.99;12.45
199710;-6.93;-7.54;-1.92;-2.84;-2.82;-4.8;-5.17;-7.01;-6.42;-2.1;-4.06;-1.12;-2.97;-3.08;-3.94;-2.66;-2;-0.84;-0.81;0.31;-3.51;-1.12;-4.97;-1.09;-12.84
199711;-5.43;-0.62;-1.38;5.97;4.86;2.53;-1.16;0.77;4.23;9.38;-0.55;2.16;0.65;3.59;0.09;2.75;2.29;4.04;1.95;3.89;1.92;4.31;0.51;-0.65;1.28
199712;-3.08;6.65;1.47;0.97;0.4;-2.34;0.06;4.28;1.65;2.82;2.11;3.05;0.51;4.25;2.76;3.29;3.7;2.97;3.82;0.1;2.55;5.87;3.45;11.14;-3.27
199801;2.29;-3.71;-2.47;3.31;3.96;-1.02;1.52;-1.54;-1.58;0.82;-1.31;-0.06;-2.41;-4.85;-2.62;1.73;-0.86;-0.49;-3.51;-3.77;1.44;-3.67;0.02;5.03;11.89
199802;11.12;12.62;8.26;6.28;7.94;9.24;6.14;7.84;7.71;3.9;8.81;7.42;6.81;9.47;11.17;8.28;7.19;5.93;7.91;7.3;5.63;6.29;7.99;8.89;12.89
199803;9.16;6.15;5.52;3.84;4.23;3.84;3.94;2.1;4.38;7.67;4.67;2.35;3.96;5.44;8.5;8.75;4.47;3.83;6.87;3.32;7.92;4.48;7.32;13.35;9.66
199804;6.36;2.53;2.56;2.12;-0.19;1.62;3.74;1.66;2.64;-0.89;1.86;2.67;3.5;1.81;1.4;2.07;0.19;1.06;0.37;2.53;0.56;-1.52;-2.35;8.04;4.59
199805;-8.15;-5.25;-0.58;-2.45;-2.56;-7.35;-7.38;-2.23;-1.83;-1.71;-4.49;-3.02;-3.6;-2.92;-1.7;-0.66;-1.36;-1.31;5.26;-4.06;-1.93;-0.21;-3.26;9.44;-8.02
199806;7.1;9.86;2.3;5.72;7.52;4.17;7.39;1.01;0;-0.55;3.44;1.22;0.5;0.9;3.62;5.5;0.03;0.46;-0.11;0.55;1.09;-0.17;-0.69;12.01;7.62
199807;-3.82;-4.53;-1.9;-1.02;-0.62;-2.55;-1.23;-4.01;-2.42;2.11;-0.39;-6.96;-5.55;-4.98;-2.95;-6.23;-3.63;-6.58;-3.08;-9.91;-3.54;-5.06;1.85;-6.44;-2.66
199808;-28.89;-13.56;-15.65;-13.84;-13.67;-17.82;-20.51;-14.88;-19.48;-16.25;-21.18;-20.96;-12.38;-16.8;-26.91;-15.24;-9.85;-15.86;-16.67;-20.76;-11.58;-3.55;-18.57;-18.62;-21.42
199809;22.68;8.86;1.31;5.53;9.71;8.63;6.1;5.77;1.72;3.96;8.21;0.29;9.17;5.01;-3.99;4.57;7.04;4.2;1.34;4.71;8.71;6.03;1.52;15.03;5.11
199810;7.38;-2.58;15.2;8.21;6.78;8.77;7.66;5.95;12.64;10.2;8;9.47;4.75;5.09;14.94;5.14;2.46;6.04;8.48;0.7;2.06;1.59;8.47;1.71;14.99
199811;19.56;6.24;9.76;5.44;7.71;8.97;5.56;5.22;4.29;6.79;5.89;5.1;4.1;8.36;7.01;4.56;2.26;4.3;6.04;6.68;3.52;3.87;7.81;7.74;1.85
199812;27.19;14.54;11.81;10.83;6.83;5.73;7.54;3.14;3.7;5.11;13.05;-1.11;-0.51;-0.39;4.71;3.57;3.54;2;4.51;5.38;4.24;1.29;3.79;2.51;7.01
199901;18.01;12.92;1.22;3.52;6.26;7.36;3.86;-1.04;4.59;0.85;8.51;-0.96;-3.73;0.57;4.97;-1.62;-4;0.32;-1.18;-1.38;0.05;-4.72;9.65;18.72;4.87
199902;-3.77;-8.85;-2.21;-5.85;-5.53;-2;1.44;-3.15;-2.15;-1.12;-2.48;-2.77;-1.27;-0.87;1.45;-0.5;-3.25;-6.92;-0.74;-7.19;-2.02;-3.5;-5.47;-20.75;-3.51
199903;24.01;5.09;5.03;4.48;2.96;3.95;5.19;4.57;3.21;-3.52;7.4;3.66;7.01;4.34;2.45;2.48;1.15;-2.2;7.11;-2.2;0.31;-0.56;4.13;0.03;-3.03
199904;3.72;-0.63;1.41;1.23;-0.11;9.15;-1.86;9.5;6.91;11.23;4.72;4.92;10.21;15.22;5.18;8.83;8.24;6.72;8.89;4.89;8.21;7.48;3.07;-0.45;13.27
199905;-8.27;11.18;-4.29;-1.79;-3.01;1.08;-0.65;-3.76;-0.94;0.62;-0.71;5.48;-0.51;-2.67;-7.43;-1.61;3.96;2.45;4.73;2;1.9;4.67;-4.18;5.69;-9.8
199906;0.6;7.27;11.37;7.32;6.44;8.64;3.6;1.9;5.33;7.56;4.84;0.7;3.15;2.76;10.63;0.97;-0.2;2.54;-0.17;0.21;2.24;-2.39;0.86;-7.57;-0.41
199907;-6.98;-2.14;-3.25;-2.53;-2.91;-2.6;1.79;-3.4;-6.07;-5.8;1.14;-2.13;-2.87;-2.86;-2.06;-2;-1.85;-3.21;-1.37;-10.95;-1.69;-3;-4.47;3.22;-4.18
199908;3.09;-5.93;-0.92;-1.8;1.52;-3.6;-0.93;-4.06;-5.16;-5.94;-1.5;-4.07;-0.73;-3.1;-8.6;-3.83;-0.26;-4.15;-4.93;4.35;-3.59;-2.3;2.52;-8.56;-3.85
199909;4.34;1;-1.64;2.24;-3.74;-1.09;-3.35;-2.76;-2.5;-6.68;-2.11;-7.51;-6.03;-4.62;-8.62;-6.88;-6.47;-5.54;-5.11;-4.45;-3.61;-4.59;-5.39;-5.09;-3.96
199910;5.82;13.82;11.11;9.41;5.32;10.08;1.66;8.42;10.63;7.64;4.22;4.75;4.68;-1.91;4.1;7.63;-2.23;-0.82;2.84;8.61;2.8;0.53;5.43;-0.15;0.31
199911;17.38;5.49;2.75;3.79;4.6;1.02;9.77;-2.18;-1.64;-6.3;2.48;-2.02;-1.17;-1.96;-2.42;-3.79;-2.58;-3.87;1.43;-7.23;0.59;-3.2;0.29;11.18;1.78
199912;28.24;21.9;7.6;14.25;4.7;5.59;9.02;2.48;-1.25;-0.24;4.42;4.05;2.98;2.21;-2.54;3.46;-1.26;0.47;7.55;6.06;2.75;3.75;0.7;-1.49;8.23
200001;-1.3;5.16;0.87;-9.12;-4.62;-5.63;-1.71;-4.84;-2.27;-5.99;0.33;5.67;-4.06;-7.62;-7.87;-5.13;-0.31;-6.06;-6.97;-7.55;-5.01;-2.77;6;-0.53;-12.7
200002;21.66;32.72;13.86;0.58;-1.15;1.1;4.19;-5.61;-4.35;-6.28;1.53;-2.54;-5.68;-6.34;-4.39;-1.76;-1.13;-6.48;-1.96;-15.08;0.12;-4.43;-5.01;1.76;-5.69
200003;-7.41;-3.3;8.3;10.06;9.75;1.82;0.96;10.62;13.87;13.9;2.78;12.02;11.87;12.15;11.29;12.5;5.64;12.32;14.81;11.38;5.64;10.42;4.19;8.57;11.97
200004;-16.64;-10.55;-2.77;-0.82;-5.11;-4.63;-3.91;-1.05;-1.76;-8.55;-3.65;-2.67;-0.37;4.53;-6.44;0.55;2.17;6.4;1.43;14.91;-4.21;7.02;9.54;14.4;-0.14
200005;-13.28;-8.33;-5.67;-3.42;-2.99;-2.59;-4.51;2.83;2.99;3.44;-3.11;2.96;1.26;-2.55;-1.83;-2.46;3.97;0.89;-5.98;-9.07;0.76;3.56;-12.44;-4.67;-6.76
200006;17.54;9.27;5.61;3.98;6.95;8.64;-2.96;-4.7;-6.18;-9.49;3.34;-4.43;-3.9;-7.66;-1.84;-1.73;-3.76;0.17;-6.52;-6.39;-0.16;-1.79;-10.92;-4.11;3.99
200007;-9.43;-0.73;-1.28;-3.07;-2.43;-1.01;-7.73;3.99;4;4.02;-2.41;2.57;3.05;4.18;8.73;2.37;5.5;7.58;1.39;7.25;2.17;5.87;4.57;-0.28;4.61
200008;14.81;10.8;9.98;6.58;4.63;11.17;2.65;4.66;9.01;11.41;4.24;5.53;10.87;6.59;9.48;5.29;8.95;7.66;7.1;-5.57;4.39;6.73;6.2;17.33;6.92
200009;-10.81;-3.12;-6.86;-10.15;-0.69;-6.8;-2.49;4.39;-0.87;-2.73;-0.74;-0.74;1.18;3.27;6.38;4.95;5.46;6.35;1.72;3.44;-2.14;3.24;0.74;-5.17;-6.8
200010;-13.56;-9.24;-3;-1.1;2.18;-3.51;-6.2;2.41;1.75;2.95;4.63;-6.17;-0.44;1.97;-1.32;0.63;-1.77;1.7;-0.87;4.58;0.98;3.15;-2.05;0.21;-0.24
200011;-28.72;-18.16;-13.31;-9.01;-5.22;-19.16;-9.48;-4.29;-1.98;-3.51;-7.41;-6.16;-0.65;1.38;-3.96;1.86;2.2;-1.89;1.01;-9.26;-0.82;1.39;1.89;-11.98;-5.72
200012;-2.1;0.94;2.98;-4.72;0.89;6.59;5.7;6.71;9.62;13.77;10.78;2.99;12.73;13.43;10.22;7.36;8.48;13.52;10.96;6.05;7.64;2.1;7.97;6.34;6.95
200101;9.61;4.06;5.27;6.27;-0.32;12.36;4.53;-2.33;2.18;4.83;-1.32;5.82;0.74;1.71;4.92;-0.69;-5.34;-4.76;2.74;14.77;1.33;-0.93;2.79;4.18;11.97
200102;-25.92;-16.53;-16.22;-12.18;-6.7;-10.77;-3.82;-0.82;-3.05;-2.3;-2.5;-0.6;0.19;0.95;-2.15;1.61;3.34;3.01;0.68;-0.83;1.24;3.82;4.19;0.76;-4.62
200103;-18.48;-7.39;-4.15;-9.07;-7.69;-8.01;1.33;-4.36;-2.37;-0.95;-2.03;-3.21;-1.73;-1;1.55;-6.79;0.09;-1.47;-5.1;1.42;-0.95;-0.37;-0.22;-2.15;1.8
200104;19.76;14.9;10.98;11.19;4.74;8.78;5.56;8.59;6.3;2.53;4.29;5.81;6.19;3.06;-0.77;4.39;3.95;5.09;10.31;6.32;5.51;3.92;7.97;4.16;10.03
200105;-0.21;-1.43;-0.43;0.36;1.26;-4.85;-0.31;3.89;3.38;4.13;-0.25;0.03;1.49;3.2;5.74;2.91;2.65;4.82;4.72;-10.72;4.36;5.53;2.48;2.86;8.85
200106;-1.33;-1.18;1.01;-1.14;-3.17;-3.11;-6.22;-4.63;-0.11;-0.16;-2.22;0.81;0.42;0.61;-0.25;-0.79;-2.6;0.19;-0.57;1.32;-1.75;-2.58;-4.12;10.63;-1.71
200107;-17.26;-4.36;-5.98;-0.47;0.93;-12.2;-4.07;-0.82;0.93;1.03;-6.76;-1.99;-0.17;1.61;2.65;-4.06;-1.12;0.08;-2.25;2.71;2.76;-1.22;0.81;6.06;-0.73
200108;-10.77;-14.85;-11.51;-6.51;-4.7;-11.6;-4.5;-4.13;-3.54;-2.4;-6.89;-0.84;-1.79;-4.35;-3.28;-5.72;0.9;-0.96;-3.52;-12.64;-6.39;-1.63;-9.82;-0.14;-2.47
200109;-23.15;-24.6;-10.96;-7.14;-4.04;-18.82;-12.99;-12.06;-6.57;-13.53;-9.66;-5.79;-10.79;-10.15;-13.57;-9.04;-7.36;-9.03;-11.54;-13.83;-5.4;-17.7;-21.27;-15.25;-9.71
200110;18.77;18.91;6.54;1.63;2.38;9.86;4.3;0.48;0.42;-3.53;0.33;0.2;-0.46;2.77;5.52;1.07;1.7;1.9;3.82;-2.24;-5.95;-0.01;-2.49;-1.84;2.89
200111;14.19;14.07;9.63;7.94;6.22;10.26;5.36;7.86;6.31;9.91;6.23;4.03;7.76;6.56;4.14;8.76;4.68;7.21;9.46;10.69;11.17;12.35;13.92;12.97;9.68
200112;0.75;-5.9;-0.11;2.37;-0.28;1.05;1.87;1;3.72;6.15;5.37;2.47;3.96;2.72;7.53;4.28;4.15;4.73;4.5;-7.86;3.59;7.67;1.13;6.53;-0.49
200201;-12.12;1.07;-3.93;-0.16;0.67;-9.05;-1.57;0.41;-1.37;-1.94;-5.41;-1.27;0.68;-0.64;1.3;0.71;0.69;3.09;1.98;-2.27;-4.25;4.57;0.62;5.68;7.99
200202;-13.46;-20.69;-5.05;-1.07;-0.84;-7.89;-0.79;1.43;1.07;1.07;0.13;1.86;2.46;-1.34;3.55;-3.79;1.33;1.97;-16.36;-1.52;-7.61;0.57;4.37;12.01;3.08
200203;9.03;15.07;2.89;3.5;1.78;6.19;9.18;5.38;5.72;5.8;1.71;4.98;7.07;9.21;6.88;8.12;5.09;5.51;10.15;10.2;4.24;7.6;11.64;10.46;6.57
200204;-15.2;-11.81;-9.22;-7.17;-5.84;-4.59;-2.23;1.16;-4.11;-0.76;-3.58;0.88;1.39;2.46;-2.84;-3.64;0.21;2.08;-0.03;0.89;-10.51;1.05;4.02;4.43;1.06
200205;-9.81;0.15;-2.14;-1.14;-1.31;-6.79;-7.68;-0.52;1.21;0.42;0.19;-2.87;-1.72;1.88;-0.86;-4.22;-0.3;0.24;-1.56;4.24;-1.58;-2.62;-1.74;-5.41;1.27
200206;-11.4;-14.17;-4.07;-8.17;-7.4;-12.61;-10.4;-5.83;-3.4;-4.7;-11.06;-6.19;-3.81;-5.26;-3.58;-8.37;-1.93;-0.51;-9.73;-6.24;-12.22;-6.47;-9.64;-4.67;-0.97
200207;-7.15;-10.42;-7.41;-10.09;-3.36;-17.25;-11.72;-10.27;-9.21;-5.32;-8.75;-8.32;-11.09;-12.32;-12.54;-11.09;-12.61;-10.71;-5.91;-15.9;-15.2;-10.83;-16.7;-11.75;-20.21
200208;-2.84;-3.65;-1.02;3.54;-0.42;-2.86;-0.2;0.42;0.13;1.83;2.98;-1.54;0.21;1.44;3.55;1.75;3.34;2.44;2.8;-1.87;4.16;7.05;-3.41;3.22;-3.01
200209;-17.54;-7.11;-12.29;-7.72;-10.59;-13.16;-8.34;-12.71;-10.45;-12.12;-7.36;-8.81;-10.09;-12.29;-7.8;-9.75;-8.96;-7.66;-5.28;-5.51;-8.5;-9.71;-15.07;-9.33;-13.63
200210;9.51;18.29;16.91;9.76;7.77;8.67;4.23;10.36;6.04;9.88;7.1;7.49;3.56;3.22;-6.02;8.9;-1.7;1.98;2.03;-2.1;9.65;2.66;-6.64;-5.91;0.71
200211;23.67;12.12;9.6;0.7;4.29;16.09;9.07;11.24;4.15;1.76;7.18;7.83;4.47;8.75;0.89;9.31;3.78;2.4;6.43;10.69;9.07;6;22.54;7.33;13.77
200212;-14.38;-11.55;-11.8;-6.98;-4.41;-14.14;-6.31;-7.95;-2.08;-2.35;-6;-5.61;-2.23;-2.9;-1.5;-7.96;-0.82;0.94;0.71;1.29;-9.07;-1.1;-10.1;0.3;5.35
200301;2.63;1.27;-4.34;-3.65;-2.42;-2.92;-4.31;-2.24;-2.99;-1.67;-2.47;-1.68;-4.22;-2.09;2.5;-1.24;-3.69;-2.36;-4.34;-0.54;-2.55;-10.27;-3.45;-5.07;1.67
200302;1.05;-2.61;-0.51;0.04;-1.62;-0.7;-4.48;-2.47;-2.23;-2.9;-5.35;-3.14;-3.08;-2.96;-1.6;-4.63;-4.06;-0.67;-0.49;-3.83;-4.25;-4.19;-8.41;-4.74;-2.06
200303;-0.64;1.03;0.21;4.61;2.47;0.04;0.34;-0.58;-0.35;-2.86;2.39;0.41;0.01;0.18;1.57;1.04;-0.64;3.18;-0.48;3.05;-1.94;-2.75;-2.43;2.33;6.64
200304;13.26;6.56;10.22;7.1;7.39;12.27;9.15;9.44;7.03;6.66;8.7;9.95;8.46;10.74;5.84;12.07;8.55;5.38;5.03;8.85;14.32;6.23;19.27;10.03;8.97
200305;18.07;12.15;3.94;2.73;3.72;19.71;6.34;9.66;5.91;8.49;8.92;5.03;7.09;10.4;11.59;6.22;7.22;9.49;7.82;9.33;8.73;7.76;8.03;11.51;14.65
200306;1.68;0;1.05;1.32;1.18;5.47;1.64;3.1;0.51;3.5;1.64;-0.46;0.12;2.15;4.61;-1.15;0.52;0.79;2.43;10.41;3.96;1.31;3.49;0.38;2.59
200307;8.59;9.72;6.96;1.94;-0.23;4.82;9.11;3.19;3.2;-0.07;3.11;4.48;1.09;3.36;-4.97;1.54;0.61;0.58;3.29;1.99;2.42;-0.58;4.04;4.44;-0.02
200308;6.76;1.68;5.66;4.3;-0.05;9.03;1.72;2.27;1.53;0.84;2.2;1.26;0.29;3.89;3.16;4.4;4.46;2.29;1.02;2;4.84;4.42;5;5.29;5.88
200309;-4.03;-1.34;0.03;-2.37;0.13;-2.19;-3.01;-0.59;-1.37;0.09;-1.76;-2.68;-0.92;-0.12;-2.88;-4.5;-0.31;0.09;0.67;1.72;-1.98;0.78;0.08;1.89;-6.36
200310;12.15;6.05;5.23;5.23;3.75;9.96;9.79;4.65;6.45;9.4;7.25;7.29;9.41;6.81;8.07;7.74;5.05;5.97;7.6;6.21;7.27;4.41;6.27;5.9;13
200311;1.82;2.39;-0.22;-0.15;1.26;2.43;0.21;0.57;2.29;3.9;2.63;1.27;0.71;3.27;0.77;1.47;2.43;2.29;0.59;4.11;3.25;4.32;1.21;6.78;7.31
200312;1.32;5.96;1.8;2.35;4.03;-0.66;7.25;6.85;4.62;5.64;3.78;5.68;5.88;4.4;2.54;5.74;5.56;5.27;3.25;3.42;5.05;6.79;11.84;3.53;19.48
200401;4.39;3.86;-0.99;3.59;1.08;9.33;3.69;0.78;0.26;1.23;4.01;0.8;0.72;0.09;6.49;2.85;2.52;1.31;3.9;2.43;6.51;0.54;0.26;7.8;-5.35
200402;-1.03;-1.74;-2.87;2.37;1.66;-2.16;3.03;2.54;2.67;1.96;1.63;3.21;2.53;2.13;3.08;-1.81;3.36;3.38;3.98;0.9;2.21;4.63;2.53;-3.36;-2.9
200403;-0.12;-1.41;-4.4;-1.29;-1.71;-3.4;-3.28;0.13;-0.31;-1.21;-0.98;-0.81;-0.13;0.44;-2.96;-1.01;1.31;1.05;0.78;3.67;-2.32;0.44;0.33;3.11;-1.7
200404;-2.16;-4.41;0.2;-2.19;1.21;-10.04;-1.17;-2.08;-1.68;-2.72;-4.89;-4.94;-1.77;-2.47;-1.66;-2.23;-3.66;-1.22;-6.57;-5.44;-3.95;-1.26;-2.13;-3.88;10.3
200405;7.57;3.9;3.13;1.58;0.56;1.82;2.38;0.31;2.5;-1.12;-0.05;1.96;0.21;2.21;-1.22;0.76;0.26;0.81;-0.8;-0.36;2.65;0.81;-1.19;-1.17;-2.13
200406;2.08;2.02;3.76;0.83;0.59;4.63;-0.98;2.27;3.21;3.29;1.59;1.52;1.87;2.63;2.11;0.75;3.48;3.35;4.34;4.95;3.12;5.84;3.17;6.33;7
200407;-13.45;-9.08;-5.79;-3.79;-4.29;-10.09;-4.68;-3.05;-2.28;-1.79;-9.98;-4.73;-4;0.89;-0.27;-5.85;-1.84;-2.26;-0.44;2.81;-3.46;0.09;-2.06;2.56;-5.23
200408;-5.38;0.41;-2.09;-2;0.91;-4.8;0.61;0.83;1.7;2.55;-1.2;-2.04;1.1;2.33;1.74;-1.24;0.33;2.18;-0.15;1.64;0.52;1.53;-2.05;1.55;-3.45
200409;6.21;3.96;-0.19;2.28;-0.76;7.95;2.99;1.06;1.56;0.22;4.09;4.17;2.18;2.18;5.94;2.33;1.2;2.37;7.67;1.25;1.68;3.09;5.74;4.69;-0.6
200410;3.82;0.94;1.52;2.83;1.03;5.76;-0.63;-1.7;2.39;1.88;7.74;0.72;3.2;2.25;-0.72;1.94;0.11;1.13;-0.21;-2.07;2.49;4;0.9;3.08;-5.61
200411;4.61;7.33;2.06;3.36;2.78;8.13;6.63;6.17;4.69;6.36;8.94;6.61;6.14;4.57;4.06;5.37;3.66;9.18;8.04;7.16;7.44;5.3;6.11;8.18;9.29
200412;4.68;6.83;0;3.95;4.72;5.54;2.44;1.68;3.89;4.11;2.35;1.86;3.63;2.81;-0.27;4.48;4.44;4.8;-0.66;1.75;6.27;3.29;-1.78;4.4;3.95
200501;-8.01;-10.69;-5.52;-2.23;-1.85;-9.94;-4.07;-1.29;-0.8;-1.3;-0.82;-3.86;-1.27;-2.09;0.69;-2.82;-1.01;0.39;0.07;-8.46;-3.71;0.54;2.6;-1.28;-7.99
200502;-0.6;0.8;1.42;0.46;0.64;-0.13;4.75;1.63;6.72;0.92;2.11;4.63;1.46;0.43;8.1;-1.7;2.29;3.62;8.38;0.8;2.06;4.25;9.46;3.43;-2.95
200503;-5.02;-1.67;-1.43;-1.06;-0.86;-2.93;-1.19;-5.6;-3.66;-1.38;-2.2;-0.64;-0.63;-1;-3.54;-2.56;-1.29;-0.11;-0.82;-1.42;0.54;2;-2.64;-1.39;-8.96
200504;-3.42;0;0.13;-1.47;-2.3;-3.14;-2.08;-5.32;-2.43;-1.04;-8.02;-5.27;-4.45;-1.04;-4.17;-3.42;-2.51;-0.08;-4.4;0.31;-4.6;-0.34;-3.24;-2.32;-16.32
200505;7.56;10.64;5.49;5;2.5;7.39;5.71;4.05;1.61;3.36;6.59;3.88;3.68;3.58;3.52;2.97;1.81;3.81;4.57;2.19;4.83;1.85;5.07;3.86;8.6
200506;0.13;-2.6;-2.4;-1.43;-0.34;1.86;1.39;1.63;0.71;1.87;-1.88;1.56;4.06;1.51;4.38;0.26;2.61;5.2;6.79;0.19;0.06;4.22;6.44;5.16;3.27
200507;7.96;5.75;12.93;3.87;3.29;3.45;10.07;0.79;4.06;2.78;5.19;4.32;2.78;1.99;6.54;3.71;4.07;3.58;3.64;2.88;4.39;4.18;4.91;8.39;7.95
200508;-0.27;2.65;0.99;-3.45;-2.64;-0.22;-0.43;-1.34;0.28;-2.25;1.85;-1.74;-1.28;-1.05;3.4;0.31;0.17;-2.63;-2.44;-0.78;-0.73;-0.91;-1.1;7.74;3.49
200509;2.6;-3.91;-0.17;-0.11;-0.1;2.36;1.4;0.98;2.35;-1.24;0.15;0.82;0.36;0.62;3.3;0.63;2.37;0.94;1.92;1.62;0.76;1.45;1.79;6.6;8.13
200510;-0.43;-0.66;-3.72;0.97;-1.16;-2.82;-3.41;-1.56;-4.92;1.74;-6.35;1.33;-0.2;1.51;-7.73;-1.28;-0.97;0.77;-2.97;-6.12;-2.09;-3.89;-5.59;-7.89;-11.14
200511;6.59;7.38;5.6;3.49;3.51;2.79;5.77;4.54;3.83;4.31;4.37;3.52;5.11;4.09;3.21;5.16;3.96;3.86;2.97;4.52;2.55;2.07;4.04;-4.11;-1.77
200512;1.04;-3.74;-1.72;-0.23;-0.62;2.38;1.02;0.86;-0.28;0.29;0.87;0.92;1.39;0.18;1.33;0.38;0.25;1.25;-1.46;2.63;0.27;-0.11;-0.03;1.22;2.7
200601;3.53;8.02;3.66;3.39;-0.04;3.85;5.93;0.17;4.04;4.85;6.75;1.25;5.9;0.66;7.77;3.71;4.78;2.9;5.31;6.3;4.64;4.02;8.04;13.21;16.47
200602;-2.29;-3.07;-1.21;0.99;0.63;3.16;-0.12;0.84;-1.03;1.82;0.07;2.3;-0.08;2.01;-3.61;-1.81;2.79;2.18;1.45;-6.87;-0.73;0.49;-2.33;-7.22;-8.8
200603;1.18;2.15;2.5;2.11;0.87;5.18;2.01;2.52;2.25;-0.84;4.39;0.85;1.44;2.23;4.58;3.1;-0.1;2.63;0.84;3.41;1.35;-0.42;4.55;4.49;4.78
200604;0.3;-6.18;-1.01;-0.46;0.29;0.99;-0.18;1.38;1.77;3.84;1.5;0.61;0.84;4.86;2.81;1.19;1.29;4.31;1.97;7.44;3.49;1.54;3.36;4.52;0.8
200605;-8.74;-6.28;-4.77;-2.45;-2.59;-4.64;-4.43;-2.58;-3.29;-3.08;0.8;-2.82;-4.03;-3.19;-3.59;0.62;-1.73;-3.01;-5.17;-5.88;-1.41;-0.63;0.51;-3.75;-4.3
200606;0.67;0.33;-3.37;0.75;0.42;-3.63;-0.64;-1.96;0.76;-0.72;-0.65;-1.13;1.05;-0.77;2.06;-0.76;0.6;0.52;2.46;3.54;0.9;1.51;6.08;4.18;-1.76
200607;-7.12;-13.13;-1.29;-1.38;-1.38;-2.98;-3.42;-1.32;0.07;5.24;-3.12;-0.63;2.07;0.93;-0.08;-0.64;0.04;1.06;3.07;1.05;-0.31;2.72;-0.52;0.25;-5.94
200608;4.55;7.26;2.41;4.52;3.28;6.1;1.22;3.98;2.22;0.34;4.95;6.37;3.45;1.47;-5.17;2.96;1.61;1.32;-2.31;0.33;0.56;1.68;0.53;4.9;-4.5
200609;2.28;0.23;4.39;2.88;2.75;0.56;0.94;4.11;1.83;0.67;0.04;2.19;3.46;3.7;-1.7;1.82;0.87;2.47;-0.07;0.25;3.89;0.05;0.78;3.98;3.07
200610;2.94;6.56;5.63;2.02;3.64;5.06;2.96;0.82;4.46;5.57;3.13;4.26;1.55;2.55;4.68;5.51;3.1;3.27;2.45;7.02;5.87;5.44;4.61;1.91;7.11
200611;3.01;2.2;1.98;0.85;1.16;3.73;4.53;1.31;1.95;4.18;4.02;3.05;1.77;0.68;6.85;1.96;2.92;2.05;3.85;3.88;0.97;3.17;3.46;-0.51;3.31
200612;-1.83;-3.24;-2.15;1.22;-0.52;2.11;-0.01;2.33;2.09;1.31;-0.32;1.82;0.66;3.63;-3.16;2.52;1.96;2.55;2.21;1.7;3.15;1.68;1.69;3.82;5.49
200701;2.99;3.17;3.32;2.71;1.9;2.14;3.26;-0.03;2.91;0.4;3.79;-0.19;1.12;0.4;4.65;1.2;2.55;0.76;1.37;-0.46;2.75;1.17;3.22;5.53;2.47
200702;-2.74;2.95;-2.81;-2.03;-2.12;-0.96;0.58;-1.29;-0.22;-1.73;0.42;-2.47;-2.37;-3.97;-3.23;-1.16;1.32;0.46;-2.36;-0.92;-2.42;1.88;-0.15;-1.66;-7.46
200703;1.86;-0.19;1.56;-0.15;0.73;0.89;0.79;1.12;0.67;2.69;1.82;0.15;0.26;1.13;3.32;2;1.64;0.9;2.27;1.77;2.02;2.89;0.35;1.59;-7.31
200704;7.88;1.41;4.82;4.53;5.49;3.3;4.42;3.42;3.08;4.81;2.77;4.12;4.95;3.02;3.48;1.63;3.07;1.71;5.08;5.29;3.06;2.63;2.59;2.32;7.67
200705;3.05;-0.22;3.81;2.57;3.26;2.22;5.14;3.14;4.46;4.19;4.01;5.06;4.48;2.13;7.26;1.56;3.39;3.97;3.8;10.65;4.34;1.36;5.13;11.64;4.98
200706;-2.7;-1.36;0.39;-1.83;-1.45;-0.78;-0.94;0.46;-0.79;-0.33;-0.09;-2.82;-3.86;-3.45;-2.21;-0.51;-3.07;-2.22;-1.68;-0.52;-1.13;-3.76;-2.52;-2.87;-5.7
200707;-2.44;-2.43;-0.19;-1.87;-1.57;-3.67;-0.52;-0.73;-3.8;-3.13;-2.29;-3.35;-6.6;-4.96;-3.37;-2.63;-5.44;-7.94;-8.65;-3.94;-6.19;-4.98;-6.93;2.75;-9.13
200708;3.1;1.96;2.48;1.45;0.81;3.44;3.37;1.44;2.96;1.5;2.42;3.75;2.77;2.07;1.25;3.4;1.6;-1.2;-0.82;-2.5;-0.2;-2.85;-1.34;-0.4;-4.92
200709;5.8;8.39;9.52;3.75;3.75;2.89;5.62;4.37;1.94;4.07;5.04;0.37;1.28;1.33;7.18;1.91;2.44;1.16;3.5;2.93;2.38;2.9;1.79;6.69;-0.28
200710;2.34;5.06;11.8;1.01;4.09;1.75;4.92;1.82;2.75;0.8;2.15;2.29;-1.92;-1.66;1.93;5.41;2.19;-0.5;1.13;6.64;-0.57;0.1;2.78;2.89;-3.53
200711;-5.52;-8.09;-4.54;-2.58;-4.03;-6.69;-1.25;-5.64;-2.69;-3.49;-10.17;-7.36;-7.47;-4.25;-3.89;-1.97;-1.64;-4.81;-7.1;-6.9;-5.61;-6.21;-3.7;-6.41;-12.44
200712;-3.52;-2.45;1.9;-1.98;-0.2;-2.01;-0.83;-0.96;-0.27;0.15;1.25;0.98;-2.87;-5.06;6.61;-0.19;-0.86;-3.01;-0.34;21.08;-0.17;-4.26;4.23;5.9;-7.02
200801;-12.42;-11.96;-13.25;-5.09;-7.45;-9.35;-10.38;-7.38;-5.32;-2.75;-9.08;-4.83;-3.82;0.96;-10.07;-4.03;-5.84;-1.75;0.28;-6.69;-5.84;-4.28;-3.48;-8.42;-1.64
200802;-2.6;4.2;-6.61;-0.66;-2.9;-2.78;0.2;-1.97;-3.84;-3.62;0.41;-3.61;-7.3;-7.56;9.41;-1.52;-5.11;-5.52;-6.43;1.12;-4.26;-5.57;0.06;3.07;-4.74
200803;-4.3;5.01;0.16;0.74;0.17;-3.15;2.22;4.11;-0.52;-0.73;-2.24;-3.29;-4.09;-3.52;-2.57;-2.51;-3.77;-3.74;-2.03;-4.42;1.95;-0.29;-0.55;-2.63;-1.79
200804;9.38;4.41;12.2;4.37;2.67;5.67;0.4;-2.86;3.9;7.17;5.01;2.21;5.75;5.93;9.56;3.3;3.09;5.35;9.64;10.97;4.17;5.29;6.03;10.2;10.33
200805;4.76;2.63;5.05;2.81;3.38;6.19;3.12;-0.63;2.85;-2.55;3.64;1.93;-3.92;-3.7;6.4;2.56;3.07;2.03;-1.38;12.99;3.47;3.37;6.35;4.69;5.5
200806;-6.15;-11.95;-9.94;-5.65;-6.95;-7.56;-7.17;-9.27;-9.82;-5.54;-8.26;-10.01;-12.09;-18.84;0.68;-11.69;-7.23;-11.59;-9.89;-1.21;-12.12;-9.34;-4.61;0.3;-14.63
200807;3.02;-7.55;-1.1;-0.73;0.76;-0.99;0.49;0.75;0.25;-5.88;-1.56;-2.96;0.55;-6.41;0.72;-0.34;1.45;-1.78;4.89;-9.84;3.4;2.01;3.62;3.79;-7.11
200808;-2.53;-5.3;-0.57;2.74;2.43;0.52;-1.29;2.21;2.58;0.16;-0.17;1.15;2.72;0.54;0.17;-1.85;2.5;0.96;1.08;-0.7;4.16;5.28;4.25;-0.79;2.91
200809;-13.51;-23.8;-13.51;-10.99;-8.7;-14.54;-9.58;-9.1;-8.04;-5.76;-17.79;-1.76;-7.67;-4.63;-14.25;-17.64;-7.48;-6.7;1.4;-15.88;-7.4;-16.78;-4.74;5.32;-8.1
200810;-28.66;-21.17;-16.7;-15.33;-16.46;-23.37;-19.4;-14.63;-16.27;-11.02;-20.59;-14.56;-17.21;-15.71;-19.32;-27.94;-20.15;-18.33;-14.27;-26;-21.48;-15.53;-22.2;-34.08;-38.32
200811;-8.65;-16.36;-13.46;-6.1;-8.52;-17.32;-4.97;-3.63;-6.23;2.26;-15.74;-7.95;-8.65;-4.42;-7.34;-19.19;-8.35;-8.4;-10.54;-17.4;-8.99;-11.24;-20.16;4.71;-6.75
200812;4.19;5.31;2.08;1.74;3.06;4.78;6.23;0.12;1.87;0.97;6.72;-1.54;3.91;-1;3.29;-4.49;1.67;-1.78;1.56;-5.36;5.21;4.22;4.25;1.79;11.51
200901;-0.54;-0.51;-1.71;-3.83;-4.88;-7.12;-5.71;-8.44;-8.81;-9.39;-7.87;-7.25;-11.45;-11.98;-5.46;-11.96;-7.15;-16.78;-15.78;-11.41;-11.99;-15.88;-14.11;-16.45;-15.04
200902;-7.87;-2.86;-4.95;-8.66;-6.5;-7.86;-6.98;-10.54;-10.64;-9.62;-10.42;-12.11;-14.89;-15.3;-1.46;-16.59;-15.4;-13.16;-9.6;-18.35;-14.32;-14.66;-17.25;-5.49;-14.79
200903;14.91;7.38;9.25;10.04;9.32;14.94;6.32;2.61;9.02;3.34;15.16;9.84;11.26;10.4;13.03;12.3;6.25;9.1;10.27;5.2;8.58;9.46;11.07;5.98;23.74
200904;9.48;9.43;11.17;5.67;10.32;17.9;5.05;10.68;9.16;3.93;13.53;11.82;10.45;12.74;16.73;14.07;10.49;9.93;14.86;31.52;15.36;15.36;25.13;63.56;14.85
200905;5.52;9.88;3.16;6.19;3.57;11.59;8.04;5.68;3.2;5.37;13.29;-1.41;8.67;7.13;2.53;7.91;4.74;5.88;6.12;3.86;-0.16;3.95;3.75;-0.05;4.63
200906;6.24;-2.08;0.65;1.01;2.83;1.2;-1.34;-0.46;-0.98;-0.48;-0.56;0.54;0.15;-2.93;0.8;-3.28;1.91;-0.85;-2.59;-7.68;2.5;1.91;4.54;3.74;7.2
200907;5.1;6.44;8.37;7.45;5.2;10.37;3.86;10.33;10.68;7.59;8.19;8.11;9.05;5.84;7.36;9.29;9.46;12.59;10.68;19.29;8.75;11.57;5.75;15.71;17.95
200908;0.77;1.28;-0.19;1.27;1.75;2.23;3.85;3.02;4.89;2.78;4.31;2.8;2.95;1.98;0.23;4.04;7.29;3.79;3.32;8.97;17.25;12.68;7.62;8.74;9.98
200909;8.2;5.4;5.19;3.31;3.77;5.92;5.92;5.26;2.06;4.47;4.03;0.59;7.25;2.87;7.24;4.74;2.63;8.32;7.6;9.31;4.68;2.76;11.28;8.23;10.99
200910;-11.5;-4.13;-1.84;-0.34;0.18;-3.53;-5.06;-4.56;-0.63;-0.53;-3.59;-1.48;-6.36;-2;2.43;-5.22;-5.31;-2.95;-4.52;-6.8;-8.29;-9.96;-6.42;-6.62;-12.05
200911;6.1;4.79;6.86;7.4;6.04;5;2.91;5.61;5.77;5.49;1.65;1.75;7.72;4.85;2.1;4.43;4.66;5.81;4.8;6.6;3.18;6.93;3.05;4.89;12.31
200912;10.47;2.86;1.6;3.21;0.55;3.73;3.63;3.04;3.38;2.95;2.65;4.92;2.81;4.61;2.95;4.55;4.23;4.76;2.16;10.95;1.72;1.82;7.04;5.81;16.24
201001;-5.42;1.28;-2.73;-4.39;-3.65;-7.94;-1.45;-4.41;-3.76;-5.33;2.56;-3.27;-1.62;-4.2;-3.69;-5.02;-3.69;-4.5;-4.25;-8.49;-2.07;-0.8;-2.17;-3.51;-11.05
201002;3.42;3.82;1.89;2.4;3.14;5.77;1.44;4.76;3.54;5.2;4.4;2.4;1.75;2.52;3.03;4.53;4.65;5.86;3.12;3.32;5.87;6.51;5.89;6.37;11.77
201003;8.47;4.47;4.61;6.35;5.09;8.62;8.97;6.6;4.97;6.19;3.41;5.58;8.46;7.38;5.38;7.61;7.48;6.12;7.37;6.61;10.25;7.45;8.65;8.58;9.46
201004;6.09;2.26;-1.46;0.09;1.7;-0.14;3.77;1.95;1.75;3.71;0.94;0.7;3.53;0.36;10.43;-0.01;1.31;5.72;5.37;4.07;6.34;3.31;1.91;5.44;8.23
201005;-8.33;-8.81;-3.88;-7.2;-7.77;-6.75;-8.05;-5.83;-7.8;-8.94;-7.57;-6.6;-9.34;-7.83;-11.13;-7.22;-7.54;-9.26;-6.77;-12.66;-9.26;-11.29;-8.89;-7.88;-12.21
201006;-5.37;-1.6;-2.97;-3.7;-4.69;-9.32;-7.7;-3.28;-7.02;-8.66;1.28;-4.49;-5.85;-5.41;-5.8;-6.36;-5.61;-8.66;-8.09;-13.24;-10.23;-9.62;-15.43;-14.01;-10.46
201007;7.01;7.69;10.2;7.41;6.79;5.93;6.39;7.11;4.97;6.91;8.56;6.39;7.17;9.83;8.64;4.36;6.79;8.13;8.37;11.14;7.27;6.92;4.05;9.7;8.02
201008;-5.17;-3.49;-6.97;-4.81;-3.42;-7.9;-6.58;-3.92;-4.97;-3.08;-4.24;-4.46;-1.81;-7.3;-8.41;-3.07;-4.54;-4.84;-3.9;0.55;-9.92;-3.08;-8.83;-8.74;-8.49
201009;14.17;11.81;11.18;13.86;9.75;12.6;11.35;12.67;7.76;10.13;13.56;8.57;7.67;8.39;13.1;7.47;9.79;9.12;6.39;10.91;8.28;8.08;6.75;6.42;14.12
201010;4.96;4.08;3.08;5.86;4.65;2.15;7.22;5.42;4.67;2.44;6.61;3.31;3.74;4.02;6.05;-0.78;4.68;2.48;1.29;1.38;2.45;2.9;-1.59;5.3;2.46
201011;3.53;5.23;-3.41;-0.07;0.3;4.65;1.99;4.2;1.96;2.45;1.95;-0.45;-0.39;0.67;0.79;1.35;1.24;0.02;-0.9;-0.14;-0.46;-0.67;-2.79;3.43;2.61
201012;5.35;2.89;4.95;5.8;4.69;10.71;6.72;6.53;5.57;6.5;8.4;7.04;5.94;9.45;8.22;6.67;7.78;9.15;8.56;9.67;14.57;5.27;12.67;7.67;10.86
201101;1.66;2.27;2.72;2.12;0.72;7.37;4.59;2.07;3.3;0.18;4.26;-1.08;4.05;2.93;2.01;2.67;0.62;4.49;1.17;-0.42;1.5;2.16;3.24;1.26;-4.26
201102;5.57;3.9;-0.27;4.14;2.22;5.41;6.72;2.99;3.08;3.98;4.61;3.94;6.48;3.61;1.68;5.1;5.34;4.77;3.76;3.69;2.06;4.78;5.41;4.2;1.21
201103;1.82;1.74;-2.99;0.08;0.92;-1.37;1.89;1.91;-0.57;1.99;0.93;1.56;2.19;1.42;2.65;-2.02;0.8;0.36;1.94;4.15;-2.39;1.39;-2.25;0.77;0.93
201104;3;4.63;3.9;2.12;4.06;0.2;2.06;4.87;4.56;2.14;2.88;4.55;2.64;-0.22;3.79;-0.67;4.38;2.56;1.89;0;1.58;3.33;-0.78;5.32;0.03
201105;-1.36;1.02;0.79;-0.83;-0.12;-3.14;-3.11;-3.78;-1.99;0.86;-4.26;-1.49;-0.68;-2.21;-0.88;-3.64;-2.01;-1.45;-1.33;-0.5;-4.32;0.37;-1.71;-0.85;0.39
201106;-3.25;-2.8;-3.38;-1.22;-0.76;-5.87;-3.54;-0.77;-1.89;-2.54;-3.78;-1.92;-2.46;-0.9;-2.58;-2.71;-1.52;-0.67;-2.55;0.39;-2.25;-0.75;-3.08;-0.14;-0.99
201107;-5.92;-5.27;-0.74;-2.22;0.14;-4.69;-4.34;-3.62;-1.79;-1.4;-5.82;-1.84;-2.96;-1.51;-5.44;-3.87;-2.49;-3.77;-3.04;-4.4;-4.32;-5.24;-5.21;-1.02;-4.64
201108;-10.73;-6.97;-7.89;-3.68;-4.21;-11.77;-8.81;-5.46;-4.38;-3.47;-8.13;-10.96;-7.83;-6.84;-20.91;-9.16;-4.03;-5.41;-7.33;-1.65;-9.51;-7.98;-6.84;-6.9;-13.8
201109;-7.78;-8.8;-10.43;-6.64;-6.24;-12.75;-9.37;-8.74;-6.66;-4.16;-11.43;-11;-10.94;-5.74;-13.99;-10.17;-8.14;-6.19;-8.12;-1.47;-10.49;-8.49;-9.11;-18.71;-15.37
201110;10.35;12.84;13.53;9.29;9.95;19.7;15.83;15.75;10.25;11.61;17.63;15.31;14.7;11.04;18.98;12.17;12.44;9.38;10.28;5.31;13.5;11.06;10.38;15.57;14.97
201111;-2.31;-0.24;-2.72;-1.18;-0.09;0.67;-4.44;-0.33;1.08;1.01;0.43;-2.37;3.2;0.5;2.63;-1.58;2.27;0.1;-0.55;1.75;-2.72;-3.33;1.19;-9.68;-0.94
201112;-1.72;-2.12;-4.17;-1.09;-0.21;0.43;-1.41;-1.08;1.34;0.91;-0.15;4.45;2.6;2.18;-2.23;0.78;2.16;3.56;2.49;4.44;-1.76;1.55;1.52;7.02;1.56
201201;13.96;9.6;10.79;5.5;7.02;4.17;6.91;7.08;2.18;3.8;3.91;5.96;6.47;1.1;9.26;7.43;3.14;0.57;3.98;-2.25;6.53;6.63;-0.05;11.73;13.74
201202;4.22;6.32;5.84;2.71;5.65;6.23;5.92;3.26;4.05;1.51;2.93;3.56;2.11;5.24;-3.65;2.93;4.12;4.04;6.93;2.34;5.85;4.92;4.89;4.93;8.05
201203;3.81;6.42;2;4.39;3.87;-1.1;4.01;3.35;1.29;3.92;3.06;1.84;1.94;0.37;-2.62;3.31;0.81;3.34;5.07;-0.16;3.65;4.92;0.22;16.08;-2.12
201204;-3.13;-4.63;-2.48;2.07;-0.37;-1.91;1.8;-1.73;-1.35;-0.51;-0.94;-1.67;0.53;-1.68;-0.12;-1.03;0.79;0.69;-3.2;4.04;-2.08;-3.1;-0.29;-5.74;-9.72
201205;-3.05;-10.1;-9.95;-6.52;-5.94;-10.61;-9.83;-9.23;-5.4;-1.15;-7.74;-5.61;-5.32;-7.13;-9.47;-7.77;-4.83;-3.69;-5.22;0.99;-8.31;-6.08;-4.84;-21.19;-8.26
201206;5.49;1.48;3.33;2.78;2.64;6.86;3.85;3.16;2.88;5.1;3.87;6.43;5.08;5.83;-4.71;5.36;4.31;4.15;3.28;6.52;4.97;6.26;4.71;7.26;6.45
201207;-4.18;-2.81;2.63;0.48;1.2;-2.56;-0.47;0.76;1.36;-0.22;-0.88;1.73;1.86;1.62;-0.84;0.24;0.32;3.8;-0.91;-7.76;-1.52;-0.03;-1.41;2.12;-4.62
201208;3.71;7.32;4.76;2.56;2.42;5.2;5.62;5.45;1.52;1.29;3.21;1.36;1.16;1.65;4.75;1.25;0.99;-0.76;2;4.17;5.45;3.99;6.36;3.79;14.23
201209;3.82;0.69;4.4;1.54;1.29;4.26;2.72;2.57;3.24;0.62;3.48;5.4;1.81;3.26;4.38;4.12;2.99;2.39;2.67;0.71;3.97;2.75;6.14;8.14;1.36
201210;-7.24;-6.29;-8.28;-0.39;-3.35;-3.79;-0.57;-2.78;0.18;-0.27;0.02;-2.43;-0.78;-2.07;-0.21;-0.79;0.56;-4.28;-0.56;-1.84;4.65;1.2;3.82;1.35;3.62
201211;3.26;1.62;5.19;2.46;0.48;2.03;1.31;3.82;-0.75;-0.82;2.77;0.94;1.59;-1.48;2.3;1.17;0.4;-2.36;-1.34;5.8;-2.34;-2.45;1.5;-0.02;5.49
201212;1.67;4.55;1.24;0.53;-1.09;3.68;1.43;1.89;-0.48;2.16;3.45;0.75;2.3;1.71;-0.65;2.09;1.48;1.28;4.45;3.69;6.85;3.27;6.3;6.45;2.44
201301;5.99;7.15;5.94;6.46;2.88;6.82;4.66;6.66;5.22;5.09;5.19;6.15;8.25;6.03;5.19;7.84;5.44;5.38;3.96;11.69;9.26;7.91;3.08;9.57;10.44
201302;-1.62;1.21;1.02;1.43;1.28;3.58;0.3;0.95;0.83;0.31;2.67;2.4;1.16;1.84;-0.52;3.07;3.36;1.85;1;4.7;1.23;-1.49;1.41;3.75;4.51
201303;5.5;3.16;2.17;4.13;4.04;5.05;3.07;3.03;3.58;4.51;4.92;4.72;3.83;2.81;8.11;3.7;5.22;4.01;5.85;9.09;4.73;4.16;5.63;-0.57;9.73
201304;1.69;-3.68;-0.5;2.16;2.22;2.49;-2.45;-0.63;1.14;3.67;0.95;-0.24;1.82;3.63;-1.69;2.07;1.76;1.83;-0.36;5.83;2.61;2.25;1.23;2.41;-0.89
201305;5.13;4.99;4.21;1.3;1.97;3.5;3.02;4.84;2.72;3.2;4.66;2.1;1.01;1.11;6.44;3.9;-0.93;-2.08;7.3;4.63;7.1;4.09;5.02;9.51;6.63
201306;-2.66;-0.66;0.26;-1.76;-2.6;1.75;-2.83;-0.41;-0.93;-1.2;-1.41;0.27;-0.46;-0.16;-1.63;-2.15;0.54;0.29;0.78;-4.79;-2.46;-0.21;-2.31;-2.09;-11.55
201307;15.2;6.38;4.44;5.39;4.78;6.44;2.09;4.51;7.97;5.44;5.82;5.67;5.91;4.59;1.63;5.35;4.81;6.34;5.82;5.16;6.79;7.15;5.35;6.42;14.76
201308;2.33;2.57;-2.16;-3.06;-0.64;-1.75;-1.96;-2.79;-3.11;-3.9;-2.85;-3.13;-3.55;-3.28;-3.21;-4.18;-4.1;-3.08;-3.41;-5.4;-4.05;-3.71;-3.42;-7.49;-5.91
201309;10.53;2.8;6.33;6.08;3.43;3.8;3.07;3.62;3.77;3.07;9.03;3.51;4.46;1.07;3.09;3.52;2.97;4.48;2.16;0.79;3.22;2.59;0.9;3.4;6.2
201310;-3.87;0.53;-0.31;5.19;5.07;-2.38;2.92;5.57;2.54;4.13;2.57;5.36;4.88;4.73;5.92;4.17;5.26;5.24;2.32;9.28;4.13;3.25;5.56;2.24;11.98
201311;0.34;5;0.1;4.08;3.62;1.3;2.53;1.64;4.06;3.12;0.82;2.14;3.66;3.8;2.46;1.32;0.85;2.46;2.51;5.86;4.31;4.53;3.59;7.42;2.85
201312;5.94;2.96;4.97;2.32;1.93;5.12;3.94;4.38;1.77;0.95;5.92;4.65;0.78;3.75;6.12;2.74;2.11;2.81;1.72;2.76;1.48;1.33;2.15;3.89;2.8
201401;10.89;-1.24;0.6;-3.61;-5.07;0.74;-3.36;-1.82;-2.56;-4.12;-0.99;-6.17;-1.65;-5.53;-4.18;-5.12;-2.96;-1.88;-6;-4.61;-4.85;-0.75;-2.33;-4.9;-7.14
201402;8.62;2.94;4.87;5.1;4.98;3.96;2.16;4.86;6.31;4.13;6.69;2.8;8.42;4.11;2.7;4.05;1.8;2.74;4.52;4.36;3.97;2.63;2.98;3.01;13.95
201403;-10.59;-0.49;-5.39;-1.88;0.19;-2.19;2.97;-1.66;1.62;1.71;-3.23;0.33;0.98;1.62;2.72;4.51;3.4;1.61;4.2;5;1.52;2.84;6.17;6.17;5.02
201404;-7.55;-3.75;-2.83;-0.79;1.38;-4.76;-2.11;-1.71;1.06;2.02;-1.53;0.43;-1.01;0.76;2.15;1.64;0.97;1.3;1.95;1.06;0.65;-2.45;-0.11;-5.45;0.85
201405;2.87;2.11;1.6;2.58;2.89;-0.23;0.6;3.95;1.5;-0.44;2.88;1.8;1.26;2.06;1.97;1.4;0.68;1.7;1.72;1.51;0.23;1.3;1.65;1.09;2.2
201406;9.41;2.04;2.74;1.43;1.46;10.21;4.69;1.64;2.76;0.37;5.3;1.51;1.97;2.17;5.06;1.08;3.39;2.97;4.95;4.01;4.18;3.57;3.24;4.04;-0.53
201407;-5.47;0.88;0.41;-2.04;-1.78;-4.89;-5.99;-1.91;-3.94;0.29;-4.08;-2.48;-1.32;0.44;-1.82;-3.15;-4.31;-2.98;-1.55;2.88;-2.18;-4.28;-0.82;-0.57;-6.16
201408;9.69;5.27;4.97;4.45;4.56;3.38;7.23;3.62;4.65;5.38;6.92;3.1;2.83;3.42;4.6;4.28;4.14;2.98;0.93;1.22;5.68;4.58;3.93;3.88;6.43
201409;-3.2;-4.57;0.46;-0.63;-1.19;-3.8;-3.88;-0.77;-1.24;-1.8;-4.28;-1.62;-2.71;-2.62;-4.26;-4.3;-3.61;-4.54;-2.02;-2.33;-1.55;-2.78;-0.59;-1.25;-1.36
201410;3.96;5.55;1.96;3.12;3.07;4.27;3.24;2.65;2.85;2.27;4.73;2.55;2.59;1.87;1.34;1.5;4.64;0.98;-0.83;1.04;1.2;5.51;-0.78;0.22;-1.23
201411;0.37;2.17;2.42;5.6;3.23;-0.47;4.19;1.08;3.11;6.43;2.71;2.81;1.7;3.66;6.35;3.55;0.5;-1.22;-0.61;2.35;1.94;0.49;-1.52;-2.71;2.86
201412;-0.85;4.92;-1.1;-1.37;-0.77;3.1;0.95;0.28;-0.09;-2.46;0.35;-1.53;0.92;0.34;0.31;-0.09;-0.08;2.15;0.18;-4.29;1.22;2.2;2.89;3.71;2.26
201501;-1.67;0.55;-1.55;0.92;-1.82;-4.34;-1.63;-4.41;-2.29;-1.45;-1.77;-3.23;-3.5;-3.86;-5.21;-5.23;-3.24;-5.45;-5.34;-3.94;-5.97;-2.17;-8.4;-11.24;-8.2
201502;11.26;11.79;4.53;6.51;5.82;5.55;6.96;7.41;4.85;6.39;7.63;9.18;5.74;6.6;4.76;7.65;5.15;7.04;5.58;5.17;5.85;1.2;4.95;10.24;2.59
201503;-1.06;7.2;1.16;-0.9;-1.46;1.33;0.4;-0.7;-1.03;-1.84;1.73;-1.32;-1.65;-1.64;-0.83;-0.79;-0.27;-0.29;-2.76;-3.54;-1.92;-0.6;-1.66;-1.59;1.43
201504;-0.8;-0.66;-2.08;-0.73;0.09;-1.41;-1.72;-0.59;-1.02;2.85;-2.51;2.78;0.6;-0.06;0.55;0.98;0.02;1.68;4.56;4.57;0.61;0;3.06;5.84;2.34
201505;4.36;1.44;0.81;1.27;1.73;2.63;3.97;1.47;1.71;0.79;2.51;2.93;0.3;3.09;-0.78;3.93;0.96;-0.71;-0.65;-1.71;0.85;2.04;-0.3;2.14;-0.41
201506;0.15;-1.64;4.63;-1;-0.67;-4.3;-0.31;-0.82;-2.88;-3.62;-1.5;-1.52;-2.44;-1.9;-1.5;-2.13;-1.71;-2.18;0.14;-6.65;-1.9;-1.68;-0.86;2.03;-3.12
201507;1.91;6.59;1.52;6.71;1.95;-2.95;-1.42;6.63;2.37;-0.88;-3.33;3.24;-0.67;-0.51;-1.74;0.74;0.88;-3.58;-2;-3.76;0.74;0.46;-2.36;-2.8;-22.96
201508;-10.83;-5.95;-6.86;-5.76;-5.76;-9;-5.52;-5.85;-7.33;-5.44;-4.61;-6.49;-5.57;-5.29;-4.57;-4.86;-5.03;-5.51;-6.51;-0.64;-5.51;-5.78;-3.21;-6.87;-4.98
201509;-7.03;-1.84;-3.01;-1.53;-2.01;-9.68;-7.45;-2.66;-2.66;-2.68;-8.17;-2.38;-1.12;-3.77;-6.78;-4.16;-2.37;-2.72;-7.33;-5.78;-5.17;-2.76;-3.31;-6.47;-19.25
201510;4.83;12.47;9.93;9.14;7.6;10.13;5.64;9.17;10.05;3.23;6.31;8.61;9.85;6.07;9.44;6.23;5.3;7.82;4.4;3.68;5.63;5.74;7.37;6.53;7.47
201511;4.5;3.91;2.19;1.42;-0.35;4.42;-1.12;0.48;0.43;0.24;2.62;0.01;-0.02;0.59;-0.72;-0.47;1.1;2.3;1.64;0.79;1.78;0.67;3.54;3;-2.06
201512;-1.63;-0.76;1.32;0.9;-2.53;-3.82;-7.5;-0.11;-1.74;-1.32;-7.72;-1.81;-1.88;-2.39;-3.57;-3.26;-2.43;-5.45;-9.88;-9.6;-4.66;-2.3;-5.28;-4.53;-26.11
201601;-20.27;2.77;-7.99;-9.12;-5.55;-14.94;-6.09;-3.25;-4.45;-4.2;-10.27;-5.44;-5.42;-6.49;1.96;-3.64;-2.12;-8.68;-12.91;-10.01;-9.5;-6.2;-5.89;-10.06;-19.87
201602;-6.15;-3.04;0.89;-1.16;1.07;-1.02;3.02;-1.37;0.8;1.55;-3.26;-1.17;2.85;-1.96;1.78;2.99;0.13;-1.67;-5.11;11.42;-2.63;-2.76;0.75;-6.29;-24.74
201603;7.41;6.61;4.07;5.68;7.15;5.65;6.89;5.85;6.76;7.35;6.11;5.74;6.98;5.91;7.69;6.57;6.8;10.09;11.28;5.32;9.26;8.26;8.72;8.65;51.58
201604;3.44;2.38;8.56;1.93;-2.01;1.92;-0.75;-3.05;0.52;-1.26;2.13;3.53;1.48;3.51;-0.08;3.28;1.09;6.19;6.51;3.83;3.92;3.77;3.38;9.79;26.57
201605;4.46;1.25;0.85;3.09;1.8;3.6;0.95;3.38;1.33;2.26;5.01;4.98;1.55;0.21;1.86;-1.05;1.2;-0.16;-1.85;-0.95;1.73;1.57;-0.55;1.77;-4.17