196307;0.24;-2.03;-1.11;0.24;0.5;-1.54;-1.23;0.07;0.28;0.64;-2.17;-2.01;-1.92;-0.71;-2.01;-0.36;-1.16;-1.28;-1.69;-1.57;-1.18;-0.03;0.95;0.31;1.33
196308;4.52;2.02;2.34;2.4;3.02;5.81;5.04;3.34;5.27;5.38;6.36;3.98;3.27;4;7.94;5.82;5.88;4.15;5.86;7.01;6.34;5.19;5.3;4.6;6.74
196309;-0.93;-0.44;-1.99;0.47;-2.51;0.09;-2.66;-4.14;-2.4;-2.33;-3.73;-0.94;1.53;-2.14;-2.8;-3.62;-0.81;-1.91;-3.26;-1.82;-0.76;-0.96;-2.99;0.14;-0.79
196310;0.99;-0.83;0.51;2.04;-1.09;4.25;4.7;1.07;3.29;1.81;2.18;1.71;1.48;1.83;2.38;5.48;0.53;1.38;1.02;1.08;2.16;0.95;0.44;4.25;10.31
196311;-2.89;2.17;-3.73;-2.7;-2.98;0.04;-2.05;0.44;-0.75;-2.55;-0.16;-2.58;-0.46;-2.49;-2.88;-0.9;-0.73;-1.2;0.87;0.39;0.88;-1.15;-1.11;1;-4.79
196312;-1.64;0.59;-0.06;-1.46;-2.04;-0.83;0.02;0.12;-0.01;0.96;2.17;-0.72;1.98;2.66;1.08;1.47;2.03;0.8;2.13;-1.36;2.38;3.89;2.66;2.15;1.89
196401;5.57;4.66;3.15;4.42;2.39;2.97;1.27;2.71;2.33;0.66;4.01;1.45;3.2;2.41;0.06;5.34;3.04;-1.14;1.13;-0.27;3.24;1.19;2.46;4.63;0.15
196402;2.45;-0.28;3.37;2.05;2.16;0.79;2.6;4.22;3.56;2.62;3.43;3.23;2.19;1.97;0.13;3.71;2.79;2.86;3.08;2.31;2.41;1.83;1.68;1.19;1.65
196403;4.87;3.66;1.84;2.23;1.17;6.72;4.57;3.08;3.56;3.15;8.04;1.96;4.81;2.29;2.48;6.63;2.61;3.54;3.94;1.39;3.15;3.47;0.96;0.65;0.88
196404;0.05;-2.43;0.71;2.1;-1.75;0.31;-1.54;-0.88;-0.37;-0.49;-1.91;1.49;-1.68;-0.76;-2.42;-4.2;-0.3;3.3;-0.27;-1.01;-2.2;0.75;0.81;0.31;4.59
196405;1.91;1.16;-1.47;-0.25;-0.48;4.09;1.45;2.71;0.05;1.46;2.65;1.88;-0.81;-0.94;-0.56;2.62;2.46;1.95;2.34;1.21;1.02;1.14;1.13;1.34;3.72
196406;1.63;1.04;1.93;2.05;0.66;1.62;2.15;1.78;0.63;1.59;2.11;3.21;1.51;0.63;2.55;0.03;0.97;2.31;2.86;0.54;-0.12;2.18;1.43;2.34;1.07
196407;3.43;4.2;2.7;2.29;2.46;1.92;3.94;3.98;2.63;1.36;2.21;1.14;3.42;3.97;2.09;2.3;3.15;2.22;0.85;0.53;3.01;2.83;2.14;1.1;1.03
196408;-1.77;0.44;-1.04;0.21;0.4;-2.74;-0.54;0.07;-1.09;-1.6;-2.32;0.34;0.48;-0.83;-0.6;0.68;0.32;0.37;0.85;-1.46;-0.84;-0.31;-1.17;-2.62;-0.73
196409;2.77;4.18;3.49;5.62;4.44;6.33;1.34;1.98;1.49;3.27;4.25;1.47;2.77;2.24;1.76;3.98;3.34;2.67;4.59;4.45;3.02;3.91;2.14;2.68;5.17
196410;3.59;1.57;3.57;1.53;1.05;-0.74;2.03;2.01;2.43;0.52;2.16;2.54;1.4;4.32;1.54;1.96;1.55;1.22;2.16;2.01;0.15;0.64;0.87;-0.15;0.99
196411;0.12;1.36;-2.06;-0.06;-0.47;-0.6;-3.48;0.16;1.32;-0.07;-0.27;0.07;0.09;2.28;0.52;1.2;-0.95;2.03;-0.03;0.48;1.93;-0.2;0.06;1.14;0.61
196412;-3.3;-1.06;-1.18;-0.25;-1.1;-2.04;0.35;1.68;1.19;0.27;-0.35;-1.43;-0.39;-0.18;-0.17;-1.46;-0.2;0.36;0.35;-0.32;0.24;-1.72;1.85;-0.72;1.53
196501;7.67;6.05;9.05;5.41;7.65;5.83;9.56;4.74;6.81;5.31;5.85;4.9;5.37;6.61;5.8;7.02;4.7;5.08;4.94;6.76;4.5;4.32;1.56;5.3;5.09
196502;2.63;3.25;1.57;3.52;3.84;3.5;3.91;2.63;3.3;3.92;6.49;3.72;2.94;3.49;4.56;1.88;3.15;4.76;1.85;2.97;-0.46;1.19;-0.7;0.3;2.85
196503;3.5;1.93;2.51;3.03;0.34;-0.05;2.73;-1.21;2.07;-0.17;0.01;0.59;0;1.18;-0.75;1.03;-0.72;-0.98;1.18;-1.49;-2;-1.05;-1.54;-0.51;-2.83
196504;2.24;4.3;5.33;6.03;6.77;4.56;3.91;3.13;5.27;4.31;2.92;4.44;3.84;4.02;4.71;4.74;3.11;2.99;4.84;3.59;1.74;1.86;3.57;3.17;6.49
196505;-0.04;-0.53;-1.55;-2.03;0.42;-0.25;0.52;-1.32;1.6;0.61;1.19;-1.2;0.8;-1.08;-1;-1.35;-1;-0.9;0.43;0.51;1.69;-0.16;-0.47;-0.09;-0.43
196506;-10.11;-9.23;-7.59;-9.8;-10.59;-9.42;-9.3;-6.7;-9.94;-9.91;-9.88;-8.45;-6.72;-8.24;-8.96;-7.97;-7.07;-6.77;-7.93;-7.68;-4.96;-4.26;-3.59;-4.51;-5.87
196507;1.54;3.63;1.75;4.27;3.55;4.08;3.03;2.08;3.13;2.05;6.81;3.58;1.46;3.04;2.56;2.45;3.21;3.32;2.42;3.94;1;1.04;2.19;0.4;3.01
196508;3.97;2.56;4.97;3.11;5.36;5.79;5.21;4.52;4.98;5.14;9.1;7.25;3.05;6.98;6.27;3.69;2.77;4.08;6.17;4.99;2.17;1.53;2.82;2.57;5.24
196509;3.89;2.63;2.48;5.47;2.92;3.77;5.03;3.94;4.27;2.27;3.58;4.32;2.5;4.52;4.08;3.06;1.17;3.33;3.01;5.84;4.82;4.21;3.13;2.04;3.07
196510;9.22;5.86;5.36;7.78;8.82;7.64;3.98;3.47;2.69;7.37;3.77;4.59;8.28;7.02;5.72;3.89;1.41;3.85;3.86;5.4;2.88;3.46;1.76;1.16;3.73
196511;7.87;3.77;4.43;6.04;8.48;6.14;3.57;3.16;4.97;5.53;8.5;7.42;0.7;3.31;4.87;1.39;0.97;4.07;4.57;5.24;-0.21;-2.08;0.17;-1.31;2.51
196512;3.62;5.18;2.56;4.77;6.77;4.68;6.95;7.93;2.11;4.11;0.1;1.84;1.65;4.61;4.22;2.32;3.72;2.87;0.79;1.47;0.35;0.96;0.46;1.23;0
196601;8.68;6.68;11.45;6.08;6.74;7.04;5.73;2.83;6.71;5.26;2.66;5.29;3.57;4.35;4.19;2.54;1.33;1.97;3;4.7;2.41;-1.26;0.71;-0.43;1.75
196602;7.03;2.89;1.96;4.69;7.03;4.14;0.02;2.52;4.07;0.24;3.04;1.79;0.44;3.19;3.58;-1.47;-0.27;1.39;-0.97;3.15;-2.97;-3.32;-2.31;-1.39;2.97
196603;0.3;-2.88;-1.46;-3.17;-0.08;-1.22;-4.19;-0.67;-1.26;-5.12;-3.3;1.1;-3.6;-2.37;-4.52;-0.5;-2.41;-2.68;-0.54;-1.54;-3.21;-2.29;-2.79;-2.07;-0.05
196604;6.71;6.42;3.93;8.22;6.99;5.88;10.34;4.96;5.62;4.48;4.8;4.52;3.91;3.17;5.62;1.74;1.8;3.62;5.21;4.73;1.23;0.38;1.43;2.09;5.43
196605;-12.86;-11;-9.14;-11.17;-12.69;-12.19;-9.35;-9.7;-10.47;-7.3;-9.55;-9.27;-8.91;-7.17;-8.8;-6.64;-5.57;-7.13;-6.32;-6.25;-4.83;-5.28;-4.46;-3.5;-3.81
196606;-0.19;-0.03;-0.22;2.85;0.16;1.63;1.11;0.66;1.45;-1.13;-0.33;4.48;-1.27;2.28;-1.97;2.45;0.64;-0.5;-0.53;1.35;-1.7;-1.5;-2.57;-0.99;-1.34
196607;-2.74;-0.15;-2.19;-1.44;-1.57;-1.33;-3.81;0.14;-1.38;-3.15;-1.01;-1.42;-1.02;-1.61;-0.59;-0.78;-0.74;-2.57;0.17;-4.46;-0.13;-0.24;-0.5;-1.72;-3.14
196608;-11.3;-9.68;-10.71;-10.51;-11.27;-11.01;-11.13;-7.73;-9.73;-11.68;-7.18;-7.5;-7.9;-8.93;-12.07;-8.39;-8.01;-7.83;-7.78;-9.24;-7.01;-6.16;-7.39;-6.64;-9.76
196609;-0.72;-2.16;-0.84;-1.97;-2.45;-1.41;-2.06;-2.5;-1.49;-1.42;-1.64;-1.37;-1.03;-2.24;-3.49;1.57;-0.42;-0.88;-2.13;-3.32;0.45;1.14;0.99;-1.96;-2.66
196610;-5.29;-1.22;-2.62;-3.32;-5.96;-0.41;-1.16;-0.04;-1.49;-3.22;-0.27;3.56;3.69;2.53;0.86;5.11;4.8;2.64;1.75;-2.61;5.8;9.01;5.73;2.02;3.88
196611;3.88;3.01;1.83;5.71;5.57;2.03;2.43;2.46;2.49;7.18;4.17;1.96;2.89;5.31;8.22;-0.15;0.79;1.58;5.28;11.13;-0.6;-1.79;0.15;2.56;8.28
196612;0.02;1.92;1.78;2.27;2.69;2.66;1.48;0.03;0.81;3.01;2.17;-0.11;3.57;1.61;4.48;2.37;2.98;2.3;3.06;2.18;2.63;0.26;-0.03;-0.25;-2.39
196701;19.9;16.41;17.35;20.64;20.3;17.98;16.75;15.49;17.51;20.3;11.51;14.13;13.11;13.47;18.02;10.45;7.09;10.01;8.74;14.45;6.99;4.84;6.45;9.43;7.51
196702;6.84;2.51;4.98;4.25;7.47;3.18;1.32;7.09;1.25;1.24;0.66;2.62;2.97;-1.52;-0.06;-1;0.41;-1.26;2.07;3.53;-0.19;-0.83;-0.4;2.61;2.75
196703;5.09;8.22;6.49;6.77;7.02;6.64;6.86;3.61;7.79;7.15;2.81;4.86;4.86;10.58;6.14;3.23;4.06;4.86;6.66;7.23;3.29;3.41;3.69;4.65;4.62
196704;4.57;4.66;2.42;5.04;5.99;5.19;1.92;6.41;3.96;4.53;4.52;1.78;5.18;6.09;5.28;2.75;4;5.06;5.35;6.66;1.47;1.11;2.48;7.72;6.54
196705;0.05;-0.9;-0.62;-0.62;0.02;-0.63;-3.33;-2.4;-1.55;-0.96;-0.06;-1.94;-3.47;-2;-3.29;-4.17;-3.3;-0.8;-3.36;0.25;-2.85;-4.14;-4.31;-5.61;-6.66
196706;11.93;9.7;8.04;13.3;15.55;7.16;7.71;10.6;5.76;8.75;2.66;4.77;6.34;4.92;7.72;2.17;1.46;4.51;5.65;4.33;1.5;1.83;0.32;1.29;3.08
196707;11.2;8.51;8.72;8.5;9.02;9.17;8.07;9.93;6.6;9.09;7.78;8.15;5.57;5.95;3.92;7.72;5.57;4.76;4.47;6.62;8.08;0.3;8.22;3.69;3.82
196708;1.68;0.23;2.22;0.18;-0.86;-0.31;0.56;-1.5;-0.66;-1.71;2.52;0.36;1.08;0.14;-2.96;-0.37;0.45;0.5;-1.61;-1.7;-0.38;-1.32;-1.12;-0.18;-1.13
196709;7.91;6.95;7.57;10.76;8.53;4.86;5.5;2.81;3.92;4.83;1.19;2.64;2.56;4.42;4.65;1.34;1.39;3.1;3.16;2.99;3.26;2.66;2.21;4.3;4.36
196710;-1.06;-3.33;-0.51;-1.88;-2.23;-4.68;-1.76;-3.58;-0.99;-4.34;-4.65;-2.29;-2.65;-3.73;-2.54;-6.2;-3.67;-2.96;-4.72;-5.62;-5.37;-3.79;-3.72;-2.49;3.87
196711;-2.04;1.88;-0.48;0.06;1.33;-1.7;0.32;1.53;-0.2;2.09;-1.27;-1.83;1.09;2.31;1.8;0.58;0.18;1.26;1.47;1.25;-0.88;0.21;1.38;-0.12;2.28
196712;12.49;6.7;9.39;9.83;10.87;5.79;8.82;4.82;10.41;8.27;5.25;7;3.66;5.63;8.05;5.57;3.6;3.3;1.85;1.9;2.23;2.73;1.75;3.03;2.51
196801;5.63;4.69;3.42;2.86;0.06;3.34;1.31;-0.63;0.45;-3.79;2.68;0.99;-0.08;-6.81;-5.15;1.89;-2.4;-3.12;-5.41;-7.73;-2.76;0.44;-4.67;-5.31;-9.23
196802;-6.81;-6.13;-5.49;-7.1;-8.98;-3.15;-8.28;-2.68;-6.63;-7.55;-3.07;-2.25;-3.83;-6.18;-6.77;-2.28;-1.5;-5.78;-6.56;-5.33;-1.39;-2.31;-2.45;-3.02;-3.34
196803;-0.15;-0.26;-1.45;-1.21;-2.09;-0.54;-2.16;-2.77;-0.95;-0.09;-2.28;0.16;0.72;1.26;-0.24;-2.42;-0.8;-0.12;0.12;0.45;-0.74;-0.52;0.91;0.29;4.49
196804;18.27;16.58;14.38;18.45;18.75;13.2;13.57;10.22;14.43;18.28;10.88;10.74;9.86;15;16.08;7.99;8.41;9.25;11.37;14.18;7.93;3.94;7.43;10.62;10.96
196805;11.66;14.1;9.43;10.65;10.82;7.16;7.8;8.34;10.55;9.22;6.3;3.03;3.09;9.46;8.05;1.26;1.62;2.62;6.27;4.87;0.87;-0.64;-0.52;2.32;3.77
196806;0.07;2.79;1.72;0.17;-0.54;2;0.72;0.11;-1.34;1.06;2.5;3.29;2.11;-0.79;-1.5;4.55;3.43;4.31;-0.08;-2.18;1.19;3.22;1.33;-0.19;-0.62
196807;-1.15;-2.68;-4.47;-3.26;-5.15;-2.53;-1.15;-3.43;-4.4;-7.43;-3.74;-1.76;-3.05;-5.66;-5.34;-3.51;-2.45;-2.2;-3.76;-5.7;-1.39;-1.46;-0.05;-2.26;-3.57
196808;5.35;3.7;3.01;3.2;4.15;4.13;3.79;3.06;2.82;2.73;3.49;3.28;2.55;4.52;4.07;3.88;2.54;3.43;0.87;0.59;1.49;0.9;0.85;1.34;2.09
196809;7.35;5.63;8.36;7.81;8.6;5.61;4.79;7.12;8.75;6.8;6.28;3.53;4.43;6.19;9.08;6.72;5.26;3.92;7.22;7.81;6.78;3.93;1.88;3.06;2.77
196810;0.05;0.23;0.37;2.21;-1.74;0.48;-0.53;1.78;0.11;1.49;1.07;4.15;2.18;2.8;-2.05;4.43;-0.28;1.21;0.17;-1.39;3.61;1.27;2.31;-1.83;0.39
196811;6.01;6.8;6.9;7.42;7.74;8.25;7.41;8.73;8.08;9.56;9.25;8.73;7.7;6.82;9.5;5.81;7.04;8.2;6.34;8.79;0.36;5.74;5.21;7.8;4.87
196812;4;-0.6;-0.25;0.48;2.59;-0.88;-2.06;-1.59;-2.21;0.2;-1.38;-2.48;-2.62;-2.22;-2.14;-1.54;-4.2;-3.49;-3.2;-3.24;-2.44;-4.47;-4.28;-4.85;-4.91
196901;-0.35;-1.05;-1.05;-1.27;-1.61;-0.26;-0.25;0.05;-1;-1.97;-2.48;-0.26;-0.32;-1.68;-4.28;-1.73;1.03;1.25;-0.16;-3.22;-1.03;0.46;0.56;-1.97;-2.36
196902;-10.96;-8.02;-8.53;-9.53;-11.63;-9.71;-4.97;-7.72;-7.18;-10.96;-6.63;-6.51;-7.01;-6.62;-10.44;-4.04;-7.48;-6.63;-6.18;-9.16;-3.15;-4.27;-4.04;-3.78;-4.28
196903;3.47;1.93;1.45;2.8;3.32;0.79;3.03;3.91;4.45;2.72;2.81;2.16;1.17;2.97;3.01;2.36;1.99;1.65;1.64;3.09;2.12;2.43;4.42;5.77;2.01
196904;0.7;0.67;0.62;-0.62;0.12;2.08;3.65;2.38;-0.43;0.35;0.16;3.09;1.19;2.35;1.13;1;1.71;0.25;2.25;1.84;0.36;4.75;1.94;2.22;2.38
196905;1.75;1.52;0.16;2.48;-0.49;0.2;1.11;-0.85;-1.49;-3.48;-0.59;-0.21;1.76;0.53;-1.29;0.73;-0.48;1.34;-0.44;-0.59;-0.4;1.16;1.04;0.22;-0.69
196906;-13.71;-12.37;-12.13;-13.84;-14.24;-12.06;-9.23;-11.31;-11.92;-10.52;-10.59;-8.52;-7.82;-10.71;-11.95;-7.32;-8.85;-7.73;-6.83;-9.03;-6.44;-5.06;-6.21;-2.36;-6.09
196907;-10.06;-10.86;-9.3;-13.44;-12.17;-6.85;-6.6;-9.24;-8.73;-11.85;-5.67;-6.54;-8.14;-7.53;-11.87;-6.04;-6.92;-5.51;-7.69;-8.74;-5.83;-5.42;-6.8;-4.49;-6.39
196908;3.01;4.4;3.84;5.52;5.18;4;3.93;2.25;5.89;7.92;4.88;4.5;5.74;6.84;12.18;3.59;4.42;5.91;5.74;9.67;4.3;2.24;5.58;5.8;7.94
196909;-2.71;-4.62;-2.96;-2.48;-3.59;-0.83;-2.06;1.64;0.19;-0.26;-1.57;-0.42;-0.03;-1.84;-1.06;-0.91;-3.17;-1.69;-0.92;-0.8;-5.03;-2.57;-2.68;-2.33;-3.02
196910;9.11;9.89;7.92;11.81;12.51;7.05;6.48;8.54;6.85;12.98;10.35;5.13;8.09;6.63;8.85;7.63;7.13;6.78;6.1;10.93;3.46;4.4;4.96;5.03;4.2
196911;-6.84;-5.82;-4.38;-6.88;-8.15;-3.8;-5.2;-5.27;-2.84;-5.54;-5.42;-2.99;-5.25;-5.03;-5.65;-3.51;-4.59;-3.26;-3.54;-2.95;-4.86;-2.61;-3.82;-1.87;-1.29
196912;-10.06;-6.63;-4.88;-6.3;-7.54;-8.06;-5.24;-3.37;-4.53;-5.47;-2.68;-3.07;-3.64;-1.66;-3.34;-1.94;-2.21;-2.79;-0.7;-1.29;-3.66;-2.67;-0.31;0.79;-3.12
197001;-0.24;-4.08;-2.09;-5.45;-5.32;-3.09;-1.75;-6.85;-2.33;-8.74;-7.16;-2.83;-5.11;-5.87;-10.9;-8.22;-7.83;-5.66;-7.48;-10.92;-7.34;-4.75;-8.77;-9.19;-10.71
197002;3.66;3.84;2.98;2.15;2.67;6.46;5.55;0.36;2.94;3.89;8.63;3.35;4.96;4.44;3.09;6.47;7.39;5.53;7.61;3.49;8.02;6.71;6.67;4.16;5.44
197003;-1.43;-2.81;-2.37;-5.39;-5.9;-0.76;0.12;-1.36;-2.07;-5;0.81;1.47;-0.7;-1.48;-5.69;1.38;1.06;-0.16;-0.17;-3.79;0.46;1.77;0.09;-1.31;-2.47
197004;-15.97;-17.2;-14.68;-18.43;-20.69;-13.85;-10.14;-12.4;-17.22;-23.28;-12.36;-8.53;-13.68;-15.45;-20.75;-10.92;-8.88;-11.11;-13.08;-18.37;-7.91;-7.2;-8.51;-10.19;-12.27
197005;-9.43;-10.99;-7.49;-10.14;-10.3;-5.4;-8.28;-11.88;-11.37;-13.39;-8.1;-7.74;-8.86;-9.84;-13.84;-9.17;-5.49;-10.17;-7.86;-11.87;-3.12;-4.15;-4.1;-6.78;-9.15
197006;-7.21;-7.69;-7.68;-7.76;-11.05;-6.23;-5.52;-4.33;-8.68;-11.12;-6.89;-4.82;-8.36;-4.47;-6.83;-6.28;-1.83;-4.7;-2.32;-6.87;-4.84;-4.39;-3.76;-5.86;-8.76
197007;5.47;4.64;5.89;4.88;4.45;7.53;9.3;5.77;7.29;7.1;5.33;6.17;7.01;9.13;7.21;11.46;10.45;9.74;6.17;5.75;9.18;9.35;5.62;7.34;5.07
197008;5.4;7.01;7.13;6.38;6.62;6.88;5.62;5.56;8.88;9.96;6.83;7.28;6.87;5.22;5.49;2.74;4.83;6.08;7.22;7.21;4.38;6;3.25;4.35;6.22
197009;14.73;10.33;11.6;14.89;18.91;8.38;8.63;11.12;15.29;17.68;6.19;6.92;6.31;8.97;16.31;7.13;4.44;5.27;5.86;11.23;3.44;1.77;3.18;2.53;7.23
197010;-6.43;-4.5;-5.85;-10.26;-10.01;-3.47;-4.66;-6.5;-5.17;-5.72;-3.5;-3.53;-2.73;-5.04;-8.02;-3.21;-3.44;-3.48;-2.95;-4.62;-1.19;-0.09;-0.68;-1.3;-1.05
197011;-1.72;0.19;-1.31;0.68;-3.37;2.5;4.89;3.99;3.15;0.51;4.04;4.51;3.96;3.72;2.64;4.42;7.18;3.91;5.51;4.37;4.31;6.61;5.29;4.32;5.85
197012;7.68;12.46;11.08;11.03;8.26;8.37;8.79;7.94;10.99;7.97;7.53;8.44;8.44;10.41;7.38;7.46;8.35;10.58;9.28;6.9;7.83;4.3;6.05;6.89;2.9
197101;16.51;10.9;15.53;14.39;15.75;13.29;15.02;9.46;10.44;9.42;8.45;11.03;7.15;8.35;8.4;8.89;8.47;7.18;7.54;5.87;4.41;1.41;4.51;2.58;8.19
197102;4.3;5.48;4.36;5;7.45;1.88;2.41;3.16;3.06;3.4;1.83;1.94;1.82;3.35;3.58;0.98;2.41;2.29;3.38;2.63;3.56;1.63;-0.09;3.35;0.91
197103;6.84;5.12;6.3;6.07;5.9;4.5;2.69;6.71;5.74;7.17;5.27;4.57;6.36;5.18;10.59;4.11;4.13;4.28;5.16;7.19;2.9;2.86;3.93;5.08;7.17
197104;1.77;2.16;2.7;2.92;1.62;5.25;4.12;4.26;1.43;2.08;6.03;3.17;4.05;6.22;4.81;4.72;4.15;2.9;4.37;3.4;4.87;4.58;1.73;2.5;5.73
197105;-5.71;-5.83;-4.24;-6.66;-6.87;-2.47;-3.74;-6.93;-6.21;-3.81;-4.14;-2.29;-4.01;-4.79;-5.13;-3.48;-3.08;-5.45;-2.56;-2.85;-2.97;-3.91;-4.03;-3.85;-1.68
197106;-2.69;-2.36;0;-2.45;-2.61;-2.43;-2.11;0.38;0.97;1.7;-2.44;0.22;-2.51;-0.9;-1.27;-0.51;1.5;-0.32;-0.07;1.96;1.37;-0.69;0.35;1.83;2.08
197107;-6.48;-4.45;-6.22;-7.1;-8.9;-4.1;-5.62;-4.25;-5.6;-6.75;-4.62;-4.06;-2.57;-5.19;-7.86;-7.53;-4.52;-4.36;-3.29;-4.49;-4.42;-4.33;-1.8;-5.17;-4.66
197108;5.24;4;4.05;6.59;2.25;6.77;3.78;4.07;5.68;5.77;6.96;4.6;3.19;6.01;6.76;5.86;7.55;3.83;3.69;6.5;8.81;7.12;2.64;3.06;3.09
197109;-1.58;1.29;-2.2;0.93;1.56;-1.82;-1.78;-2.66;-0.49;1.24;-0.1;-1.89;0.65;-1.06;1.05;-0.76;-0.88;-0.2;-1.02;1.06;-1.52;-0.72;-0.37;-0.18;-0.44
197110;-6.29;-5.6;-7.8;-6.95;-7.23;-5.15;-4.54;-4.34;-4.76;-5.52;-7.43;-6.89;-4.27;-3.41;-6.87;-3.53;-5.48;-2.59;-1.83;-4.53;-5.46;-5.62;-3.94;-1.79;-4.36
197111;-4.86;-4.72;-5.22;-3.55;-4.49;-2.41;-1.3;-1.96;-2.87;-2.24;-1.21;-2.48;-1.47;-1.52;-2.52;-0.65;-2.23;-1.44;-0.86;-1.35;1.69;-0.52;0.36;0.88;1.2
197112;12.43;11.17;12.73;14.3;14.17;12.89;11.28;11.07;12.9;13.83;13.26;11.8;8.98;9.06;12.53;11.18;10.42;9.72;9.47;12.09;3.99;7.85;9.03;9.02;9.18
197201;15.23;10.45;12.13;12.02;12.39;8.52;5.97;6.68;7.5;8.97;5.79;4.69;5.78;5.63;5.34;7.56;2.82;0.5;3.12;4.66;1.26;0.98;1.23;2.39;2.62
197202;4.92;2.72;2.87;4.61;4.03;4.89;4.47;1.13;3.01;4.58;2.88;3.21;3.47;3.69;4.12;1.8;2.52;2.55;1.69;3.83;0.9;2.1;4.41;1.97;5.01
197203;-0.93;1.77;-1.46;-1.77;-0.39;-1.32;-0.85;-0.05;2.59;1.38;0.07;0.52;2.79;-1.06;2.92;2.12;2.39;-0.49;0.36;1.53;2.69;1.01;0.66;0.87;0.27
197204;1.36;0.18;-0.69;1.19;-1.08;2.09;1.89;1.31;0.91;0;-0.91;-1.54;0.18;-0.07;2.17;2.62;0.21;0.12;-0.52;-0.79;-3.09;0.84;0.87;0.63;1.5
197205;-2.67;-1.61;-3.39;-2.28;-2.82;-1.13;-1.92;-2.34;-2.72;-1.14;-0.52;-1.95;0.29;-0.08;0.01;-1.51;-1.3;-0.03;0.86;3.83;-1.89;0.79;2.99;2.5;4.13
197206;-3.54;-2.59;-4.45;-2.79;-4.6;1.05;-3.64;-3.19;-0.82;-3.85;-3.3;-2.15;-3.26;-4.43;-1.24;-4.81;-4.47;-3.03;-2.14;-4.78;-1.96;-2.64;-1.6;-1.61;-0.73
197207;-3.52;-1.68;-3.52;-4.81;-6.7;-5.13;-3.81;-1.88;-2.97;-4.2;-1.88;-0.37;-3.07;-1.37;-3.76;-2.63;-0.97;-2.69;-2.97;-3.15;-1.62;-0.22;0.59;0.76;0.55
197208;0.58;1.64;1.15;0.27;-3.21;1.35;-2.03;3.17;2.97;0.45;5.97;4.53;2.58;1.92;0.35;5.54;4.2;3.8;3.05;0.98;6.24;8.36;2.56;4.22;2.36
197209;-4.48;-4.27;-4.83;-2.5;-4.97;-4.63;-2.36;-2.39;-2.4;-3.09;-2.99;-1.65;-1.92;-0.59;-1.96;-4.67;-2.24;-2.12;-1.86;-1.38;-3.64;-1.51;0.21;0.52;-0.51
197210;-2.83;-0.68;-2.92;-3.63;-4.07;-0.36;-0.04;0.95;-0.31;-2.51;-0.87;3.05;-1;0.68;-2.93;1.41;0.9;-0.65;0.23;-1.11;-0.83;2.09;2.35;0.54;1.72
197211;5.3;4.62;4.44;4.8;3.72;6.67;6.44;5.96;5.88;3.79;6.01;6.65;5.43;5.48;3.82;8.09;6.73;8.29;9.44;5.7;8.61;7.47;4.54;3.76;3.02
197212;-2.12;-0.23;-2.23;-3.2;-3.11;-3.81;-3.42;-2.2;0.72;-0.63;-1.05;1.47;-1.07;-1.83;0.3;-2.23;-1.58;-1.64;-1.22;0.47;-2.36;-0.18;2.15;2.51;1.88
197301;-1.78;-2.05;-4.6;-4.19;-5.68;-6.14;-5.81;-2.42;-9.21;-7.22;-6.73;-5.85;-4.09;-5.14;-8.67;-6.74;-3.91;-5.04;-6;-6.64;-3.93;-2.03;-1.8;0.18;-3.62
197302;-7.78;-7.51;-7.73;-6.95;-11.26;-8.2;-7.84;-6.06;-8.79;-8.22;-7.99;-6.98;-5.98;-6.58;-10.38;-6.34;-5.39;-3.88;-5.24;-8.19;-3.65;-4.71;-4.56;-2.8;-2.2
197303;-2.76;-1.8;-1.72;-2.26;-4.43;-0.14;-2.36;-3.21;-1.6;-2.88;-2.08;-1.24;-3.4;-3.61;-4.96;-1.39;-2.9;-2.6;-2.34;-3.44;-2.55;1.52;0.12;0.43;-1.21
197304;-7.81;-4.05;-4.19;-7.31;-11.17;-6.26;-6.23;-4.07;-7.22;-10.12;-5.09;-3.72;-5.6;-4;-10.77;-5.71;-4.38;-5.81;-4.71;-9.61;-3.42;-2.68;-3.6;-4.13;-5.24
197305;-9.64;-6.82;-7.18;-10.13;-11.7;-10.89;-7.91;-7.41;-7.53;-8.86;-6.22;-6.68;-6.47;-2.36;-9.03;-8.72;-2.94;-3.67;-2.99;-6.94;-2.47;-0.92;-1.28;-1.13;0.11
197306;-1.42;-4.02;-2.87;-4.42;-5.92;-3.68;-0.2;-3.14;-4.03;-4.94;-2.63;-3.69;-1.08;-3.74;-4.12;-3.81;-4.06;-2.02;-2.79;-3.74;-4.75;-0.77;0.25;0.26;-1.3
197307;13.02;11.23;11.01;13.61;18.27;9.93;9.45;10.49;9.77;18.84;9.51;7.1;7.4;7.98;13.81;9.63;9.59;7.33;8.14;13.38;4.23;3.25;2.95;3.33;8.59
197308;-4.98;-5.18;-4.01;-5.54;-7.05;-4.85;-4.65;-6.68;-3.75;-3.73;-2.34;-1.56;-2.84;-4.28;-3.46;-0.46;-1.99;-2.12;-2.07;-2.93;-1.1;-3.44;-3.8;-3;-3.96
197309;9.22;6.69;9.91;8.7;10.69;8.48;10.01;11.37;9.63;11.28;12.07;9.85;9.5;10.01;10.24;10.4;11.32;10.53;9.88;12.02;7.52;8;7.16;-2.08;4.1
197310;1.7;1.08;0.62;0.19;-1.57;2.23;0.75;-0.6;1.14;-2.83;0.97;0.89;0.66;0.02;-1.34;2.17;1.59;-1.25;-2.04;-1.82;0.69;2.14;-2.24;0.91;-1.1
197311;-18.5;-17.36;-19.95;-18.6;-22.59;-18.82;-15.65;-17.37;-21.22;-21.97;-18.86;-15.83;-18.02;-15.79;-19.44;-13.76;-16.4;-14.77;-16.97;-20.29;-11.82;-10.62;-9.54;-10.53;-11.65
197312;-4.42;-3.51;-2.25;-3.24;-4.02;0.13;-2.99;-2.27;-2.57;-0.56;2.13;0.28;0.46;-1.82;1.13;6.22;3.49;3.66;1.34;2.17;3.36;4.69;2.87;-2.3;1.56
197401;18.43;15.5;13.39;13.06;11.91;13.91;11.67;11.73;7.95;5.5;8.37;7.75;7.64;5.94;4.77;4.33;4.53;4.51;1.61;0.3;0.63;-2.94;-0.54;-1.32;-2.42
197402;0.3;-0.14;-0.54;1.08;-0.47;2.86;1.29;2.06;0.21;0.29;2.77;1.28;0.04;-1.32;-0.99;3.52;2.08;0.73;-1.29;-0.83;1.7;0.5;0.25;-1.07;-0.07
197403;0.85;2.33;-0.7;0.47;-0.21;-0.76;-1.11;0.68;1.28;-0.79;-0.77;0.29;-1.48;-0.84;-3.52;-2.7;-1.99;-2.95;-2.39;-5.09;-2.16;-3.03;-2.68;-1.48;-2.55
197404;-3.99;-4.76;-5.4;-4.54;-6.31;-3.7;-4.27;-5.83;-5.2;-6.93;-4.56;-5.13;-5.4;-5.33;-6.12;-4.25;-2.89;-6.56;-8.08;-6.94;-3.44;-3.31;-4.75;-3.86;-3.83
197405;-7.07;-6.7;-7.07;-6.49;-8.5;-7.02;-7.17;-7.64;-6.79;-7.68;-6.34;-7.71;-6.68;-7.43;-9.37;-7.63;-4.14;-7.33;-6.48;-7.76;-3.42;-4.56;-1.84;-1.17;-3.26
197406;-1.93;-0.03;-2.85;-2.05;-4.05;-1.4;-0.78;-1.23;-0.84;-4.49;-0.96;-1.58;-3.49;-4.38;-3.94;-1.07;-2.96;-1.7;-3.61;-6.54;-0.41;-0.87;-0.92;-1.95;-5.7
197407;-4.53;-3.2;-3.65;-4.9;-7.5;-4.84;-2.97;-3.02;-3.16;-6.26;0.74;-0.19;-3.65;-5.51;-5.67;-6.66;-2.37;-2.36;-7.89;-7.08;-2.94;-6.84;-8.52;-8.01;-11.75
197408;-6.32;-6.42;-7.4;-6.98;-9.13;-4.34;-8.73;-7.17;-9.4;-9.76;-4.85;-7.55;-8.63;-9.38;-10.45;-6.45;-7.86;-10.02;-10.53;-11.1;-6.94;-8.14;-7.8;-9.94;-9.54
197409;-7.53;-6.31;-7.62;-7.28;-11.78;-7.19;-5.91;-5.69;-9.39;-12.42;-5.61;-4.57;-8.74;-7.57;-14.09;-8.49;-6.13;-4.87;-9.56;-10.85;-9.18;-9.54;-10.08;-13.56;-17.82
197410;10.24;9.59;8.97;7.03;9.37;10.07;8.7;9.22;7.86;12.78;7.6;8.73;10.69;12.52;15.18;14.11;13.38;14.14;17.67;14.45;22.99;19.58;15.2;19.62;24.35
197411;-4.67;-4.53;-5.44;-5.44;-7.39;-2.66;-2.19;-5.88;-5.65;-7.33;-2.9;-2.3;-1.52;-5.4;-5.23;-0.49;-2.86;-1.56;-2.73;-2.36;-1.29;-0.99;-4.62;-5.28;-5.42
197412;-7.87;-5.67;-8.09;-9.13;-9.44;-6.59;-4.03;-4.86;-6.5;-7.58;-4.79;-3.44;-4.59;-4.93;-7.34;-2.38;-3.79;-4.26;-1.98;-5.4;0.2;-0.11;-1.2;-2.66;-6.31
197501;31.64;26.46;28.69;26.66;31.17;28.02;20.16;24.29;29.28;27.39;22.62;21.99;24.01;25.17;21.69;22.3;22.78;22.85;19.39;17.57;7.8;9.38;12.04;10.48;15.68
197502;5.05;5.27;6.52;5.16;3.41;4.31;3.68;2.54;4.41;7.52;4.56;4.03;2.96;7.64;3.41;4.42;1.34;2.52;3.06;6.64;2.55;5.08;5.91;10.61;5.52
197503;7.98;7.72;8.16;8.33;12.12;6.12;6.4;6.75;6.01;8.47;4.2;3.33;6.35;8.26;6.66;4.93;4.74;5.39;6.29;7.2;4.08;4.51;0.77;1.78;3.94
197504;2.82;3.86;5;3.33;6.16;4.48;5.4;3.26;3.88;3.16;5.39;3.18;1.93;6.48;5.85;4.29;4.29;2.63;4.33;6.72;5.65;2.61;2.78;7.36;8.56
197505;7.29;6.46;8.92;8.85;10.92;8.49;5.37;9.28;7.16;10.6;5.48;7.09;6.02;5.52;5.17;5.1;5.13;7.85;5.28;6.98;7.53;5.98;5.05;6.17;3.18
197506;8.3;8.38;8.62;8.86;6.38;7.63;6.14;5.46;9.28;7.38;5.51;5.19;7.6;6.32;5.05;5.87;6.61;8.46;8.55;6.55;4.91;5.9;5.24;3.5;3.54
197507;-0.15;-1.42;0.41;-0.57;-0.92;-2.37;-3.73;-3.18;-3.01;-3.93;-3.87;-3;-3.82;-6.03;-4.83;-7.07;-6.15;-5.54;-4.62;-7.52;0.18;-7.12;-7.88;-7.02;-6.31
197508;-7.47;-5.47;-5.53;-5.19;-7.02;-6.65;-3.62;-4.35;-4.45;-5.87;-3.74;-5.12;-2.36;-4.38;-3.73;-3.02;-2.33;-3.49;-4.01;-4.52;-3.14;-2.47;-1.45;-1.23;-1.82
197509;-4.07;-1.7;-4.66;-3.14;-3.47;-3.33;-3.56;-4.42;-3.79;-3.8;-5.6;-3.61;-5.07;-4.03;-2.75;-5.46;-3.69;-2.19;-3.24;-5.2;-1.64;-3.24;-2.39;-4.69;-4.59
197510;1.26;1.97;3.44;1.23;2.44;2.54;3.64;3.65;3.86;2.71;4.37;5.54;2.01;1.87;2.24;7.63;5.96;6.37;5.85;4.03;9.05;9.02;7.81;6.73;3.66
197511;1.91;2.84;3.57;2.66;2.15;2.06;1.46;4.41;5.03;1.72;2.92;5.31;3.03;1.52;2.52;3.76;3.88;3.5;3.73;5.05;2.43;6.16;4.57;1.99;0.59
197512;-0.54;-1.48;-0.91;-2.06;-1.17;-1.69;-1;0.14;-0.85;-2.1;0.02;1.17;0.99;-1.62;-0.83;0.02;-0.8;0.91;-0.75;-2.01;0.22;-1.83;-1.96;-0.84;-0.85
197601;24.16;20.63;21.36;20.08;22.2;20.53;19.34;17.36;19.88;17.34;19.54;16.05;15.77;17.32;17.72;18.75;16.66;13.09;13.35;15.46;13.41;10.38;11.7;9.84;11.65
197602;14.95;12.22;10.38;10.23;11.71;10.86;6.21;9.68;6.83;7.91;8.52;5.14;5.66;5.68;5.05;4.24;3.84;2.16;2.06;3.28;3.44;-0.25;-0.58;-2.4;-2.28
197603;2.2;0.82;1.8;0.9;2.71;2.01;1.2;1.72;0.5;0.2;4.43;2.42;0.81;1.15;0.25;2.57;1.72;2.26;0.91;1.38;4.84;3.74;2.67;2.43;3.43
197604;-1.86;-0.7;-1.6;-0.74;-2.63;-2.53;-1.25;-0.76;-0.76;-0.95;-1.24;-0.55;0.02;-2.11;-0.03;-2.97;-1.55;-0.92;-0.86;-1.15;-0.57;-3.47;-1.33;-0.35;-0.14
197605;-3.67;-3.76;-2.74;-2.3;-2.51;-2.43;-2.47;-2.55;-2.04;-1.5;-1.11;-3.44;-1.56;-0.41;-1;-1.8;-2.54;-2.24;-2.13;0.93;-1.18;-2.69;-1.15;-0.54;0.74
197606;2.34;1.75;1.95;4.58;3.3;4.09;5.11;1.63;3.39;3.08;6.93;6.26;5.33;5.35;5.31;7.48;6.38;4.64;4.67;5.09;4.02;4.93;4.94;4.07;4.25
197607;-0.57;0.13;1.21;0.71;-0.79;0.59;1.2;-0.76;1.9;-0.24;-0.92;0.44;0.8;0.31;-1.32;1.74;0.26;0.02;0.22;-0.49;0.65;-1.53;0.25;-0.75;-1.6
197608;-3.42;-0.56;-0.41;-1.66;-2.95;-2.2;-2.29;-1.77;-2.59;-2.88;-3.63;-2.17;-0.76;0.04;-2.11;-3.89;-1.64;-0.32;0.93;-1.14;-0.65;-1.25;0.91;1.27;-1.06
197609;1.12;2.26;1.47;1.96;2.22;1.57;2.73;4.63;2.59;4.96;0.96;2.98;2.17;2.19;4.27;3.01;1.58;1.99;2.73;2.71;-0.79;2.35;3.74;1.84;3.14
197610;-3.22;-1.42;-1.24;-2.29;-1.86;-1.44;-2.38;-1.96;-2.03;-2.87;-2.7;-1.22;-1.94;0.14;-2.57;-1.58;-3.77;-1.23;-0.56;-2.37;-4.16;-3.62;-2.45;-1.59;-2.12
197611;1.58;2.83;3.31;2.71;4.69;4.74;2.79;2.67;4.77;3.57;5.33;4.48;3.9;3.29;3.91;2.86;2.76;4.5;2.94;3.48;1.14;-0.45;0.73;-0.29;-1.27
197612;11.07;8.98;9.66;10.13;10.94;11.18;9.74;11.41;8.82;7.97;10.04;7.85;9;8.76;5.84;8.78;8.18;7.68;7.18;6.25;8.12;7.23;6.42;4.87;3.46
197701;5.47;3.79;4.62;4.38;4.42;2.71;1.59;0.66;1.17;0.99;0.4;0.59;-0.09;-1.04;-0.06;-2.24;-4.25;-1.77;-2.61;-1.88;-4.34;-2.11;-3.77;-4.56;-8.62
197702;-0.35;-0.14;-0.18;2;-1.36;-1.01;-0.52;-0.59;-1.21;-0.68;-3.06;-1.53;-0.89;-1.8;-2.89;-2.23;-2.5;-0.54;-3.04;-3.09;-3.28;-2.65;-2.17;-0.63;-2.26
197703;1.24;2.61;0.31;0.57;0.01;-1.04;0.65;0.01;0.87;0.09;-1.02;0.68;0.72;0.62;0.66;-0.27;0.91;-1.06;0.83;-0.22;0.65;-1.72;-1.13;-1.73;-1.49
197704;2.02;2.48;1.4;2.33;1.35;2.67;1.93;1.79;1.99;0.82;1.62;2.84;0.9;1.54;1.34;3.08;0.21;1.83;2.93;0.72;0.35;0.92;2.03;-1.49;0.01
197705;0.31;0.81;-0.41;0.98;-0.05;-0.8;0.7;-0.54;0.28;-0.43;-0.06;-0.24;0.53;0.07;0.54;-0.8;-2.15;-0.71;-0.15;-0.29;-2.2;-1.04;-0.66;-1.52;-1.88
197706;6.55;7.36;6.24;4.35;7.03;7.64;6.87;5.23;5.76;8.1;7.63;5.64;4.63;5.34;8.99;3.18;3.98;5.08;5.72;6.77;1.58;4.95;4.08;5.1;5.03
197707;0.32;0.49;2;1.61;1.41;-0.76;0.35;0.11;-0.19;-0.03;-1.2;-0.57;-1.04;0.39;-0.73;-2.5;-1.93;-1.79;-2.06;-1.41;-1.42;-0.08;-1.54;-1.22;-2.77
197708;-2.26;-0.22;-0.1;-0.54;-0.39;-1.86;-0.97;-1.03;-0.24;-0.07;-0.49;-0.88;-0.83;-0.55;0.17;1.95;-3.98;-0.67;-2.18;-1.69;-4.38;-1.5;-2.17;-0.48;-1.45
197709;1.36;2.1;2.09;2.02;1.36;0.07;0.91;-1.37;2.51;0.47;-0.45;0.65;0.48;1.75;2.55;-1.25;-0.44;0.62;0.21;1.85;-3.56;-0.05;0.56;-0.22;-1.23
197710;-2.82;-1.58;-1.9;-1.77;-3.29;-3.93;-0.95;-1.35;-3.5;-2.94;-3.81;-2.14;-3;-1.31;-2.85;-4.35;-3.26;-2.81;-3.28;-4.32;-2.77;-4.63;-4.55;-3.79;-4.34
197711;8.81;7.46;9.31;8.31;7.93;7.74;7.77;9.5;8.22;8.22;8.83;6.92;6.92;6.42;6.03;8.52;5.81;5.26;7.32;6.69;7.12;3.77;2.72;3.08;4.61
197712;2.25;2.95;2.51;3.37;3.49;1.31;0;0.58;1.99;2.66;1.88;2.64;0.57;-0.06;1.02;1.04;1.14;0.99;0.61;-0.89;0.18;-0.44;0.77;1.21;-0.66
197801;0.24;-1.57;-1.93;-2.33;-1.74;-2.86;-2.4;-3.85;-3.7;-4.83;-3.42;-3.54;-2.71;-3.86;-6.7;-4.75;-5.26;-4.93;-5.1;-6.69;-5.27;-5.52;-5.47;-6.02;-7.9
197802;4.12;3.48;2.27;2.6;3.48;2.6;1.39;0.71;1.58;1.45;2.38;1.15;0.48;0.29;0.93;0.43;-0.33;-0.17;-1.39;-1.24;0.34;-2.21;-0.09;-2.27;-2.65
197803;9.89;6.09;7.16;8.28;7.57;9.88;4.65;7.21;5.13;6.73;6.83;7.14;4.55;6.44;3.69;7.23;4.42;4.43;4.22;5.2;4.91;2.21;2.69;1.49;3.46
197804;8.1;7.62;8.02;9.51;8.68;7.4;6.65;7;7.22;10.5;7.68;6.4;7.75;6.66;9.51;7.81;7.11;6.17;6.62;8.37;11.11;7.99;7;10.22;10.62
197805;8.87;6.4;5.96;8.79;7.89;7.35;4.26;4.54;4.03;7.54;6.01;3.91;4.28;3.94;5.97;3.49;3.6;3.55;3.24;3.1;6.1;0.91;1.57;0.47;1.46
197806;0.13;-0.03;0.19;0.73;0.54;-0.53;-0.99;2.22;0.5;-0.27;-0.84;1.56;-0.47;0.25;-0.63;-0.4;-1.19;-0.59;0.04;-0.37;-1.77;-1.44;-2.33;-1.48;-1.36
197807;4.28;3.84;6.85;6.79;6.27;7.97;5.87;5.46;5;6.34;5.48;3.21;4.5;4.89;7.21;7.42;5.23;4.33;7.4;8.83;4.15;7.2;4.59;4.62;6
197808;10.59;9.12;7.38;9.59;9.93;9.29;7.98;7.82;7.48;9.69;9.76;6.73;7.19;5.43;8.23;4.28;3.57;7.64;4.68;5.8;1.91;3.62;2.47;3.32;3.65
197809;0.97;-1.13;-0.5;-0.67;-1.15;-1.56;0.44;-0.92;-0.78;-2.32;-1.8;-0.02;-2.11;-2.02;-1.47;-0.9;0.65;-1.87;-1.99;-2.32;1.49;-0.91;-0.2;-0.3;-2.15
197810;-22.39;-19.98;-22.13;-22.06;-25.26;-22.07;-16.81;-15.95;-17.89;-23.77;-22.01;-15.82;-15.17;-15.16;-18.93;-14.82;-11.85;-14.47;-13.42;-15.08;-9.72;-7.66;-7.54;-9.77;-10.28
197811;5.04;4.8;6.19;7.98;6.63;5.6;3.15;5.12;4.78;10.39;6.57;2.49;4.98;4.99;5.19;4.69;1.7;3.13;3.33;3.45;1.26;3.96;2.67;2.23;4.04
197812;2;0.1;1.21;2.26;3.27;2.86;0.26;2.25;3.16;2.89;2.31;0.66;1.37;2.66;2.31;0.35;0.56;1.03;2.26;0.97;1.58;2.72;0.71;1.33;2.3
197901;11.66;9.99;10.54;10.27;9.82;9.17;10.6;5.94;7.48;8.92;9.27;7.87;6.23;7.27;7.25;7.58;8.86;6.83;3.7;5.21;6.27;4.19;3.93;3.22;3.63
197902;-1.98;-1.39;-2.86;-2.52;-3.5;-3.07;-2.1;-1.55;-3.49;-4.09;-2.22;-1.82;-4.12;-2.44;-2.41;-3.46;-2.51;-3.64;-3.57;-5.24;-2.91;-2.44;-3.04;-3.03;-3.44
197903;9.08;8.5;8.34;8.82;10.24;11.97;6.99;6.99;9.01;10.67;13.48;9.14;6.58;7.91;10.94;8.06;7.69;7.53;7.04;9.21;8.53;5.99;3.55;5.72;7.58
197904;4.01;2.76;3.2;2.06;2.37;3.95;2.23;0.86;2.84;2.33;1.95;2.99;2.18;1.56;1.65;0.72;0.12;2.55;1.13;1.69;-0.66;-0.23;-0.43;1.18;1.08
197905;-1.37;-0.69;-1.7;-1.78;1.49;-2.17;-0.62;-1.15;-1.48;-1.3;-1.2;-0.44;-1.65;-2.27;-2.9;-1.81;-0.2;-2.62;-0.91;0.23;-0.76;-2.17;-1.58;-1.39;-0.69
197906;5.72;4.46;5.03;4.53;5.85;6.29;4.72;6.42;4.77;7.3;3.95;5.54;4.11;5.71;5.5;5.08;7.28;8.51;4.39;6.51;5.43;2.77;3.3;5.38;5.85
197907;2.81;2.96;2.38;3.11;1.82;1.7;4.46;2.25;3.4;3.86;3.65;3.27;4.19;5.59;1.62;3.49;3.11;2.71;1.25;2.57;3.55;-0.02;1.8;1.2;0.95
197908;7.78;6.72;8.98;7.4;8.92;6.61;6.92;8.82;7.08;8.92;5.91;7.58;5.99;7.65;8.12;6.75;5.45;6.98;7.36;8.81;7.36;4.07;6.47;6.22;9.21
197909;-0.63;0.51;-1.72;0.02;-0.92;-0.12;-1.33;-0.34;-1.4;-0.01;-0.77;-1.25;-2.1;0.25;0.04;0.43;-2.11;-1.1;-0.83;0.67;1.34;0.63;0.76;-1.19;-0.29
197910;-11.01;-10.02;-8.99;-11.28;-11.29;-11.73;-11.88;-11.42;-9.62;-9.93;-10.54;-9.92;-8.87;-8.57;-8.52;-9.31;-9.32;-8.53;-8.02;-9.04;-6.1;-4.33;-7.65;-7.11;-5.85
197911;7.2;6.04;8.68;7.97;9.03;8.48;7.57;6.9;6.9;11.04;8.55;5.86;7.94;7.55;10.66;9.18;6.42;7.09;6.05;9.71;6.69;4.84;4.45;5.88;8.45
197912;8.79;6.04;9.03;8.83;7.79;8.39;4.34;5.96;6.9;6.86;3.9;4.36;2.44;3.33;6.3;5;2.91;2.81;2.03;5.46;5.39;-0.18;2.76;1.53;3.98
198001;10.82;9.3;11.65;10.85;11.21;7.43;5.38;4.76;6.98;8.41;9.04;5.13;5.48;6.6;6.85;9.13;3.31;5.64;4.88;7.41;6.82;7.26;6.44;2.51;6.68
198002;-1.41;-1.82;-2.57;-0.14;0.08;-1.23;-1.35;-3.78;-2.47;-1.28;-3.24;-2.82;-2.9;-3.58;-2.27;-2.36;-3.9;-2.02;-3.27;-1.74;3.29;3.96;-1.1;-3.85;-2.76
198003;-20.06;-16.72;-17.71;-19;-20.71;-19.36;-16.2;-15.37;-16.16;-18.69;-16.28;-15.12;-13.52;-15.68;-17.27;-17.35;-12.87;-12.18;-10.1;-14.89;-13.46;-10.79;-9.56;-5.9;-8.83
198004;7.59;5.96;3.64;6.76;5.91;6.08;5.23;5.6;4.31;6.25;8.43;8.05;6.66;6.53;7.16;5.33;7.61;8.1;6.09;5.42;5.15;4.41;3.3;5.68;2.79
198005;5.99;6.23;7.79;7.21;7.1;8.79;9.04;8;8.82;9.52;7.99;6.89;7.23;6.52;9.54;7.89;9;7.33;8.19;8.77;6.46;4.42;5.75;5.05;4.43
198006;4.51;3.92;4.51;5.02;4.4;3.35;3.69;3.36;5.01;6.04;2.54;3.65;5.26;4.27;6.13;2.98;4.33;4.6;5.47;4.87;1.47;2.97;2.37;3.05;3.78
198007;9.59;10.47;9.95;10.77;11.84;6.75;8.85;10.12;10.03;14.71;6.56;5.78;6.64;10.4;14.38;7.91;6.3;5;8.42;11.04;10.16;3.68;5.62;6.21;9.15
198008;8.29;6.34;7.48;8.36;10.12;4.47;4.55;6.34;5.1;7.4;4.61;4.13;4.55;4.16;5.09;2.37;0.8;0.99;3.76;4.38;1.35;2.75;0.41;1.54;1.27
198009;3.42;4;1.88;4.9;4.4;2.86;2.08;3.53;3.43;4.17;1.61;2;3.11;3.3;4.91;2.64;2.24;2.6;2.79;3.83;-0.12;2.38;2.35;2.27;8.63
198010;3.78;4.21;5.58;5.83;6.15;2.12;2.27;3.95;3.1;4.79;3.05;1.59;2.45;2.97;2.51;0.32;-0.85;-0.79;1.81;3.31;-1.87;2.42;1.3;3.86;1
198011;5.37;5.18;6.88;7.53;10.68;7.53;4.91;5.18;7.66;12.28;5.36;2.26;3.94;8.58;10.23;5.37;4.71;6.96;10.38;12.64;3.44;11.01;12.19;12.62;17.7
198012;-4.13;-2.59;-5.12;-4.51;-6.37;-4.44;-1.44;-0.92;-2.22;-4.21;-0.74;-0.07;-2.2;-3.28;-3.81;-3.1;-1.78;-0.82;-0.49;-4.64;1.52;-4.4;-2.29;-4.15;-3.33
198101;0.46;1.13;2.58;-0.75;-2.47;1.32;1.33;-0.63;-2;-3.32;0.73;1.35;1.26;-3.04;-4.41;-0.97;0.22;-1.67;-3.97;-6.42;-1.96;-1.75;-4.89;-6.05;-10.46
198102;1.1;0.94;1.81;-0.31;-2.18;2.25;3.91;3.01;1.03;0.97;3.25;2.34;2.74;1.89;0.68;3.52;3.1;2.3;3.41;0.02;3.65;3.73;2.68;0.2;0.09
198103;7.55;7.19;7.09;10.62;8.54;5.46;7.16;6.76;8.41;9.53;5.36;7.45;7.06;8.39;9.63;9.74;7.25;6.62;7.52;9.43;10.45;1.6;2.85;1.53;3.38
198104;3.67;3.22;3.32;4.61;5.15;2.04;5.15;3.81;2.71;2.37;0.09;4.21;0.13;2.3;3.67;-1.38;2.14;-1.2;-0.29;1.95;-1.06;0.22;-3.09;-3.47;-3.52
198105;3.63;4.15;3.98;4.23;4.73;1.36;2.54;3.04;2.24;5.38;3.75;1.45;2.48;1.89;4.8;1.48;1.85;2.2;2.4;4.42;1.09;0.47;-0.38;-0.7;1.93
198106;-0.54;-0.12;1.27;-2.29;-3.86;-0.43;0.52;0.28;-3.47;-5.5;-1.99;1.21;-0.04;-0.43;-5.68;-1.06;1.49;-0.28;-1.24;-5.57;-2.75;-0.64;0.43;0.95;-3.06
198107;-2.84;-2.39;-3.31;-3.32;-4.08;-1.46;-1.95;-1.53;-2;-2.79;-1.69;-1.14;-3.05;-1.91;-1.54;-3.21;-1.91;-0.15;-2.83;1.82;-3.39;-2.04;-1.11;2.39;3.58
198108;-8.6;-6.03;-6.82;-8.26;-11.54;-7.82;-5.1;-6.37;-6.13;-10.62;-6.87;-3.51;-5.96;-5.49;-8.23;-6.73;-3.98;-3.48;-4.65;-8.32;-6.05;-5.02;-4.1;-6.3;-6.77
198109;-8.37;-7.15;-7.81;-7.17;-12.78;-9.37;-3.85;-5.21;-6.26;-9.96;-6.33;-5.44;-3.37;-5.75;-8.46;-7.1;-5.21;-5.36;-7.09;-9.02;-1.46;-3.98;-2.81;-5.62;-9.03
198110;7.27;7.04;8.69;7.84;9.62;9.63;5.87;7.72;7.47;9.33;6.84;8.32;4.19;6.69;8.8;5.51;4.59;6.46;6.49;9.28;3.19;0.72;5.08;5.84;11.7
198111;1.67;4.1;2.27;1.7;0.4;2.78;5.88;4.65;3.98;3.75;1.59;3.34;4.88;3.2;1.15;4.4;4.86;4.62;4.67;4.13;7.17;4.28;4.59;4.92;4.14
198112;-1.25;0.13;-1.72;-1.22;-3.97;-1.53;-1.31;-0.73;-0.84;-2.97;-0.33;-1.98;-1.11;-2.07;-3.02;-1.17;-1.77;-2.47;-1.96;-4.94;-1.91;-0.28;-2.47;-4.27;-4.63
198201;-0.9;-1;-1.22;-1.26;-2.94;-3.42;-3.04;-3.39;-3.43;-4.56;-2.77;-0.2;-3.64;-2.54;-6.69;-5.4;-1.64;-3.88;-3.04;-6.36;-1.01;0.79;-0.74;-1.8;-5.35
198202;-3.54;-1.66;-2.62;-4.15;-6.45;-4.12;-3.09;-1.85;-3.97;-6.16;-3.66;-0.12;-2.05;-3.27;-7.34;-2.93;-2.94;-1.74;-2.49;-7.21;-2.59;-3.03;-3.6;-6.05;-9.92
198203;-0.56;0.79;-1.69;-2.05;-1.84;-0.88;1.26;1.29;-1.25;-3.07;-0.75;2.12;1.62;-1.07;-1.69;0.45;-0.45;0.34;-0.78;-4.18;-0.28;0.34;0.77;-0.94;-3.83
198204;4.85;5.58;5.09;5.49;7.26;6.35;5.42;3.9;4.76;7.36;5.92;4.89;3.88;6.65;5.83;5.67;4.71;3.75;5.26;6.17;7.56;5.08;2.12;3.92;5.73
198205;-1.45;-0.67;-1.44;-0.93;-2.38;-3.23;-1.51;-2.25;-3.05;-4.17;-5.07;-0.19;-1.95;-2.31;-3.82;-3.65;-3.87;-3.31;-3.71;-5.4;-4.63;-1.58;-3.17;-2.5;-2.27
198206;-2.33;-1.94;-1.74;-2.62;-3.74;-1.03;-1.22;-0.82;-2.35;-4.08;-2.93;-0.04;-1.9;-2.63;-3.01;1.08;-0.11;-1.93;-3.17;-4.32;-0.97;-1.36;-0.01;-1.83;-5.28
198207;-1.06;-0.22;-0.24;-0.03;-4.05;-1.15;-0.79;0.97;0.64;-3.52;-1.36;-0.5;-1.92;-1.49;-2.44;-3.72;-1.8;-2.48;-0.54;-5.13;-1.15;-1.86;-0.36;-3.05;-5.1
198208;5.22;5.87;7.13;5.72;6.22;11.84;9.52;7.45;9.43;7;10.08;11.51;9.34;12.18;11.92;14.11;13.04;10.78;11.78;12.32;14.69;11.51;11.8;12.29;14.58
198209;3.66;4.71;4.62;5.37;1.06;2.82;5.69;5.76;4.08;1.76;3.68;4.16;3.69;4.66;3.4;2.14;3.74;3.33;4;1.88;-0.86;2.12;1.15;0.71;1.21
198210;13.63;12.79;14.15;11.67;16.33;13.28;10.94;12.87;12.45;16.08;15.05;12.31;12.1;13.25;14.96;14.06;15.56;12.54;11.55;15.65;16.89;10.16;8.56;10.58;15.59
198211;10.64;9.92;8.59;10.41;10.35;11.92;8.57;8.94;7.95;7.37;9.76;5.62;7.17;9.21;9.11;5.25;6.33;5.67;6.53;7.66;7.48;2.95;3.69;3.06;6.25
198212;2.68;2.8;2.36;1.61;2.21;0.75;2.73;-0.24;2.22;0.03;0.55;3.78;0.1;0.18;-0.05;4.21;0.42;1.06;0.65;0.67;0.08;1.59;1.73;2.67;-1.8
198301;10.37;7.09;8.4;9.6;11.82;8.19;4.87;4.68;5.25;7.51;3.89;3.36;3.25;2.35;6.77;3.5;2.01;2.84;2.99;5.64;6.42;1.94;4.63;2.93;3.19
198302;7.95;6.91;7.26;7.07;3.34;8.23;7.68;5.85;4.64;4.6;6.06;4.58;6.74;5.24;3.85;-0.13;4.85;4.77;6.04;2.31;2.05;2.6;2.25;2.44;3.44
198303;6.89;6.5;6.48;5.63;3.39;5.29;5.45;6.68;4.9;1.98;8.44;6.22;4.41;3.27;3.07;3.91;4.35;6.71;2.64;0.5;4.18;5.96;2.17;2.58;4.4
198304;8.33;7.5;9.58;6.54;8.21;9.03;6.12;8.13;9.97;7.08;7.61;7.43;5.34;7.14;6.45;9.99;5.98;5.1;6.61;5.88;8.77;7.17;8.35;6.7;6.98
198305;10.31;8.07;9.04;9.36;10.55;5.75;5.91;3.18;4.98;6.88;4.22;2.75;3.65;1.78;5.27;4.39;2.82;1.88;2.31;5.95;-2.51;-3.92;-1.74;-0.77;2.1
198306;6.32;4.41;3.19;4.04;3.57;4.59;4.49;3.84;3.89;5.4;3.48;3.72;3.67;4.24;4.18;1.84;-0.09;3.17;4.68;6.45;4.3;1.44;2.45;5.94;4.67
198307;-1.43;-2.25;-1.17;-1.47;-4.51;-1.11;-2.55;-0.83;-3.27;-4.69;-2.16;-0.78;-0.4;-2.67;-2.82;-3.5;-2.91;-1.16;-2.71;-4.28;1.71;-1.45;-3.64;-3.66;-6.49
198308;-4.6;-2.71;-3.09;-2.99;-4.71;-3.49;-1.67;-2.95;-2.12;-3.79;-1.09;-2.27;-1.92;-1.93;-2.86;2.06;0.54;-0.04;0.6;-2.3;-0.09;3.97;2.32;0.68;-0.61
198309;-1.17;-0.49;1.68;1.3;-1.63;3.06;2.97;2.89;4.32;1.05;4.39;5.02;4.04;3.56;3.45;1.38;2.83;2.52;3.02;2.79;4.24;0.34;1.36;2.65;-0.13
198310;-5.83;-4.75;-4.49;-6.09;-8.74;-4.42;-4.85;-3.74;-4.69;-8.92;-1.69;-2.7;-4.72;-2.9;-5.84;-2.12;-1.4;-1.51;-3.07;-7.19;-1.33;-0.09;-0.56;-1.36;-3.81
198311;4.17;3.78;5.1;4.2;2.05;6.55;5.91;5.33;5.32;4.48;5.22;4.03;5.05;5.69;4.48;8.01;5.56;3.69;2.45;4.9;0;2.84;2.89;-0.55;2.45
198312;-1.39;-1.57;-0.64;-0.33;-3.45;-0.57;-0.83;-0.73;-0.47;-1.92;0.85;-0.71;-1.26;-2.28;-2.24;-0.27;-2.37;-1.82;-1.43;-3.28;1.88;-0.74;-0.37;-0.73;-0.2
198401;1.51;0.07;0.46;-1.02;-0.87;-0.03;-0.44;0.25;-0.76;-3.68;-1.38;-3.98;-1.1;-5.09;-4.26;-3.81;-2.55;-0.75;-3.32;-4.97;-1.47;0.74;2.83;-2.13;-3.38
198402;-6.12;-6.32;-4.51;-5.8;-6.81;-5.25;-4.19;-5.75;-4.11;-5.39;-9.21;-4.32;-4.5;-4.29;-5.99;-5.38;-5.59;-2.97;-4.27;-6.89;-7.46;-1.26;-2.85;-3.24;-6.11
198403;1.58;1.48;1.04;1.48;-0.83;2.18;0.59;0.4;1.16;0.91;3.81;0.97;1.53;2.27;0.5;1.82;3.95;1.64;2.36;-0.19;4.85;1.69;-0.46;1.7;1.58
198404;-2.31;-0.29;-1.22;-1.45;-3.2;-0.88;0.36;0;1.32;-1.17;-0.74;-0.98;-0.18;0.26;0.92;-2.58;-1.28;-0.82;-0.62;-2.17;-2.76;3.15;1.85;0.14;0.87
198405;-5.74;-4.58;-3.26;-2.47;-6.27;-6.26;-3.42;-3.98;-3.96;-6.58;-6.4;-5;-3.78;-5.87;-6.16;-9.33;-4.99;-4.44;-4.47;-3.66;-3.8;-6.31;-4.75;-4.42;-4.76
198406;2.87;3.13;1.7;0.68;1.11;2.57;1.11;4.45;3.82;3.35;1.67;3.76;2.47;3.61;4.33;2.91;2.41;3.02;4.27;4.8;0.37;1.48;5.05;2.04;2.18
198407;-6.48;-3.67;-1.54;-3.19;-6.77;-6.28;-4.84;-3.18;-1.49;-4.7;-3.41;-3.65;-2.49;-0.53;-3.85;-7;-3.32;-1.92;-2.89;-3.53;-5.62;-2.87;-0.77;1.71;-1.6
198408;8.87;8.04;8.76;10.13;11.51;13.11;9.92;9.02;11.57;13.86;13.95;9.69;11.19;11.74;14.16;12.97;12.6;11.66;11.39;12.06;13.9;11.04;9.91;10.3;13.24
198409;0.02;0.86;0.38;0.59;-2.23;1.22;0.47;1.04;0.74;-3.19;0.96;2.09;1.73;2.26;-2.46;-0.75;1.83;0.5;1.63;-1.29;-0.75;0.22;1.07;-0.05;-3.24
198410;-4.7;-0.96;-1.54;-2;-2.7;-2.48;-0.37;-0.56;0.51;-1.66;-2.86;-1.04;0.88;1.29;-0.61;-1.84;0.39;0.42;0.91;0.66;1.07;-1.22;1.75;1.92;-1.31
198411;-4.58;-0.94;-0.99;-2.96;-4.49;-1.94;-1.25;-0.67;-1.01;-3.54;0.39;2.44;0.84;0.69;-3.16;-0.43;0.27;0.27;-0.92;-2.83;-1.31;0.18;-0.94;-1.15;-3.28
198412;-1.84;0.82;1.48;2.23;1.45;1.67;0.7;3.96;2.28;2.44;1.31;1.37;1.91;4.84;3.41;1.12;3.38;2.6;3.14;3.18;-0.79;2.7;2.54;3.18;2.28
198501;12.01;11.44;10.38;11.14;15.72;10.34;9.33;10.76;10.96;14.3;9.96;8.08;9.9;8.31;13.54;9.76;8.36;9.11;8.73;12.68;7.69;5.21;6.62;8.46;11.63
198502;5.03;4.47;2.23;3.6;3.6;1.1;2.12;2.07;3.13;2.48;0.72;1.32;0.52;1.54;1.22;2.36;1.37;0.94;2.32;1.27;3.88;2.27;2.59;0.6;0.47
198503;-1.42;-1.63;-0.19;-0.44;-3.42;-2.29;-0.6;-0.66;-0.9;-3.12;-0.87;0.62;-0.02;0.14;-3.07;-0.22;1.19;-0.27;0.53;-2.11;2.3;1.99;0.07;-1.01;-2.11
198504;-1.11;0.43;0.4;-0.93;-2.02;-2.46;-0.01;0.75;0.39;-2.08;-0.42;0.38;1.45;-0.76;-0.75;-3.21;0.48;-0.18;0.01;-0.85;-1.24;0.36;0.57;-1.07;-1.25
198505;1.28;4.21;3.52;1.22;3.14;3.08;3.47;3.66;4.72;4.41;2.53;3.87;4.12;5.28;7.02;3.07;5.71;7.01;6.49;5.64;5.33;5.01;6.18;7.19;7.94
198506;-0.67;1.93;3.04;1.32;0.65;3.3;1.67;2.74;2.64;2.39;1.18;2.38;2.94;3.46;3.46;-0.4;2.86;2.53;2.26;2.14;1.96;0.78;1.54;1.13;2.67
198507;2.99;3.46;1.54;1.64;2.73;2.04;2.33;2.42;3.62;3.31;4.76;1.47;0.91;1.93;0.74;1.75;0.09;-0.42;-0.88;-0.47;-2.08;-1.19;-0.26;-0.06;-1.02
198508;-0.76;-0.19;-0.89;-0.01;-1.67;-0.42;0.27;2.59;-0.33;-2.69;-0.55;-0.9;0.93;0.08;-3.3;0.27;1.88;-0.94;-0.28;-1.67;0.06;0.75;-0.4;-1.35;-1.38
198509;-6.75;-4.5;-3.78;-4.32;-7.28;-5.64;-4.45;-4.23;-4.61;-7.27;-2.53;-3.61;-4.12;-4.22;-6.64;-2.75;-4.19;-4.86;-5.04;-6.74;-1.88;-1.56;-3.45;-4.03;-4.22
198510;-0.02;4.11;1.98;2.84;1.61;4.44;2.97;4.79;5.44;2.88;3.08;2.3;3.76;5.05;3.44;4.35;6.44;5.38;5.22;5.1;2.22;4.78;6.06;5.03;5.06
198511;4.63;4.69;4.73;6.01;6.63;5.69;6.44;8.97;7.01;8.81;4.09;6.68;6.25;6.19;8.36;5.54;4.31;6.85;8.5;8.63;7.91;4.99;8.32;7.42;6.45
198512;1.65;3.78;5.47;4.22;4.68;0.83;4.54;3.86;4.59;5.63;3.79;4.66;3.84;5.66;3.53;1.77;5.38;4.6;4.97;3.34;4.88;2.66;4.97;6.03;3.92
198601;2.67;3.12;1.35;2.1;3.7;0.09;2.09;1.79;0.46;1.37;0.84;1.36;3.22;3.65;1.61;-0.26;2.1;2.13;2.45;1.67;-2.52;-0.38;1.34;0.9;2.61
198602;4.52;6.31;5.51;7.43;6.58;2.27;6.41;7.7;8.66;8.35;4.8;7.78;7.79;7.36;8.1;5.19;8.6;7.51;7.84;8.97;9.44;5.69;9.47;6.59;9.26
198603;4.44;5.88;6.3;5.05;4.74;8.2;6.91;4.02;5.83;3.75;7.96;6.69;5.76;4.23;5.73;3.44;5.81;4.62;6.68;4.98;5.84;4.99;6.24;5.57;4.3
198604;1.55;1.4;1.08;0.7;2.84;0.27;0.49;1.1;1.69;1.17;-0.02;-0.82;0.55;3.65;0.82;-2.84;-2.61;-1.39;-1.39;1.47;1.41;-0.55;-3.19;-1.09;-3.23
198605;3.7;2.92;4.23;4.05;4.11;3.49;3.86;3.63;3.88;3.5;2.05;5.13;5.77;6.47;3.94;5.98;5.38;4.88;4.19;5.89;6.87;6.36;5.36;3.46;6.19
198606;-0.66;2.77;1.2;-0.37;-0.36;0.79;0.9;3.06;1.06;-0.17;-1.18;0.94;1.25;2.82;-0.29;-0.45;2.92;1.37;4.02;-0.64;2.48;1.45;3.1;1.11;-2.13
198607;-9.99;-6.42;-7.3;-6.81;-10.45;-10.15;-6.84;-7.6;-8.59;-10.61;-11.17;-7.53;-5.14;-6.26;-9.15;-8.9;-4.96;-6.01;-5.57;-8.3;-10.45;-3.6;-3.55;-4.38;-7.73
198608;1.61;1.55;1.11;1.77;0.46;4.32;3.9;6.34;4.23;2.66;9.22;6.37;5.89;4.58;4.48;11.68;8.54;7.85;6.09;5.04;12.92;8.78;7.88;5.23;5.79
198609;-6.37;-4.52;-4.28;-6.5;-7.03;-4.25;-4.5;-4.52;-6.92;-8.46;-3.99;-5.91;-6.51;-6.63;-7.28;-2.57;-4.95;-8.26;-8.49;-8.4;-3.26;-6.86;-9.78;-11.03;-8.43
198610;1.79;2.27;3.75;2.75;1.22;5.57;4.05;2.63;4.24;5.35;2.55;3.03;2.93;2.09;4.25;6.02;5.58;5.88;5.28;5.77;4.86;6.65;5.39;7.74;2.99
198611;-0.76;0.41;-1.15;0.68;-0.8;-0.75;-0.41;0.71;-0.43;-0.04;1.46;0.53;0.44;0.06;-0.78;0.53;0.43;0.83;1.46;1.01;1.31;2.9;3.27;1.39;1.79
198612;-3.64;-3.02;-2.94;-1.16;-4.78;-2.88;-1.88;-2.07;-1.45;-3.62;-2.03;-1.97;-2.72;-1.38;-2.94;-4.16;-2.51;-3.52;-3.19;-3.37;-0.89;-3.41;-1.89;-2.06;-4.01
198701;10.88;11.16;8.36;9.99;10.75;12.98;10.71;10.58;13.31;12.35;13.12;10.08;9.44;10.67;14.2;14.88;11.34;12.8;11.14;12.3;13.55;11.33;13.73;14.3;12.82
198702;8.99;7.54;9.2;7.28;8.86;7.55;5.42;6.7;7.43;9.01;6.83;5.18;6.02;5.58;8.18;6.14;3.15;3.31;5.66;8.7;3.31;0.31;2.78;6.09;6.32
198703;4.37;2.92;3.42;0.26;3.01;4.14;1.98;1.89;2.6;0.14;4.08;2.02;1.85;-0.05;0.08;3.17;2.58;2.34;0.49;-0.1;9.03;5.1;1.14;0.8;1.87
198704;-0.91;-1.26;-2.49;-2.06;-2.62;-2.23;-3.31;-2.63;-4.33;-3.65;0.08;-0.31;-3.31;-3.81;-3.23;1.11;-1.19;-2.77;-3.53;-3.71;-0.71;-0.94;-2.03;-1.44;0.03
198705;1.5;0.77;-1.2;0.8;-0.59;0.18;-0.28;0.26;-0.03;-0.9;2.27;-0.11;-0.52;-0.26;1.33;3.06;-0.56;-0.8;-0.12;1.92;2.33;1.84;1.05;0.36;-0.56
198706;1.19;2.83;1.46;1.92;0.56;4.4;1.88;1.59;4.16;2.8;2.24;5.66;4.4;3.18;2.49;3.54;4.25;3.77;4.7;4.05;6.3;5.25;6.16;5.02;3.86
198707;5.67;2.18;2.67;2.31;1.6;5.6;0.6;5.1;4.28;2;8.07;5.5;4.96;2.87;2.85;6.52;5.87;3.49;5.06;3.06;5.88;5.14;2.14;5.26;5.46
198708;-0.5;2.5;1.26;2.85;1.69;0.3;6.02;2.52;3.26;3.7;0.74;1.76;3.21;4.24;4.88;3.66;3.27;3.38;4.24;3.66;1.53;5.99;4.04;4.5;4.94
198709;-0.9;0.14;-0.67;-1.24;-2.62;-2.12;-1.61;-0.46;-2.65;-1.64;-0.01;-1.11;-2.02;-2.99;-3.85;-0.97;-0.93;-3.13;-0.15;-2.24;-1.96;0.78;-2.83;-3.54;-3.57
198710;-33;-27.61;-28.93;-29.68;-32.62;-30.25;-27.62;-25.23;-28.54;-34.61;-27.53;-26.76;-23.41;-25.39;-30.11;-29.17;-20.15;-21.83;-26.24;-28.16;-19.97;-18.07;-18.97;-22;-22.79
198711;-5.45;-3.73;-3.41;-4.56;-8.27;-5.21;-2.98;-2.6;-3.65;-8.14;-1.82;-2.66;-4.08;-4.34;-5.58;-6.38;-4.25;-5.46;-5.61;-5.58;-9.66;-7.23;-8.46;-8.39;-9.81
198712;3.87;4.79;4.84;6.01;2.99;5.42;9.94;7.08;8.99;10.43;5.21;7.87;6.84;8.45;10.16;6.71;5.37;7.36;12.44;9.83;8.23;3.82;6.97;7.75;8.36
198801;7.17;4.8;4.47;4.66;6.91;4.56;3.91;4.7;4.51;2.66;7.14;4.67;4.09;4.31;2.95;3.88;4.65;6.06;1.86;3.6;7.28;4.88;3.93;5.57;3.38
198802;6.91;7.17;7.62;6.99;7.25;10.09;10.28;7.68;9.35;8.48;7.1;7.14;8.43;8.03;7.64;9.02;7.39;4.76;7.11;9.41;3.62;5.06;3.21;3.93;4.18
198803;4.79;5.53;5.12;6.18;4.28;6;4.32;4.47;2.71;2.69;5.24;-0.08;1.11;0.34;2.06;2.52;0.53;0.79;0.55;0.27;-0.64;-2.89;-4.4;-4.13;-5.03
198804;3.37;2.2;2.06;2.33;1.12;3.87;3.69;2.68;1.04;2.34;0.89;1.89;1.42;-0.38;-0.63;2.16;0.49;2.24;0.36;-1.47;1.8;1.54;0.8;1.11;-0.15
198805;-2.74;-0.72;-1.16;-2.49;-2.78;-2.54;-1.27;-1.98;-2.6;-3.11;0.22;-0.5;1.19;-1.62;-0.92;0.03;0.66;0.58;-0.29;-0.67;0.37;0.8;1.35;0.71;0.8
198806;4.15;6.18;6.8;4.71;6.74;7.86;7.46;7.88;8.86;8.19;3.82;5.45;6.48;7.92;6.98;5.1;5.06;6.03;7.52;9.09;-0.51;3.5;6.45;4.21;6.17
198807;0.36;-1.01;0;-0.94;-0.96;0.29;0.03;-0.2;0.08;-3.03;-1.04;-1.52;-1.44;-1.76;-3.05;-1.25;-1.49;-0.4;-2.06;-4.01;-0.35;0.67;-0.1;-0.84;-1.72
198808;-3.03;-1.36;-2.1;-1.38;-3.28;-1.91;-0.46;-1.9;-3.43;-4.53;-1.38;-1.06;-1.15;-3.3;-3.83;-0.47;-1.35;-0.96;-3.46;-3.19;-2.4;-2.64;-2.65;-3.25;-4.2
198809;1.57;1.81;3.27;2.7;1.73;2.68;3.38;2.48;3.42;1.61;0.49;2.73;2.95;3.55;3.09;1.92;2.25;3.57;3.73;3.75;3.33;4.85;3.29;5.62;4.8
198810;-2.3;-3.16;-1.3;-1.46;-2.11;-0.73;0.41;-1.07;-1.26;-1.66;0.93;1.43;0.37;0.11;-0.51;1.13;0.98;0.39;0.37;-0.97;2.15;4.01;2.44;3.53;0.39
198811;-4.78;-3.15;-4.24;-3.37;-5.3;-2.21;-1.98;-2.14;-3.13;-4.55;-2.31;-3.07;-2.25;-2.77;-2.54;-1.5;-1.97;-3.24;-2.12;-1.68;-1.59;-0.16;-1.25;-1.45;-3.23
198812;3.84;3;3.45;4.47;2.1;4.49;4.73;2.51;3.84;5.02;4.41;3.17;1.08;3.61;4.73;0.52;2.81;2.42;1.57;2.91;1.99;1.17;2.14;1.12;3.75
198901;6.98;4.45;4.27;4.41;5.32;6.29;4.21;3;5.36;4.99;5.65;5.1;4.51;4.89;5.95;8.89;5.58;5.31;3.56;7.18;6.47;6.75;6.78;8.05;7.21
198902;0.83;2.15;1.55;0.15;-0.77;1.93;2.04;1.31;2.67;-0.02;1.14;-0.12;0.98;0.45;-0.03;1.43;-0.93;-0.42;0.2;0.07;-1.12;-1.42;-2.88;-3.2;-3.85
198903;2.4;2.89;4.04;2.77;2.39;3.81;2.6;1.67;1.42;2.66;1.73;2.23;1.9;3.02;2.07;2.51;1.68;1.26;-0.02;1.58;2.81;4.23;1.28;1.96;2.25
198904;2.59;1.38;3.05;3.98;3.51;4.44;5.12;4.6;4.67;4.63;6.15;3.13;4.2;4.84;5.7;5.99;5.55;3.92;5.93;5.28;3.44;5.99;4.14;5.45;5.78
198905;3.03;3.43;4.66;3.75;3.13;4.23;3.79;4.47;2.59;4.9;6.02;3.95;4.07;3.72;6.14;6.92;3.7;4.08;3.57;3.2;3.3;4.81;3.16;4.66;4.44
198906;-1.47;-0.77;-0.56;-1.65;-1.83;-1.88;-0.44;-0.36;-3.21;-3.46;-0.27;1.68;0.81;-0.72;-5.09;1.33;0.21;0.1;-0.4;-1.44;-0.69;0.04;0.56;-1.32;-1.88
198907;3.02;2.86;1.93;3.37;3.04;4.56;2.62;3.53;4.1;6.37;5.13;4.55;5.85;3.29;5.22;9.31;6.99;6.36;9.02;6.94;9.63;8.08;9.68;8.11;9.39
198908;0.39;2.42;2.2;0.6;1.53;1.53;4.37;1.82;3.6;3.53;3.23;2.75;3.8;3.58;2.01;2.77;2.77;2.76;2.93;5.23;2.63;0.45;1.28;1.7;2.8
198909;0.94;-0.14;0.71;-0.86;0.24;-1.84;0.93;0.39;0.38;2.37;-0.16;-1.56;0.2;1.06;-1.18;-2.03;-1.96;-1.39;-1.59;-0.67;2.52;0.6;0.64;-0.99;-0.67
198910;-7.3;-5.22;-4.93;-5;-5.39;-7.37;-4.04;-6.02;-6.76;-6.54;-8.07;-4.43;-5.25;-3.71;-5.85;-6.43;-4.91;-3.37;-3.96;-4.9;-1.61;-1.04;-2.33;-3.02;-1.65
198911;-0.97;-1.89;-1.68;2.36;-0.23;2.9;1.33;0.7;-0.34;0.73;0.67;2.96;2.19;0.05;0.72;2.57;2.68;0.49;1.64;0.79;2.74;2.62;3.03;0.26;1.62
198912;-2.01;0.22;0.5;0.77;-1.92;0.95;1.13;0.39;-0.31;1.54;-0.56;1.53;0.46;0.12;-0.83;4.15;1.34;1.37;2.67;1.18;4.84;3.69;1.64;2.92;-0.46
199001;-5.2;-6.52;-7.15;-7.66;-8.19;-9.19;-6.21;-8.41;-7.85;-10.94;-8.02;-6.05;-7.78;-9.78;-9.57;-8.33;-7.72;-7.66;-8.74;-7.57;-7.6;-6.03;-8.14;-6.27;-6.3
199002;1.89;1.37;3.12;2.22;1.9;2.64;2.11;2.72;2.98;4.68;2.6;0.85;2.82;1.77;4.81;0.86;1.5;1.73;1.88;2.63;2.5;1.16;0.38;1.36;1.73
199003;3.39;3.6;2.23;2.72;2.88;2.79;2.87;3.27;5.21;5.65;3.72;1.66;2.4;1.53;4.82;2.12;2.06;2.68;3.04;2.91;2.94;1.49;2.44;1.81;2.89
199004;-4.01;-3.1;-0.41;-2.31;-2.87;-4.67;-2.07;-1.73;-3.42;-4.58;-6.46;-3.47;-2.08;-4.5;-3.12;-4.85;-6.03;-4.56;-4.2;-3.17;-3.14;-3.58;-1.31;-2.22;-0.87
199005;5.4;4.33;6.31;5.75;6.85;7.08;6.53;6.38;7.04;9.53;7.98;6.13;6.92;7.15;9.99;6.88;7.95;8.72;8.34;12.83;7.92;8.76;10.95;9.36;9.55
199006;0.8;2.13;1.17;1.57;0.8;1.75;1.62;-1;-0.83;-0.46;0.45;0.92;0.64;0.41;0.11;-1.48;-1.41;-0.75;-1.19;-0.42;-3.63;-0.79;1.09;-2.21;1.06
199007;-4.1;-3.79;-3.17;-3.1;-4.88;-3.81;-2.36;-3.24;-3.37;-6.48;-6;-2.74;-2.75;-4.83;-3.86;-0.76;-2.1;-3.17;-2.04;-2.77;3.02;1.49;-0.88;0.86;-4.06
199008;-13.18;-11.58;-12.44;-12.31;-15.68;-11.95;-10.88;-10.37;-12.2;-16.16;-11.34;-9.44;-12.37;-11.04;-14.07;-9.33;-8.32;-10.3;-10.41;-12.47;-7.1;-6.29;-9.33;-9.72;-9.16
199009;-7.99;-9.56;-7.51;-7.52;-10.14;-8.64;-7.42;-7.29;-8.22;-11.39;-10.65;-4.45;-6.06;-9.55;-9.98;-7.54;-4.87;-7.13;-7.62;-8.85;-4.45;-0.73;-3.24;-6.24;-7.88
199010;-8.11;-6.7;-4.08;-5.8;-7.11;-6.51;-6.4;-4.29;-5.5;-5.82;-8.55;-2.57;-2.36;-4.16;-5.9;-5.1;-1.18;-3.12;-2.34;-4.02;-3.97;0.09;1.38;0.54;-1.89
199011;1.78;2.55;3.33;2.7;4.5;4.72;4.93;4.67;7.7;11.35;6.05;6.36;7.66;10.05;12.2;4.83;7.39;8.67;9.72;12.71;7.97;4.27;4.84;6.92;10.23
199012;-0.72;1.68;0.26;0.57;0.89;0.4;6.36;4.76;5.19;4.37;5.1;2.48;4.69;3.4;7.35;2.17;5.08;2.94;5.16;4.33;3.58;1.21;1.98;3.28;4.39
199101;9.82;8.14;8.28;6.6;9.51;7.67;9.88;6.89;7.46;8.76;6.52;4.74;5.95;8.39;10.43;5.51;3.84;6.41;5.85;9.37;0.81;0.72;5.59;3.64;9.32
199102;14.53;12.35;10.44;12.41;13.9;11.56;11.24;10.17;10.55;10.92;13.32;8.48;8.87;7.83;9.6;10.49;8.36;6.48;7.66;10.28;6.76;6;6.8;7.04;7.88
199103;9.31;5.42;6.05;8.41;10.12;7.38;5.68;5.69;4.63;6.95;5.25;3.54;2.23;4.91;7.9;1.49;2.51;4.37;4.89;5.28;1.79;1.74;1.02;3.76;3.11
199104;1.13;0.64;0.3;0.88;0.92;-1.52;-0.01;0.67;1.7;-0.15;0.7;2.06;0.41;1.16;-1.9;-0.5;0.82;2.13;1.3;0.3;0.82;0.67;-0.64;0.81;-0.54
199105;3.29;2.93;3.8;3.16;3.47;3.91;5.31;3.1;5.91;3.97;4.99;2.55;4.4;4.31;5.27;3.32;3.01;4.65;5.6;6.91;1.38;1.1;3.64;5.6;4.9
199106;-5.56;-2.24;-2.02;-3.94;-6.99;-6.38;-4.98;-3.39;-3.04;-5.33;-4.25;-3.01;-2.64;-2.63;-6.01;-3.17;-3.53;-5.71;-4.82;-4.91;-7.66;-2.62;-4.66;-4.49;-5.34
199107;2.45;3.17;2.14;2.6;3.11;1.87;3.16;1.23;2.18;5.77;8.24;3.43;5.32;4.1;5.57;4.42;4.57;3.39;2.97;7.63;2.84;4.54;4;4.74;6.13
199108;3.15;0.43;2.4;3.98;3.67;4.29;3.13;2.33;1.98;4.93;4.87;3.43;4.55;4.56;4.24;1.98;2.7;1.47;2.98;3.03;0.68;3.13;1.08;2.32;4.63
199109;1.71;0.08;-0.55;0;2.95;1.11;-0.37;0.43;0.25;1.4;-3.25;-0.08;0.24;-0.41;-0.24;-3.65;1.01;-0.68;-1.57;-0.01;-2.91;0.13;-0.19;-1.97;-2.88
199110;6.61;1.63;3.4;3.02;3.72;1.24;-1.48;1.56;1.41;3.81;2.75;1.3;1.74;3.18;2.71;2.19;2.2;1.31;0.98;3.32;-1.36;3.22;0.99;1.46;1.12
199111;-1.51;-4.04;-3.72;-1.4;-4.4;-3.97;-4.95;-3.24;-3.25;-6.47;-9.81;-3.96;-6.46;-2.96;-2.96;-6.93;-2.66;-4.13;-3.53;-3.05;-3.45;-2.51;-5.73;-4.03;-1.26
199112;5.55;3.88;6.06;5.18;4.37;7.2;7.15;6.52;7.14;10.01;10.59;9.45;8.95;10.03;14.29;12.25;7.88;9;11.26;13.6;7.52;9.89;8.53;11.36;16.23
199201;19.82;13.54;10.26;12;12.87;10.42;8.59;7.72;6.26;5.53;11.09;5.1;3.17;4.2;3.58;6.82;0.41;2.85;-0.16;-0.24;4.28;-2.97;-3.58;-1.48;-2.19
199202;3.71;6.33;3.77;5.73;3.54;1.48;3.9;4.62;1.78;1.79;9.53;5.05;3.59;1.12;0.58;4.85;2.27;2.65;0.64;1.62;5.37;-0.42;1.31;0.65;0.79
199203;-3.45;0.05;-2.47;-3.74;-4.67;-2.52;-1.09;-0.43;-1.02;-7.54;-0.58;-1.29;-0.92;-0.5;-5.22;-1.25;-1.39;-2.51;-2.46;-6.42;-2.61;-2.21;-1.22;-1.02;-3.37
199204;-7.03;-3.7;-2.32;-4.32;-7.07;-4;-0.64;-0.16;-3.52;-6.64;-1.43;1.44;-0.31;-2;-4.67;1.74;2.34;2.11;0.72;-1.51;2.56;4.87;5.89;2.46;-0.49
199205;-1.65;0.75;0.59;-0.39;-0.3;1.35;3.86;0.41;1.85;-0.17;2.03;1.07;1.95;0.34;0.09;0.89;0.89;-0.2;0.31;1.63;2.1;0.3;0.9;0.29;0.77
199206;-6.06;-4.61;-4.6;-7.53;-6.43;-5.15;-4;-2.16;-3.13;-5.34;-1.01;-1.7;-0.53;-3.5;-5.27;-1.66;-1.72;-2;-0.3;-4.11;0.21;-1.23;-0.27;-2.4;-2.42
199207;2.01;0.64;3.76;1.13;0.84;3.66;4.18;3.21;3.63;3.27;1.67;3.9;5.01;4.67;5.5;3.24;1.88;4.92;4.34;5.32;4.57;3.84;4.13;4.4;3.98
199208;-4.81;-3.74;-2.6;-2.75;-3.04;-4.38;-2.02;-1.75;-1.35;-3.3;-7.27;-2.71;-1.84;-2.56;-2.16;-3.88;-2.95;-1.75;-1.3;-2.71;-3.47;-1.69;-2.37;-1;-2.63
199209;0.74;0.97;1.16;2.19;0.63;3;2.56;2.61;1.62;1.76;5.21;0.87;0.85;1.23;3.98;1.77;1.85;1.49;1.85;1.02;2.79;0.21;0.61;1.3;2.38
199210;1.83;2.49;1.94;1.77;2.29;4.62;1.24;3.05;2.84;3.95;2.41;2.54;1.99;2.61;5.09;1.26;2.71;1.4;3.2;4.19;0.95;-0.13;-2.52;1.87;2.89
199211;8.95;7.02;10.79;8.64;9.72;6.34;6.79;6.38;6.02;9.75;4.58;6.01;6.44;5.54;9.05;4.88;4.28;2.79;5.07;6.74;2.63;2.14;2.71;3.34;5.61
199212;4.41;4.2;2.28;3.34;2.85;5.46;5.08;3.8;3.26;1.12;3.67;3.45;3.42;4.3;3.4;3.38;3.21;3.78;2.71;2.05;2.48;1.74;0.02;1.56;1.36
199301;6.47;6.04;4.59;4.75;4.19;5.72;4.58;3.18;4.49;1.09;4.79;2.83;2.28;0.77;1.36;4.22;3.58;1.78;1.28;1.8;4.19;2.44;0.38;-2.13;0.81
199302;-0.37;-1.67;-2.02;-2.39;-6.61;-0.94;-0.69;1.08;-0.88;-5.99;-1.12;2.03;-0.44;0.41;-4.35;1.17;1.39;2.74;-0.88;-2.54;3.88;3.99;2.01;0.27;-1.58
199303;3.54;3.84;2.52;4.68;0.6;1.99;5.57;2.19;2.73;1.01;1.12;5.93;3.94;2.5;4.28;4.62;3.06;3.21;3.85;3.99;1.44;3.76;0.67;3.18;1.08
199304;-2.9;-2.25;-1.77;-3.36;-3.11;-2.24;-3.87;-1.68;-1.64;-3.83;-2.02;-1.35;-2.99;-4.36;-1.67;-1.53;-2.93;-0.64;-4.3;-4.04;-0.01;-0.75;-3;-1.97;-5.83
199305;5.79;4.67;3.49;3.77;5;3.83;5.96;1.26;3.02;6.32;3.12;3.97;4.1;2.44;6.41;2.06;2.65;2.02;3.24;7.58;2.72;1.86;1.86;2.13;4.68
199306;1.63;1.37;0.37;-1.5;-0.71;2.6;0.04;0.38;1.87;-0.5;1.36;0.49;2.99;-0.74;-0.25;2.69;1.97;0.14;0.94;2.32;0.32;0.59;0.96;1.39;-1.98
199307;1.11;1.55;1.55;0.84;-0.31;1.98;3.01;1.61;1.15;-0.31;0.45;0.66;0.99;0.99;-0.36;2.33;1.22;0.33;-0.55;-1.02;1.29;0.49;1.28;-1.74;-2.51
199308;3.64;3.35;2.85;4.94;3.85;4.74;3.75;4.11;6.25;4.59;5.22;4.4;3;4.13;3.68;5.04;4.25;4.56;3.77;6.65;4.66;3.7;3.35;3.61;2.95
199309;4.03;1.74;2.29;2.87;2.76;2.71;2.13;1.6;2.21;4.3;3.04;0.19;0.21;1.8;3.67;0.07;0.53;0.81;-0.52;0.63;-0.34;0.79;-1.76;-1;-0.33
199310;6.79;3.03;3.87;4.12;5.06;3.75;0.8;1.36;2.95;2.89;3.48;2.04;0.45;0.14;0.55;2.68;0.65;0.84;-0.48;1.55;3.28;0.62;2.48;1.37;1.94
199311;-4.49;-1.37;-2.33;-1.32;-3.69;-4.17;-2.85;-1.73;-4.02;-3.31;-1.31;-1.18;-3.79;-2.22;-2.95;-1.94;-3.37;-2.96;-2.6;-2.81;-1.11;-2.66;-1.03;-0.71;1.45
199312;0.99;1.74;2.36;1.11;0.01;1.27;3.25;2.52;4.76;3.72;3.74;4.1;4.53;4.71;5.55;1.62;3.33;4.8;3.97;5.11;1.45;0.6;1.17;2.53;-0.95
199401;6.55;4.9;4.77;5.16;3.69;5.34;2.23;1.29;0.74;2.48;4.43;3.6;1.88;1.38;2.73;4.8;2.54;2.09;2.74;3.01;3.65;3.54;3.29;2.46;3.09
199402;-1.86;0.53;-0.44;0.16;-1.23;-1.26;-0.42;-0.1;-1.31;0.16;0.46;0.65;-2.05;1.89;-0.38;-1.06;-2;-1.76;-2.09;-1.25;-4.12;-4.02;-4.16;-2.12;-0.82
199403;-4.99;-3.55;-3.28;-4.89;-7.19;-6.36;-3.92;-4.48;-4.88;-7.69;-5.79;-4.95;-3.66;-4.04;-6.91;-6.26;-3.18;-3.49;-2.83;-6.63;-3.12;-3.97;-4.54;-4.15;-4.19
199404;-1.61;0.51;-0.3;-0.96;-2.76;0.64;1.93;1.16;1.74;-0.6;-0.94;1.6;1.24;0.42;-0.36;2.22;2.75;0.13;0.12;0.11;1.86;1.89;1.57;0.55;1.11
199405;-1.12;-0.34;-1.06;-1.09;-2.16;-0.36;-0.63;0.19;-1.8;-2.38;-0.98;-0.93;-0.28;-2.1;-1.36;-2.31;0.19;-0.44;1.03;-0.35;4.74;1.16;-0.02;2.73;1.9
199406;-4.74;-2.53;-3.97;-2.17;-5.92;-2.23;-1.07;-2.09;-0.73;-5.31;-1.42;-0.03;-1.55;-2.65;-4.38;-3.67;-1.69;-2.76;-3.24;-4.21;-2.62;-1.42;-1.73;-3.49;-3.02
199407;1.18;1.34;1.65;1.12;-1;2.36;1.6;1.49;1.88;2.65;3.41;1.9;3.21;3.17;3.31;3.54;4.75;3.85;3.83;1.99;3.15;3.83;2.42;2.57;4.06
199408;3.69;3.01;4.18;2.64;4.22;5.73;6.32;4.53;4.36;8.04;7.64;3.97;5.23;4.45;8.16;4.72;3.69;3.76;4.24;8.17;6.42;3.16;2.56;4.25;5.16
199409;0.91;1.25;2.03;1.41;1.26;0.65;-0.85;-1.13;0.51;-0.02;1.01;-1.78;-0.78;-2.57;0.43;-0.08;-1.75;-2.64;-2.91;-1.72;-0.42;-2.69;-1.83;-2.71;-3.42
199410;0.58;0.84;2.1;2.48;-1.69;-0.73;-1.59;-1.41;0.39;0.8;-0.04;-0.28;0.71;-0.16;2.05;-2;0.19;0.05;0.86;0.89;2.1;2.71;1.84;1.97;3.58
199411;-3.76;-2.77;-2.58;-2.85;-4.33;-3.9;-3.55;-4.18;-3.05;-3.64;-1.66;-5.64;-4.68;-3.97;-5.6;-4.73;-4.41;-3.43;-4.41;-4.1;-4.75;-3.68;-3.32;-2.65;-2.8
199412;0.28;-1.37;0.73;-0.52;-3.46;0.52;2.91;3.34;2.01;1.88;3.06;2.96;2.66;2.18;2.88;0.62;1.23;0.82;1.74;1.71;2.19;0.7;1.73;1.28;1.13
199501;2.04;2.62;1.02;1.35;2.5;-2.08;0.35;-0.9;-1.19;-0.66;-1.8;-1.09;-0.08;-0.2;-1.63;1.14;1.85;1.87;1.85;1.11;1.02;3.07;2.42;3.94;3.39
199502;0.8;3.14;2.31;4.13;3.16;3.24;4.59;3.49;4.3;3.87;6.61;4.22;5.14;5.01;5.18;6.27;5.03;4.5;3.79;4.79;4.46;3.66;4.17;2.57;4.65
199503;1.31;1.79;0.56;0.42;1.56;1.24;1.7;1.25;1.45;5.27;2.32;2.79;0.22;0.56;3.94;2.53;3.42;2.26;0.46;3.13;4.96;2.94;1.86;2.72;2.51
199504;3.07;4.97;2.82;2.46;2.66;2.54;3.33;2.55;2.08;0.85;3.1;1.8;2.52;1.15;0.65;1.8;2.73;0.96;1.96;1.65;4.4;3.06;2.49;2.7;2.56
199505;3.78;1.32;2.09;2.26;1.4;1.29;2.14;3.39;1.27;1.08;1.64;2.17;2.64;1.03;1.53;1.88;2.89;2.63;3.11;1.81;2.68;4.1;3.14;4.84;4.97
199506;8.75;5.57;4.63;5.79;6.78;6.68;2.88;3.57;4.66;8.31;1.74;2.72;3.13;3.65;6.37;2.31;2.33;2.33;5.53;6.45;2.33;0.23;2.64;1.79;5.15
199507;7.02;4.91;4.78;4.01;6.73;5.94;3.5;5.5;4.54;8.4;4.34;3.28;3.9;6.01;8.14;3.64;2.09;3.49;6.15;9.97;2.72;2.31;4.29;3.73;3.93
199508;7.72;4.48;2.96;3.25;3.11;3.86;2.64;3.27;1.22;0.66;3.03;1.28;2.91;2.06;0.48;0.7;2.28;2.55;2.11;0.38;1.09;0.31;0.16;1.06;0.62
199509;3.67;3.09;1.89;1.91;1.89;1.94;1.98;2.32;0.54;1.92;1.42;2.47;1.09;1.32;2.01;2.44;3.18;1.76;1;3.87;4.4;4.83;4.75;4.08;4.7
199510;-5.49;-3.93;-1.86;-3.7;-5.75;-6.68;-5.94;-4.77;-4.45;-7.75;-3.95;-3.13;-2.05;-3.02;-3.84;-2.68;-0.72;-1.19;-3.99;-2.21;-1.13;0.37;0.74;-1.49;0.5
199511;0.21;2.18;1.2;2.64;2;5.85;4.06;3.44;5.12;4.45;7.37;4.08;4.06;3.85;5.21;5.78;4.37;5.73;4.78;2.87;5.15;4.6;6.02;5;1.26
199512;4.42;3.38;2.38;1.95;0.19;3.98;2.97;3.88;2.29;2.29;3.45;1.14;2.42;1.85;1.93;1.28;0.12;2.7;1.06;-3.86;5.16;2.07;2.57;1.39;-1.74
199601;2.17;1.6;1.47;0.08;0.73;2.93;0.61;0.86;-0.65;-2.24;0.77;2.13;-0.52;-0.76;-1.5;2.03;1.18;2.53;1.86;1.45;4.24;3.52;3.44;3.86;2.5
199602;4.03;3.3;1.58;2.72;3.43;0.93;2.42;1.86;3.4;5.81;1.87;3.17;2.97;3.5;4.72;1.08;0.16;1.3;1.12;5.65;0.16;1.6;0.54;2.97;1.03
199603;1.27;1.86;3.02;3.54;4.11;2.09;1.11;1.22;2.13;2.45;1.46;1.65;2.88;3.42;2.41;2.13;3.65;0.76;1.46;0.25;0.69;0.81;0.72;1.2;0.48
199604;7.59;5.62;6.15;8.14;8.51;8.47;2.07;3.26;6.35;8.91;3.28;0.64;0.6;4.75;5.51;3.46;1.46;1.45;1.59;7.26;2.13;0.54;0.19;0.9;3.82
199605;8;6.37;4.02;7.06;7.64;9.9;4.32;2.79;3.02;5.26;3.58;0.75;1.38;4.25;2.41;0.94;0.9;1.32;1.44;2.42;1.55;1.55;2.54;3.48;3.76
199606;-5.44;-3.31;-3.27;-5.84;-5.25;-6.22;-1.81;-0.08;-3.96;-4.78;-0.64;0.14;-2.21;-3.6;-6.5;-0.94;0.42;0.11;-1.49;-4.53;1.64;1.12;0.85;-0.63;-0.18
199607;-10.47;-6.02;-4.4;-6.14;-12.12;-8.29;-6.45;-7.2;-8.43;-13.7;-8.15;-4.82;-4.67;-6.5;-11.57;-6.39;-5.47;-4.61;-4.95;-8.66;-3.82;-3.93;-4.52;-4.79;-5.25
199608;2.48;4.24;3.97;4.87;4.92;5.94;5.28;4.18;5.92;6.22;5.51;4.62;5.85;6.04;8.48;4.24;4.12;4;6.28;6.76;1.7;0.13;2.88;2.76;2.98
199609;1.37;1.99;3.41;3.48;2.91;4.62;3.21;4.24;2.81;4.37;4.33;1.88;3.29;4.28;7.26;2.04;3.76;5.45;5.13;4.56;4.46;3.83;4.09;6.63;9.2
199610;-3.23;0.26;0.72;-0.11;-3.95;0.59;0.01;-0.14;-0.22;-4.64;-0.23;0.99;-0.97;-1.94;-4.88;2.14;1.87;1.51;0.18;-2.35;2.73;4;2.93;2.32;1.1
199611;1.88;2.9;3.95;2.88;1.93;2.39;3.82;5.26;3.76;2.13;3.33;4.15;6.23;4.4;4.88;6.25;5.31;5.28;5.86;6.45;7.3;6.37;7.54;6.94;9.84
199612;-0.32;1.42;2.18;1.88;1.02;4.47;2.87;3.15;2.63;0.94;3.01;1.31;1.5;1.41;-1.13;1.43;0.67;0.46;-0.51;-2.08;-1.66;0.34;-1.29;-4.35;-1.98
199701;7.4;3.71;3.93;4.15;5.86;3.81;2.9;1.99;2.25;2.35;0.72;2.59;2.32;1.95;2.27;3.49;1.56;2.12;3.49;3.78;6.09;5.62;5.93;6.17;8.29
199702;-1.89;-0.42;-0.17;-0.72;-4.61;0.02;0.25;-2.02;-2.11;-6.69;0.06;-0.8;0.28;0.4;-5.93;-0.58;0.49;4.54;0.94;-2.97;0.6;0.81;2.72;1.68;-2.86
199703;-5.18;-2.97;-2.3;-3.16;-7.21;-5.79;-2.15;-4.04;-3.5;-7.23;-3.79;-1.37;-2.43;-3.99;-7.58;-3.28;-2.81;-3.99;-5.1;-7.41;-4.64;-2.17;-5.77;-4.07;-5.02
199704;-3.93;-2.67;-2.04;-3.53;-3.7;-1.9;-0.23;0.55;0.76;-2.53;0.32;2.38;3.18;3.04;0.5;2.8;1.36;1.96;1.78;3.74;5.41;2.48;6.36;8.52;7.07
199705;9.53;8.38;8.51;9.11;12.41;11.51;9.55;9.14;11.17;16.21;8.8;7.85;8.74;9.9;13.6;8.52;5.97;6.8;6.75;10.55;4.97;5.91;6.15;5.28;8.03
199706;5.47;6.14;7.21;6.53;5.39;2.51;6.45;7.1;4.83;4.48;2.99;4.93;3.98;5.44;3.95;3.22;4.16;3.2;3.02;3.19;4.81;4.07;5.13;5.12;2.43
199707;4.95;6.59;5.94;6.29;4.82;4.09;6.7;4.45;5.63;4.83;5.29;4.57;4.64;6.29;7.24;7.37;6.96;6.98;5.28;7.8;6.27;6.7;5.53;9.61;13.86
199708;5.53;4.63;3.69;3.66;4.72;2.22;3.49;2.95;3.39;2.62;4.7;0.98;0.3;1.79;2.26;0.86;-0.86;-0.66;0.59;0.14;-5.33;-5;-6.25;-6.8;-4.39
199709;10.42;8.42;8.22;9.13;10.22;6.03;4.67;8.53;8.7;9.04;5.84;5.38;7.63;6.11;7.79;4.38;5.19;5.14;4.82;6.27;5.93;5.84;4.88;6.43;4.45
199710;-2.64;-1.48;-1.14;-2.72;-4.19;-2.44;-2.82;-0.5;-6.5;-5.55;-4.54;-3.29;-1.59;-4.5;-6.12;-4.47;-2.98;-3.87;-4.83;-7.6;-2.53;-3.61;-2.13;-2.4;-4.03
199711;-2.88;0.64;0.26;-1.46;-3.48;-0.63;0.14;0.43;-0.58;-4.92;-0.23;2.2;1.51;-0.61;-3.3;2.95;2.74;3.7;2.43;-0.68;5.79;4.43;4.42;6.38;3.35
199712;-3.61;-0.12;2.04;0.52;-4.08;0.2;1.85;1.43;1.45;0.35;-0.07;5.59;3.48;3.26;-0.03;2.5;2.99;3.29;2.12;-0.75;3.9;3.12;2.81;1.19;-0.67
199801;0.35;-0.19;-1.27;-0.62;-0.94;-0.79;-0.68;-1.69;-0.76;-1.29;-1.56;-2.09;-2.05;-0.72;-1.01;0.59;-1.37;-1.87;-0.82;-0.92;1.62;-1.2;0.46;2.23;4.46
199802;6.61;6.04;5.92;5.97;6.69;5.67;8.28;7.31;8.03;9.16;7.53;6.84;7.8;9.64;9.76;6.11;6.17;8.79;7.29;9.02;4.13;6.07;7.14;7.88;10.18
199803;5.86;5.07;4.72;3.57;6.02;5.96;3.12;3;4.09;5.85;5.16;4.51;3.87;3.15;5.67;5.27;5.29;4.58;6.27;3.32;5.62;3.85;5.84;7.32;3.81
199804;2.33;2.71;3.3;3.1;2.17;2.98;2.28;1.08;1.64;0.15;1.25;-0.06;-0.38;0.6;1.42;0.26;0.27;-0.01;-0.28;0.74;-2.54;1.21;0.14;2.95;3.41
199805;-4.85;-2.33;-2.5;-4.22;-6.36;-4.45;-4.47;-2.93;-6.47;-6.61;-4.89;-3.18;-3.61;-5.01;-8.48;-1.39;-2.98;-3.28;-4.55;-5.32;0.22;-1.07;-0.98;-2.05;-3.77
199806;-1.55;-1.28;-0.05;-0.91;0.09;-0.43;1.28;0.38;-0.57;2.28;0.55;-0.16;0.07;-0.01;3.11;-0.63;0;-0.07;1.02;1.01;1.49;2.09;4.87;5.41;8.47
199807;-7.43;-5.28;-5.47;-6.37;-6.94;-9.16;-6.99;-7.39;-6.19;-8.04;-7.08;-4.88;-6.87;-8.88;-9.54;-3.7;-4.53;-4.42;-5.87;-7.88;-2;-0.15;-1.19;-1.86;0.79
199808;-23.4;-17.39;-18.19;-18.93;-26.1;-19.45;-13.72;-15.46;-18.85;-25.79;-18.89;-12.62;-16.42;-22.28;-24.29;-14.59;-12.68;-16.86;-19.07;-22.88;-12.81;-12.79;-14.6;-15.26;-17.24
199809;4.59;2.03;1.9;2.95;4.41;7.64;3.36;5.87;7.38;10.01;5.11;6.26;3.92;7.81;10.09;6.32;5.95;4.17;5.71;8.72;8.66;3.57;5.85;7.89;9.77
199810;1.33;2.16;1.87;3.47;1.93;4.87;3.41;3.3;4.83;4.18;2.69;3.79;5.06;7.97;3.2;7.02;5.73;7.6;7.18;7.81;6.22;9.88;8.63;8.76;4.98
199811;12.51;6.07;6.59;7.98;7.42;7.09;4.78;3.09;7.35;8.64;5.01;3.77;3.95;7.2;7.22;4.52;5.59;3.76;6.55;3.15;7.21;5.61;5.17;9.39;8.07
199812;3.63;1.5;1.61;1.39;3.96;3.68;4.73;4.04;5.72;7.78;8.24;4.82;4.31;5.89;10.14;5.08;3.86;4.18;9.81;5.89;5.5;5.69;5.45;7.81;9.24
199901;8.27;2.5;3.03;3.5;8.12;0.26;-1.95;-2.19;0.3;4.41;2.18;-2.11;-1.89;2.3;3.68;0.1;-3.4;-3.76;-0.45;1.68;1.06;1.59;0.62;6.07;14.08
199902;-7.19;-5.44;-5.52;-5.14;-8.05;-7.24;-5.84;-5.34;-9.11;-11.86;-6.12;-4.52;-6.43;-9.27;-9.88;-2.6;-1.21;-4.13;-4.97;-5.87;-0.81;-3.25;0.96;-4.47;-8.58
199903;-2.55;-4.8;-2.45;-5.31;-1.33;2;-0.83;-0.67;0.46;1.57;1.6;-0.04;0.83;1.33;9.32;1.5;0.96;1.14;2.81;5.08;7.61;2.96;3.13;3.49;5.15
199904;11.01;7.73;9.61;8.44;10.01;11.65;6.19;9;4.91;8.8;1.58;8.7;8.13;9.36;16.14;8.22;9.45;10.8;9.68;7.29;5.64;3.34;3.27;3.52;1.13
199905;5.13;4.87;2.6;3.77;-0.44;1.57;4.18;2;3.73;0.57;0.02;1.53;2.37;2.43;-3.66;1.6;0;1.89;3.42;0.2;-3.98;0.01;-3.16;-2.39;-3.68
199906;7.46;5.24;7.86;7.4;8.34;6.21;3.82;7.29;9.38;7.8;6.02;3.12;7.23;4.83;3.76;5.7;4.93;4.95;5.89;7.29;0.92;2.61;4.94;6.87;9.72
199907;3.22;2.04;1.09;1.14;0.09;-0.22;-0.54;-1.19;-1.2;-4.16;-1.66;-0.04;-1.23;-1.66;-5.72;-1.35;-1.04;-0.76;-0.53;-4.14;-0.65;-3.48;-2.11;-3.12;-6.25
199908;-1.48;-1.11;-2.89;-2.88;-5.48;-4.21;-3.7;-2.99;-3.21;-5.93;-2.61;-1.52;-4.07;-4.22;-3.7;-2.56;-4.79;-1.57;-3.46;-1.06;-1.83;-2.31;1.4;-0.39;-0.24
199909;-1.11;-1.32;-1.75;-0.9;-2.36;-0.94;1.1;-0.85;-1.21;0.65;0.75;-1.83;-0.38;-0.71;2.9;-2.13;-4.04;-2.55;-0.5;0.22;-3.41;-3.42;-5.04;0.18;-2.89
199910;0.92;-0.09;-1.3;-0.49;-3.26;2.99;-0.83;-1.99;-1.88;-0.48;-0.36;1.25;0.37;-0.2;3.03;1.23;2.61;3.04;6.42;9.2;3.28;4.64;5.54;10.76;9.59
199911;17.61;7.3;5.1;8.18;13.4;8;6.14;5.8;3.97;12.24;4.03;4.55;2.15;7.15;9.39;0.34;-0.85;4.64;2.99;10.15;0.33;2.9;3.45;1.55;3.06
199912;23.78;10.25;5.03;9.09;20.29;12.11;5.57;10.15;7.58;15.93;7.12;7.7;5.3;8.1;11.66;6.14;5.65;8.31;10.33;22.13;3.39;2.68;2.78;8.91;11.18
200001;13.06;2.01;1.52;5.2;3.96;2.14;-2.8;-1.3;-3.26;-0.95;-1.9;-2.2;-5.66;-2.77;-4.39;-3.84;-5.49;-4.68;-3.82;-2.29;-2.52;-1.4;-4.95;-4.33;-7.9
200002;44.58;22.78;23.5;19.28;22.73;24.55;4.37;19.38;11.15;19.87;7.16;11.6;5.51;17.88;15.22;1.13;-1.7;6.86;15.72;23.88;-2.66;-1.66;-3.94;-0.35;1.05
200003;-15.54;-12.29;-6.9;-4.16;-9.67;-8.66;1.15;-7.64;-2.32;-8.16;-4.9;-6.24;5.29;-0.3;-6.86;13.66;14.73;8.81;6.64;-6.54;8.07;10.06;7.41;8.77;13.44
200004;-19.82;-9.17;-8.5;-11;-20.24;-8.1;-0.99;-3.18;-4.19;-16.7;-0.26;-5.73;0.44;-1.1;-10.87;-3.56;-3.54;-3.38;-2.44;-9.95;-0.65;-2.62;0.39;1.12;-12.91
200005;-12.09;-5.07;-6.8;-8.29;-9.61;-8.55;-6.68;-4.62;-4.12;-8.8;-3.44;-1.41;-2.24;-3.63;-4.32;2.12;-0.93;-5.87;-2.01;-8.74;0.36;-4.12;0.21;-1.81;-6.2
200006;29.53;13.87;16.55;17.23;18.93;11.57;3.94;11.12;4.7;17.28;7.57;1.87;3.72;3.69;11.16;5.71;-3.61;2.09;7.16;13.05;-1.17;1.68;-0.04;5.53;5.89
200007;-2.71;1.34;0.35;-0.35;-4.46;-4.22;0.54;-1.07;0.24;-6.44;-3.41;2.85;1.23;-1.19;-7.05;-0.91;-0.21;-2;-0.22;-5.35;-0.48;2.53;-1.44;-2.87;-2.76
200008;9.11;4.84;4.38;5.82;6.05;10.94;5.61;4.73;4.08;4.79;12.45;5.53;8.85;6.89;6.14;8.74;8.83;7.04;5.49;11.68;4.78;5.84;3.96;7.15;9.94
200009;-3.47;-0.46;-0.34;-2.05;-7.23;-1.19;0.22;-3.25;0.13;-7.42;-2.32;-3.03;-1.25;-0.18;-7.65;-2.55;-3.81;0.2;-0.35;-10.27;-2.41;-0.87;-0.5;0.4;-10.66
200010;-9.5;-4.54;-3.49;-5.79;-10.45;-5.19;-3.46;0.75;-1.54;-10.34;-4.15;-0.36;-0.86;-1.27;-10.79;0;4.07;-0.66;0.2;-8.99;1.5;1.13;0.01;-0.14;-4.73
200011;-14.35;-5.79;-5.2;-6.35;-14.06;-12.52;-4.98;-4.2;-3.91;-17.45;-12.19;-1.15;-4.48;-6.51;-18.31;-9.12;-0.05;-3.23;-1.38;-19.57;-1.63;-1.45;-2.7;-6.96;-17.96
200012;-3.14;0.83;2.56;3.63;-2.29;6.79;9.79;10.78;7.24;3;10.07;10.23;11.54;11.96;5.14;7.29;7.6;11.15;11.71;5.25;6.39;4.4;4.52;3.64;-5.92
200101;21.34;11.58;13.69;13.03;18.65;8.73;5.19;5.11;6.83;15.23;2.85;-0.22;1.95;0.91;12.12;1.43;1.94;1.04;1.18;7.18;-1.55;2.31;1.23;-0.43;8.25
200102;-7.68;-0.14;-0.44;-3.95;-7.24;-8.15;-1.07;-0.77;-3.78;-9.67;-6.92;0.61;-3.77;-3.93;-13.8;-3.24;-2.8;-2.02;-2.17;-16.89;-1.04;-2.73;-4.08;-6.76;-19.23
200103;-5.49;-1.97;-0.43;-0.9;-5.16;-3.14;-0.89;-0.01;-3.6;-5.92;-8.02;-2.06;-1.77;-5.29;-10.86;-3.84;-2.98;-3.92;-4.64;-10.26;-3.12;-4;-4.31;-7.23;-10.68
200104;6.07;6.97;3.68;4.82;6.83;8.16;5.66;4.27;7.12;9.81;11.81;4.19;5.53;6.35;11.4;8.49;5.64;7.66;9.59;15.26;4.66;6.84;3.67;7.54;12.55
200105;12.73;9.28;11.96;10.24;11.56;3.68;2.52;1.18;5.74;4.32;3.68;0.92;1.1;2.6;3.4;3.25;3.35;2.32;4.22;2.9;3.04;2.31;2.21;0.71;-2.04
200106;0.75;3.16;4.2;2.51;2.72;5.23;4.99;7.56;9.61;6.84;-0.45;0.95;-0.02;2.92;3.57;-3.52;-0.08;-0.01;0.02;3.11;-1.38;-2.94;-2.67;-2.84;-1.2
200107;-3.84;0.45;2.55;0.54;-7.74;-5.06;-1.7;-2.17;-4.55;-11.38;-2.49;-2.66;-1.07;0.47;-10.88;0.96;1.91;-0.83;0.94;-7.3;-2.95;-1.08;0.11;1.26;-3.17
200108;-2.63;-1.11;-0.87;-1.86;-6.46;-1.63;-0.49;-0.58;-3.55;-9.32;-0.53;-0.4;0.05;-4.65;-8.61;-4.64;-2.87;-3.1;-3.36;-8.76;-2.05;-3.18;-3.58;-5.51;-10.68
200109;-15.32;-11.71;-6.64;-10.58;-16.02;-17.71;-11.72;-11.63;-13.09;-20.56;-14.45;-13.55;-7.79;-11.77;-18.68;-12.77;-9.43;-9.33;-10.86;-20.47;-4.91;-5.59;-7.17;-4.35;-10.99
200110;8;4.82;2.93;3.8;8.81;7.7;1.88;3.83;5.93;11.15;5.73;5.33;2.27;5.29;14.78;2.74;0.96;1.02;2;11.23;-0.66;2.7;0.34;-1.5;5.05
200111;7.53;5.6;4.68;5.49;8.77;7.44;6.97;7.62;7.74;12.65;9.39;8.41;5.75;7.51;9.25;11.81;8.35;6.34;7.09;11.86;7.25;3.74;8.29;6.21;9.78
200112;6.81;4.57;5.86;6.58;10.14;6.49;5.95;6.45;7.4;8.57;4.34;6.71;6.5;6.74;6.11;5.73;5.53;4.93;6.07;3.49;0.45;2.49;2.28;-0.24;-0.34
200201;2.75;3.25;3.86;2.13;-1.53;0.34;0.14;0.65;1.92;-6.52;1.14;1.41;-0.09;-0.78;-5.69;1.26;0.37;0.3;-1.15;-3.41;-0.8;-2.05;-0.02;-1.03;-1.43
200202;-4.16;-1.33;-0.7;-1.53;-8.84;0.51;-1;0.08;-1.72;-8.89;-0.04;-0.06;2.31;-1.48;-7.27;1.99;2.79;3.43;-1.17;-7.69;-1.38;0.43;0.44;-1.19;-5.2
200203;10.18;9.28;6.77;8.16;7.81;10.21;9.68;8.56;8.27;8.4;9.32;6.71;5.09;6.68;9.45;5.19;5.19;4.03;6.22;8.68;4.44;3.98;3.16;2.33;4.41
200204;1.52;3.59;4.9;4.35;-1.99;2.14;4.31;4.37;5.58;-4.43;-0.69;1.51;3.07;2.09;-5.39;0.06;2.31;1.9;0.7;-6.59;-3.35;-6.04;-2.67;-7.03;-9.08
200205;-0.21;0.55;-1.3;-0.71;-3.45;-7.2;-3.55;-2.4;-4.33;-7.44;-2.56;-1.93;-2.6;-2.29;-7.47;0.61;-0.99;0.73;-0.6;-4.71;0.39;1.29;-1.48;0.09;-2.28
200206;-4.54;-0.06;2.08;0.4;-5.37;-5.87;-1.02;-2.55;-2.97;-7.16;-6.53;-4.37;-2.56;-7.71;-9.16;-5.15;-6.52;-5.62;-7.24;-12.15;-5.98;-4.78;-9.68;-6.15;-7.63
200207;-16.93;-14.35;-9.53;-11.94;-17.11;-18.14;-14.34;-14.26;-13.9;-18.11;-12.09;-12.38;-8.51;-9.61;-11.91;-13.06;-12.24;-7.97;-7.9;-10.27;-5.46;-6.99;-7.27;-6.43;-7.71
200208;-2.24;-1.7;0.59;-2.06;-0.39;-0.42;0.07;0.5;0.97;0.36;2.08;1;0.08;1.49;1.43;2.08;4.63;-1.38;0.82;-2.28;-2.22;-0.2;0.64;1.13;2.15
200209;-11.03;-6.38;-5.47;-7.03;-8.37;-9.26;-9.04;-6.16;-5.77;-7.07;-9.48;-8.11;-8.65;-6.34;-8.69;-12.82;-12.01;-8.8;-9.22;-10;-13.84;-10.57;-10.92;-10.72;-8.72
200210;5.22;1.25;1.52;2.33;3.28;3.98;1.58;3.3;2.55;6.25;6.44;2.81;7.51;1.7;3.95;4.63;7.38;4.79;2.1;8.54;11.64;9.39;7.4;10.06;7.03
200211;16.97;8.56;8.38;10.11;12.1;14.88;9;7.17;6.76;11.14;12.88;7.04;5.07;6.12;9.83;15.23;11.86;6.26;5.8;8.39;11.63;5.92;5.3;5.06;1.75
200212;-7.65;-3.37;-3.45;-4.72;-5.08;-8.18;-4.21;-5.09;-4.85;-7.63;-8.34;-3.92;-2.85;-3;-6.52;-7.14;-4.71;-4.16;-3.29;-6.6;-12.81;-4.1;-3.92;-6.25;-5.24
200301;-0.07;-0.06;0.73;-0.21;-2.03;-3.48;-2.62;-3.12;-2.51;-2.18;-1.73;-5.32;-2.4;-3.4;-2.64;-1.17;-4.08;-2.61;-2.09;-0.21;-2.62;-1.21;-3.41;-3.45;-3.18
200302;-3.18;-4.32;-2.82;-3.08;-2.68;-2.9;-3.81;-2.16;-2.06;-2.78;-2.74;-4.19;-1.8;-3.12;-2.98;-1.55;-3.92;-1.9;-1.65;-2.36;1.01;-2.97;-2.76;-1.1;-1.67
200303;2.29;-0.49;1.89;0.2;1.19;2.05;2.39;2.72;1.12;-0.59;0.46;1;1.29;2.34;1.35;-0.81;-0.01;0.34;0.23;1.45;-1.66;1.18;-1.73;2.91;2.28
200304;12.03;9.55;6.87;8.62;10.76;11.18;9.35;8.96;10.35;9.24;11.31;10.33;9.05;9.81;8.72;10.29;9.84;7.55;7.14;8.65;10.07;6.49;7.29;9.01;8.15
200305;20.43;11.54;7.48;11.34;14.02;12.74;8.76;10.11;8.66;14.14;9.37;9.44;7.55;8.05;10.08;12.42;7.67;9.02;9.51;9.66;11.05;5.68;8.5;1.65;5.25
200306;7.02;5.56;3.95;4.05;5.24;0.62;2.56;2.27;2.65;1.04;-0.08;1.06;0.37;2.77;3.88;-0.09;2.29;2.49;0.45;1.37;-0.98;0.24;1.93;2.87;0.14
200307;11.44;6.47;7.14;6.73;7.59;10.53;5.35;7.92;4.98;6.89;7.82;4.25;3.3;3.67;4.54;5.12;3.15;3.73;4.07;3.05;0.74;1.56;2.25;2.07;0.31
200308;6.74;6.03;3.75;3.38;4.1;5.4;4.7;3.38;4.31;5.6;7.74;4.72;4.87;4.2;5.78;6.16;5.79;3.29;3.56;5.77;4.94;4.07;2.17;0.61;-0.12
200309;5.44;1.32;1.42;-0.03;0.25;-2.85;-2;-2.87;-1.91;-2.44;-1.04;-2.84;-2.17;-1.88;-2.53;-0.63;-0.03;-2.46;-2.59;-1.21;-3.86;-3.94;-1.14;0.45;-0.4
200310;10.64;8.69;8.43;9.97;6.93;10.09;7.32;7.73;9.49;8.68;9.03;9.78;8.43;6.77;9.14;10.11;7.17;6.99;8.05;9.42;6.55;8.75;5.01;4.01;6.33
200311;4.29;6.58;4.2;4.97;3.3;3.46;3.81;5.05;3.78;1.55;4.45;2.83;3.75;3.06;3.23;1.83;3.3;2.33;3.14;2.95;3.72;0.26;0.98;0.59;0.58
200312;1.97;4.25;3.27;1.71;2.54;2.68;3.23;2.94;1.28;1.48;2.55;7.15;1.56;2.04;0.52;3.59;3.22;3.43;3.02;0.82;6.55;5.39;3.95;5.77;3.87
200401;11.88;5.89;5.49;4.18;3.29;8.81;2.52;2.53;3.08;4.07;7.13;2.72;1.42;1.17;2.92;4.57;2.7;1.18;3.35;1.32;2.98;0.03;0.89;2.52;2.52
200402;-1.43;0.67;0.61;1.89;0.95;-0.92;1.22;0.96;2.85;-0.01;-0.62;1.04;2.82;2.11;3.05;1.11;0.24;2.6;2.7;3.32;1.24;-0.13;3.04;0.62;1.63
200403;-2.04;0.42;-0.02;-0.58;-0.02;0.04;0.73;0.97;1.51;1.24;2.67;0.04;-0.11;0.63;0.98;-1.57;0.79;-0.49;-0.42;0.37;-3.15;-2.52;-0.94;-2.41;-0.17
200404;-7.53;-4.55;-2.78;-3.69;-3.31;-7.07;-3.61;-3.6;-3.04;-4.48;-6.26;-3.2;-2.47;-2.65;-3.08;-6.64;-2.5;-1.66;-1.8;-3.84;-2.33;-0.74;-1.26;-1.16;-0.84
200405;-0.98;-0.22;-0.36;1.25;-1;1.94;0.59;1.56;2.1;2.29;2.27;2.39;1.7;1.43;1.52;4.34;2.69;1.05;1.66;1.6;2.84;0.43;0.18;1.75;1.31
200406;2.08;6.77;3.55;3.21;4.09;3.98;6.32;4.97;5.56;5.32;1.28;4.55;2.47;4.73;3.04;2.87;4.09;2.89;2.96;0.45;1.1;1.16;0.96;2.56;0.74
200407;-10;-5.92;-5.25;-6.6;-10.57;-9.85;-6.9;-5.99;-3.84;-6.59;-7.54;-4.53;-5.28;-3.62;-6.73;-6.47;-4.67;-4.58;-3.19;-6.53;-6.2;-3.36;-3.11;-2.27;-4.21
200408;-1.56;-2.46;-0.68;-0.16;-1.44;-2.61;-0.71;0.06;-0.36;-1.5;-1.82;-1.78;-0.22;-0.86;-0.75;-1.52;-0.88;-1.13;0.79;-0.05;-2.41;1;-0.25;1.1;1.06
200409;4.16;4.32;3.83;4.29;5.63;4.58;3.45;3.65;6.57;7.93;2.84;2.91;4.57;2.68;5.26;3.6;2.37;3.4;2.11;4.46;-1.89;2.35;1.04;0.45;2.01
200410;1.17;1.24;2.95;1.4;1.86;2.73;2.38;2.36;3.2;0.61;1.55;2.31;1.1;3;2.41;4.11;2.1;1.4;1.58;3.32;3.19;2.99;0.81;1.7;-0.37
200411;9.54;8.42;8.3;9.07;9.34;8.48;8.55;8.85;8.66;9.7;9.05;6.21;6.66;6.7;6.24;7.98;7.07;6.63;5.17;7.01;1.96;3.82;4.61;3.53;4.46
200412;6.97;5.12;2.51;3.15;4.1;4.28;2.46;3.15;2.85;3.31;3.23;3.47;2.8;3.92;4.66;4.06;4.25;5.01;2.94;5.36;4.4;2.92;3.81;3.09;3.44
200501;-4.57;-3.23;-3.07;-2.16;-5.3;-5.55;-2.97;-3.96;-2.87;-3.38;-6.2;-3.74;-1.75;-3.7;-1.34;-4.93;-3.05;-1.4;-1.29;-3.61;-5.34;-2.13;-1.79;-0.98;-4.51
200502;1.16;0.18;0.37;-0.66;0.03;3.57;2.38;2.07;3.52;2.44;1.92;3.32;3.38;1.65;1.58;3.9;2.67;1.78;3.27;2.57;1.42;1.34;3.61;1.82;1.18
200503;-4.63;-2.84;-3.24;-3.4;-4.35;-3.24;-0.17;-0.13;-2.2;-3.95;-1.75;-2.12;-0.7;-2.15;-2.96;-2.18;-1.66;-0.08;-1.96;-0.16;-0.26;-0.37;-1.77;-2.37;-1.62
200504;-8.04;-5.16;-4.8;-7.15;-5.26;-7.59;-5.46;-5.33;-6.61;-6.38;-5.29;-5.45;-2.75;-5.54;-4.69;-5.46;-2.44;-2.91;-3.75;-4.53;-1.33;-1.7;-3;-1.05;-0.69
200505;6.08;4.5;5.58;5.2;5.51;6.59;8.79;6.81;7.25;7.58;7.07;5.01;4.83;7.2;5.04;5.47;6.3;4.79;5.35;7.2;4.68;2.92;3.31;1.98;4.64
200506;4.2;3.9;3.79;4.19;5.13;3.86;3.83;3.68;2.97;4.76;3.04;2.58;1.96;2.86;3.64;1.09;2.76;3.08;1.64;3.4;0.81;0.06;-0.23;-0.44;0.49
200507;7.33;6.41;6.28;6.98;7.83;7.57;7.05;4.67;7.13;7.13;5.78;2.8;5.21;6.57;6.04;3.71;3.93;5.06;6.49;8.11;2.72;3.56;2.79;4.03;3.98
200508;-0.22;-0.71;-0.76;-2.8;-1.75;-1.16;-2.85;-1.13;-0.92;-1.99;-0.67;-1.28;-1.93;-0.25;-1.51;-0.55;-1.3;-0.45;0.02;-1.47;-1.4;-1.02;-1.64;0.4;-1.88
200509;0.52;1.02;0.83;-0.09;0.82;1.25;-0.61;0.72;1.38;0.66;0.75;0.02;-1.15;1.85;1.23;2.46;0.34;0.68;-0.16;2.9;0.32;-0.17;-0.37;1.5;2.03
200510;-4.1;-2.86;-2.25;-1.97;-3.34;-4.94;-2.01;-2.99;-2.3;-3.18;-2.63;-2.79;-2.97;-2.45;-4.33;-2.88;-2.7;-2.76;-3.33;-2.52;-2.49;-1.49;-0.58;-2.27;0.34
200511;4;4.48;4.21;4.43;4.61;5.15;4.06;3.4;4.57;6.09;4.26;4.21;5.43;6.48;6.09;3.8;4.92;4.83;3.99;4.93;2.3;4.96;1.15;4.5;4.7
200512;0.28;0.73;-0.54;-0.71;0.64;0.68;1.58;-0.65;-0.63;-1.48;1.59;-0.01;-0.13;0.63;0.84;1.84;0.04;1.55;1.37;0.62;-0.42;-0.82;0.71;-0.66;0.37
200601;10.22;6.74;9.01;7.35;10.69;8.91;5.38;9.56;10.17;9.14;5.46;6.72;6.45;8.82;6.9;3.83;3.49;5.98;4.65;6.18;4.18;0.75;1.25;2.76;2.73
200602;1.82;0.55;-0.3;1.48;-1.61;1.41;0.57;-0.58;-0.85;-1.46;0.35;0.3;0.12;-1.45;-1.26;0.87;0.68;-0.36;-0.51;-0.39;1.45;0.44;1.77;-0.73;-0.88
200603;5.81;5.65;5.04;4.83;4.38;3.87;4.52;4.8;5.69;4.97;4.95;0.2;2.46;5.84;4.22;2.64;2.18;1.76;2.9;3.62;1.47;1.11;0.11;1.84;1.3
200604;-0.22;0.7;0.5;0.18;-0.68;-0.36;0.56;0.36;2.83;0.72;0.02;1.29;1.08;0.55;-0.22;2.24;-0.42;0.97;1.11;2.08;1.08;0.93;1.14;1.31;1.42
200605;-6.03;-4.18;-3.96;-4.64;-7.89;-6.31;-4.05;-4.61;-5.46;-5.26;-6.11;-1.48;-5.37;-4.04;-5.6;-1.76;-2.85;-3.07;-4.15;-5.08;-2.05;-1.7;-0.38;-2.55;-5.72
200606;-1.47;0.04;1.29;-1.59;-1.13;0.01;0.17;0.11;0.85;-0.05;-0.32;-0.91;-0.95;0.39;-0.08;0.43;-0.68;-1.92;-0.76;0.19;0.93;0.32;0.13;0.05;0.68
200607;-4.48;-2.13;-2.69;-3.5;-4.86;-3.1;-3.85;-1.79;-2.71;-6.1;-3.22;-2.08;-3.21;-3.38;-5.16;-2.69;-4.09;-2.67;-3.35;-4;0.49;0.61;2.16;-1.34;1.42
200608;4.26;2.94;2.59;2.33;2.08;3.98;3.66;4.19;2.28;2.01;3.57;2.49;0.92;2.24;2.65;4.56;1.56;2.28;2.59;-0.01;5.16;2.63;3.04;0.14;0.95
200609;-0.21;0.63;1.55;1.03;0.03;1.22;0.56;0.97;1.73;0.83;2.29;2.83;0.83;0.42;0.03;1.46;3.09;2.53;0.35;2.28;3.61;2.7;1.11;3.42;2.77
200610;6.78;5.6;4.97;6.42;5.69;5.82;4.48;5.67;4.33;6.74;4.25;5.65;3.99;4.18;5.29;5.29;3;3.15;5.21;3.66;2.59;3.46;4.27;1.63;3.96
200611;2.6;1.5;2.21;2.01;2.61;2.92;3.36;3.16;1.34;2.64;2.84;4.23;3.35;4.46;4.69;4.24;3.63;2.37;4.52;4.94;1.61;-0.03;1.81;1.9;3.52
200612;1.52;2.77;1.91;1.77;1.69;-0.54;1.02;1.25;0.75;-1.98;2.19;1.16;-0.16;0.17;-1.05;1.31;1.2;0.65;-0.13;-1.12;2.15;2.77;2.23;0.32;-0.84
200701;2.56;0.64;1.11;0.77;1.15;3.69;1.31;1.49;1.95;1.01;4.03;2.19;2.29;3.7;2.6;3.78;3.34;2.94;3.33;3.26;0.44;2.77;0.5;1.52;3
200702;0.06;-1.69;-0.85;-0.38;-0.8;0.59;-1.18;-0.8;-0.28;-0.2;0.95;0.64;1.41;0.37;0.07;0.68;-0.31;0.68;0.21;-1.18;-2.79;-2.99;-1.98;-1.67;-1.07
200703;1.82;0.54;0.75;1.06;-0.31;-0.08;0.23;2.18;0.56;0.33;2.86;2.31;1.68;1.42;2.34;1.99;0.48;0.96;2.13;0.08;0.43;0.34;1.25;0.59;3.4
200704;2.55;0.27;1.49;0.49;2.12;2.55;1.93;1;0.97;3.36;4.42;4.03;2.8;3.48;3.58;3.13;5.61;4.63;4.77;3.06;5.91;4.1;4.51;3.59;3.08
200705;2.73;2.42;3.32;3.06;2.93;3.01;2.77;3.56;4.08;4.9;4.25;5.59;4.94;5.01;6.21;4.16;4.03;3.22;4.8;4.8;3.4;2.87;2.71;3.15;5.58
200706;-0.3;0.49;0.48;-0.56;-0.48;-3.09;-0.85;-0.7;-2.53;-1.52;-0.11;-0.63;-0.37;-1.16;-1.35;-2.47;-1.67;-2.03;-0.35;-2.77;-1.02;-2.65;-1.81;-1.49;-1.24
200707;-8.25;-6.18;-7.33;-6.46;-5.91;-8;-5.66;-6.52;-7.9;-4.81;-6.79;-5.53;-4.52;-4.87;-3.01;-6.7;-5.76;-5.55;-4.28;-1.75;-2.32;-2.64;-2.01;-3.88;-2.41
200708;-1.35;-0.8;0.75;1.98;-0.29;0.81;1.84;3.13;1.13;1.8;-1.95;-1.03;1.76;1.89;0.49;-0.61;0.28;-0.04;-0.4;0.56;1.06;2.13;1.78;0.93;2.58
200709;-0.23;-0.75;-0.09;1.62;3.55;-1.28;1.52;-0.13;0.92;2.99;2.23;2.55;-0.43;1.59;5.61;1.67;1.8;1.04;2.84;4.18;2.72;3.31;4.45;3.78;5.2
200710;1.31;0.07;0.25;1.11;2.3;3.64;0.57;0.37;2.81;4.03;2.49;0.97;3.14;2.96;3.42;2.33;1.64;0.61;2.1;2.1;3.8;1.29;1.49;1.91;2.57
200711;-11.18;-9.46;-7.18;-6.88;-8.82;-7.6;-7.32;-6.6;-6.64;-7.81;-4.72;-6.47;-4.96;-5.31;-7.35;-5.07;-5.7;-3.88;-5.98;-5.62;-3.63;-4.2;-2.47;-3.96;-5.12
200712;-1.07;-0.63;-1.12;-1.05;-0.21;-0.32;-0.45;-0.84;0.6;0.74;-3.19;0.08;-3.26;-0.17;-0.32;-2.71;-2.56;-0.72;-0.68;-0.21;-0.79;-1.46;0.63;-1.46;0.23
200801;-7.46;-5.28;-4.34;-7.92;-10.19;-5.74;-5.15;-5.92;-5.44;-9.62;-4.41;-5.66;-3.32;-5.61;-8.6;-4.84;-5.21;-5.76;-3.68;-7.66;-4.71;-6.81;-6.79;-3.29;-7.52
200802;-4.7;-3.88;-4.2;-3.55;-4.67;-2.89;-5.1;-2.41;-3.01;-2.83;-1.97;-2.94;-2.94;-1.76;-1.15;-5.4;-3.54;-3.29;-2.93;1.62;-3.14;-3.83;-0.01;-5.06;-3.56
200803;-0.44;0.96;1.76;0.39;-4.62;1.82;2.99;1.16;0.91;-0.82;-1.57;-1.67;-1.68;-0.72;-0.52;-1.07;-3.2;-0.49;-1.8;-2.05;-0.59;-0.18;-0.72;-1.11;-0.02
200804;1.28;0.14;1.54;1.74;3.48;3.32;0.94;3.65;3.6;3.6;8.28;6.12;9.16;8.56;7.93;5.7;5.07;5.04;5.61;7.34;1.22;1.5;5.37;6.46;6.27
200805;4.62;2.19;2.82;3.37;4.11;5.34;4.52;5.61;5.93;6.39;4.45;6.76;3.09;4.93;6.69;3.28;4.55;4.93;3.02;5.38;2.69;0.61;1.84;-1.46;2.22
200806;-8.51;-10.26;-10.57;-9.64;-6.09;-8.1;-10.14;-10.38;-5.71;-6.1;-7.78;-7.74;-10.43;-7.02;-4.97;-11.14;-8.47;-10.84;-7.79;-6.22;-7.49;-8.92;-5.94;-10.1;-9.49
200807;3.56;6.11;8.75;4.69;3.07;7.99;4.94;6.7;3.77;0.97;1.21;3.12;1.08;0.48;-0.11;-1.66;-1.98;0.66;-1.61;-6.74;-4.37;1.01;-1.29;0.5;-3.35
200808;2.35;4.39;4.05;7.66;1.3;4.44;5.85;3.98;8.79;4.74;5.16;3.42;2.05;3.49;3.43;1.18;2.5;3.43;3.03;0.77;3.66;1.87;1.53;0.74;-0.74
200809;-9.4;-4.71;-6.11;-7.18;-11.35;-8.68;-5.49;-3.28;-8.15;-9.36;-8.39;-6.59;-8.02;-14.35;-11.9;-12.02;-13.06;-9.29;-12.11;-16.07;-9.93;-8.18;-7.15;-6.66;-13.64
200810;-23.99;-18.4;-15.51;-19.17;-21.81;-23.52;-20.07;-19.36;-20.02;-22.89;-18.77;-14.89;-18.9;-22.39;-22.65;-20.4;-22.47;-17.67;-20.24;-26.64;-18.61;-12.4;-16.76;-16.13;-16.06
200811;-15.05;-12.95;-12.82;-12.57;-13.4;-13.19;-8.25;-9.34;-13.84;-12.37;-16.55;-6.11;-7.42;-9.97;-11.14;-10.05;-7.87;-9.68;-9.4;-10.71;-9.9;-2.92;-7.3;-7.17;-8.7
200812;1.16;4.07;4;5.18;5.15;4.91;4.73;7.75;5.9;5.71;3.04;2.6;3.37;6.16;6.82;4.8;4.63;4.44;1.45;5.99;-1.05;2.2;1.98;0.17;1.44
200901;-10.31;-12.69;-13.93;-13.81;-8.21;-13.54;-11.68;-12.11;-13.23;-7.07;-6.49;-12.19;-9.73;-8.03;-7.63;-8.66;-7.03;-7;-5.49;-5.6;-6.34;-8.75;-9.88;-8.65;-4.06
200902;-12.65;-12.84;-13.88;-11.8;-12.39;-14.4;-13.79;-10.11;-13.05;-10.77;-10.08;-11.59;-8.83;-8.84;-9.52;-9.35;-11.22;-7.51;-9.29;-9.93;-7.63;-10.83;-11.11;-11.44;-4.55
200903;9.65;8.3;8.97;10.4;11.81;9.87;9.83;8.15;13.21;9.09;12.69;9.98;9.74;9.07;8.44;6.93;8.51;8.06;8.62;10.96;9.97;5.98;7.72;9.65;10.87
200904;21.78;14.98;14.82;15.48;16.85;22.69;10.76;14.84;20.12;15.32;18.37;13.28;14.12;16.98;15.74;12.3;16.21;12.38;13.02;14.11;11.86;6.1;8.64;8.48;10.02
200905;5.35;4.77;4.15;4.36;6.09;3.09;1.85;2.13;1.86;5.26;0.85;1.18;0.06;4.79;3.16;3.05;4.18;2.83;3.7;7.25;5.99;3.89;4.93;5.49;7.98
200906;3.71;4.35;3.4;3.5;6.55;-0.31;2.6;0.79;0.86;3.63;-0.17;0.58;0.36;0.89;1.16;1.13;1.41;1.55;-0.41;-0.41;3.85;1.1;-1.11;-0.43;0.24
200907;14.31;12.35;7.66;6.99;7.93;13.27;11.85;8.86;9.18;8.82;11.74;11.15;10.43;8.58;8.65;13.92;6.1;9.87;7.27;8.5;9.4;6.77;8.12;7.58;6.13
200908;11.27;4.56;4.05;2.55;3.22;9.45;2.14;3.04;3.15;1.53;5.07;4.51;3.63;2.65;1.86;8.65;7.44;5.37;2.02;3.3;5.71;2.74;1.87;2.8;3.48
200909;9.01;7.82;5.27;5.05;5.24;9.18;7.87;3.75;6.15;6.91;5.52;5.21;7.52;7.3;6.2;7.6;6.09;6.39;5.61;7.42;4.11;1.48;6.31;1.6;4.68
200910;-11.28;-7.91;-5.46;-6.87;-8.42;-10.25;-7.95;-6.56;-6.27;-6.89;-8.37;-5.06;-5.48;-6.09;-4.38;-7.3;-4.66;-5.6;-4.27;-3.21;-1.75;-0.48;-2.45;-1.82;-0.98
200911;1.97;2.4;0.73;0;2.3;3.38;1.68;4.26;2.25;2.77;3.6;4.18;5.44;3.44;4.19;5.41;3.01;6.32;4.26;4.87;4.68;5.91;6.82;6.52;5.66
200912;9.03;10.22;7.08;6.58;7.22;11.95;11.08;8.71;7.96;7.95;8.71;7.62;6.69;7.15;6.79;7.79;6.15;4.56;5.05;7.52;1.05;0.14;2.08;1.08;3.39
201001;-1.59;-3.63;-3.83;-2.19;-4.18;-2.04;-3.68;-2.75;-2.59;-3.04;-3.85;-1.6;-3.59;-4.36;-4.09;-6.1;-2.77;-1.91;-3.43;-4.39;-5.75;-1.84;-2.43;-2.67;-5.47
201002;6.46;7.08;5.05;4.62;3.45;4.8;3.67;3.8;4.22;3.37;6.1;5.05;6.11;4.43;5.13;3.78;7.52;6.11;4.06;5.82;4.67;1.76;3.64;3;2.75
201003;10.21;8.33;7.74;7.66;5.98;11.26;7.84;7.99;7.9;7.71;8.12;9.63;8.19;8.33;6.67;8.73;8.16;8.97;6.58;7.58;7.27;4.86;6.1;4.81;6.38
201004;12.32;10.07;9.06;6.96;5.16;5.29;8.11;5.16;5.5;3.85;4.76;3.83;6.7;4.6;3.22;6.04;3.12;6.83;5.1;2.12;2.12;0.65;0.53;1.04;1.25
201005;-9.16;-8.52;-8.43;-6.93;-8.28;-10.97;-9.58;-6.24;-6.95;-6.61;-8.32;-7.05;-6.55;-7.62;-7.54;-6.8;-6.63;-8.59;-6.4;-6.92;-6.95;-7.08;-7.53;-7.74;-9.62
201006;-11.17;-8.27;-7.96;-7.02;-6.86;-9.39;-9.32;-8.71;-7.13;-6.79;-9.65;-6.87;-6.71;-6.91;-6.99;-9.68;-6.96;-7.02;-3.96;-6.7;-7.16;-3.01;-4.03;-4.67;-6.98
201007;7.18;8.4;5.92;5.89;3.41;9.08;6.63;8.59;6.2;5.33;8.83;6.76;8.34;7.67;5.14;8.16;8.28;7.86;7.38;6.23;8.11;7.98;7.19;7.51;5.61
201008;-10.04;-8.75;-9.16;-8.58;-8.12;-10.53;-5.83;-5.55;-6.28;-8.84;-6.67;-8.04;-4.73;-6.84;-5.1;-7.16;-7.42;-5.26;-3.44;-3.72;-5.16;-7.66;-4.11;-3.85;-2.9
201009;14.75;11.15;11.74;9;10.79;14.33;14.7;11.7;11.79;13.95;14.29;13.4;11.16;13.46;11.42;12.6;9.84;11.28;9.54;11.15;9.18;7.61;8.21;8.16;10.43
201010;5.94;5.07;2.93;4.45;6;1.96;4.58;3.1;4.02;3.18;4.37;4.94;3.52;4.53;3.79;4.07;3;2.77;3.7;3.06;5.16;3.6;4.52;4.19;3.16
201011;5.49;2.87;4.09;2.95;2.71;5.61;3.91;4.08;2.99;2.52;3.73;6.02;3.47;2.97;4.1;4.34;2.64;1.91;2.86;3.04;1.42;-0.18;0.9;-0.26;-1.29
201012;10.81;9.8;7.87;8.25;7.45;11.85;7.88;8.72;6.64;7.29;9.23;8.62;6.96;6.92;5.9;10.46;8.67;5.23;6.13;6.34;8.76;9.59;6.17;6.16;4.99
201101;-1;1.02;-2.3;-2.04;-2.37;1.85;1.09;1.51;0.06;0.02;1.93;1.37;1.51;-0.01;2.14;4.02;3.4;1.83;1.5;1.71;1.85;3.07;3.69;1.13;1.6
201102;5.61;5.05;4.97;4.1;2.83;7.9;6.17;5.82;4.95;4.96;6.51;4.81;5.66;6.29;5.29;3.38;2.87;4.64;3.4;4.94;4.82;2.51;3.07;3.34;3.24
201103;2.4;3.14;3.41;1.95;2.12;2.69;2.18;3.89;3.54;1.25;2.12;3.11;4.15;3.38;3.46;0.1;1.96;1.23;1.51;3.63;-0.26;-1.01;0.99;-0.24;-0.46
201104;0.72;0.91;2.02;0.58;2.54;2.15;2.45;1.11;3.16;2.64;4.19;2.72;5.41;2.59;3.09;1.1;3.92;2.95;2.89;2.12;2.23;1.71;3.65;3.93;2.8
201105;-4;-2.05;-1.51;-1.69;-2.08;-3.51;-1.98;-2.45;-0.52;-1.84;-2.62;-0.49;-0.93;-3.04;-1;-2.5;-0.76;0.04;-0.28;0.33;-3.1;-2.55;-1.15;-1.08;-0.6
201106;-4.07;-3.17;-0.42;-1.43;-3.04;-3.02;-0.88;0.02;-0.69;-1.78;-2.83;-1.32;-1.28;-1.75;-1.21;-4.19;-2.72;-1.06;-1.72;-1.98;-3.36;-2.32;-1.34;-0.52;-1.99
201107;-2.56;-2.05;-2.07;-2.99;-3.11;-4.61;-5.09;-5.27;-3.02;-3.86;-5.1;-5.9;-3.3;-3;-4.08;-4.15;-3.53;-4.14;-3.49;-3.3;-4.34;-3.18;-2.13;-2.31;0.84
201108;-12.39;-8.57;-8.99;-9.81;-11.53;-11.54;-8.84;-9.27;-9.47;-9.38;-9.89;-9.03;-7.22;-7.01;-8.62;-11.97;-8.2;-4.11;-7.45;-8.46;-4.48;-5.31;-4.9;-5.41;-5.38
201109;-12.55;-10.12;-8.89;-9.93;-12.05;-12.2;-9.05;-12.3;-11.45;-11.26;-12.8;-11.17;-9.91;-12.79;-11.06;-10.25;-9.7;-8.8;-11.46;-9.86;-5.1;-7.66;-6.97;-7.65;-5.38
201110;13.4;13.37;13.35;13.21;12.34;15.51;15.62;15.13;17.8;15.48;16.23;15.56;15.65;14.55;15.33;12.78;13.97;13.67;16.55;13.62;8.64;10.94;10.79;10.59;10.38
201111;-1.34;-0.67;-0.34;0.08;-3.34;1.82;0.93;0.19;-0.24;-1.94;0.34;0.31;0.71;-0.01;-0.97;-1.21;-0.06;0.29;-0.86;0.74;0.16;-0.02;-0.15;0.47;-1.08
201112;1.52;1.75;2.46;0.5;-0.33;-0.19;0.86;0.71;1.12;-0.33;0.76;0.33;0.63;-0.18;-1.64;0.84;0.49;0.07;-0.34;-2.31;3.98;1.71;1.1;0.62;-0.51
201201;10.85;6.88;6.78;8.01;8.98;7.1;6.07;7.41;5.81;7.27;6.39;4.85;5.51;6.24;7.3;7.56;4.47;3.74;7.27;8.81;2.01;3.68;5.39;5.27;5.17
201202;3.47;0.97;0.86;-0.14;1.18;5.21;3.14;3.07;2.91;3.03;5.53;2.72;3.91;5.02;3.2;7.46;2.51;4.85;4.67;5.47;3.58;5.82;2.96;3.4;5.8
201203;4.74;2.86;3.46;4.68;2.45;2.39;3.43;2.83;1.53;2.51;3.57;1.09;0.81;1.42;0.83;3.18;2.25;1.65;1.33;2.15;3.9;3.9;3.6;1.83;3.79
201204;-2.06;-0.53;-1.73;-1.34;-2.77;-1.94;-2.1;-0.67;-2.55;-1.03;-1;-0.91;0.51;-0.87;-2.35;-2.47;0.66;0.52;-0.09;-1.91;0.09;-0.91;-1.82;-0.49;-0.35
201205;-7.47;-5.11;-5.59;-6.41;-8.42;-5.61;-7.18;-4.63;-6.65;-7.16;-6.24;-6.85;-6.35;-7.08;-7.57;-6.99;-7.24;-7.7;-8.33;-7.91;-3.69;-4.46;-6.11;-6.64;-6.85
201206;6.07;6.12;5.56;5.95;6.26;6.24;3.92;4.37;3.79;6.11;4.99;3.23;2.71;2.96;3.65;4.85;2.08;1.68;1.56;1.15;4.68;4.68;3.72;3.36;4.2
201207;-1.45;-2.72;-0.76;-1.19;-3.68;-3.08;-1.47;0.19;-0.98;-2.6;-1.57;-3.01;0.68;-0.75;-0.39;-1.47;-0.21;-0.59;-0.8;-1.51;0.71;1.41;1.27;1.47;1.52
201208;2.14;3.93;3.41;3.25;2.09;3.68;3.35;0.86;2.62;2.51;5.93;3.63;2.71;3.35;5.33;4.97;3.44;2.33;4.25;4.68;4.21;0.28;1.27;1.39;4.84
201209;4.36;5.85;4.22;4.34;4.09;4.15;3.17;5.06;3.67;4.54;2.38;3.27;2.74;2.18;2.34;3.76;2.53;2.26;1.29;1.81;5.15;3.36;2.44;2.09;1.87
201210;-4.31;-2.31;-2.39;-2.74;-4.2;-2.56;-2.24;-1.29;-1.32;-5.18;0.82;-1.37;-0.56;0.15;-2.17;0.32;-0.21;1.56;-1.8;-1.01;0.37;-1.6;-0.92;-1.36;-5.13
201211;1.27;1.98;0.17;-0.21;-0.64;0.76;1.02;1.19;0.08;-0.07;4.27;2.06;3.18;2.02;1.16;0.29;2.59;0.66;2.46;2.42;0.96;0.69;0.09;-0.03;1.23
201212;3.26;5.41;3.82;3.91;2.06;4.07;3.56;4.3;3.44;2.85;2.08;3.48;2.43;2.42;4.71;3.22;2.08;1.07;2.93;3.51;2.72;0.19;1.11;1.04;-1.02
201301;5.79;4.88;7.24;4.61;6.05;7.98;5.49;6.57;5.71;6.86;6.7;6.94;6.96;6.4;6.15;10.43;6.35;6.76;7.85;6.91;6.71;6.75;5.31;5.63;2.03
201302;1.06;1.23;1.85;-0.47;0.56;0.93;1.41;1.34;0.73;1.72;1.7;1.59;1.45;1.15;1.05;1.97;1.82;1.82;0.64;0.17;1.33;1.28;2.32;1.08;0.37
201303;6.08;5.18;3.06;4.42;6.8;5.69;4.92;4.18;4.03;3.98;3.58;6.54;4.79;5.33;4.48;6.09;5.31;5.19;4.28;3.18;4.58;4.41;4.71;3.72;1.68
201304;1.3;-0.36;1.35;-1.06;-0.65;0.86;-0.79;-2.15;-0.65;-1.01;-0.41;-0.19;0.72;-0.8;-2.29;0.6;1.33;1.16;0;1.57;1.38;1.96;2.58;1.3;2.21
201305;5.86;5.04;7.69;3.91;5.7;6.43;4.99;2.68;6.18;6;3.66;3.95;2.66;4.34;6.59;4.32;3.1;1.43;4.67;3.53;3.53;0.01;2.62;2.48;3.23
201306;1.13;0.3;1.56;-0.58;0.35;-0.03;-0.34;0.64;0.9;0.45;-2.06;-0.65;-0.11;-0.26;-1.24;-2.33;-1.49;-1.84;-1.33;-1.72;-1.77;-2.38;0.1;-0.59;-3.15
201307;9.92;7.49;7.8;7.36;7.2;7.77;7.48;5.71;6.64;6.85;9.58;8.56;7.42;5.39;7.45;7.66;6.4;5.61;6;7.64;4.41;4.88;5.54;3.46;7.97
201308;-2.92;-3.85;-3.67;-4.52;-0.87;-3.5;-4.36;-3.26;-2.68;-0.09;-3.29;-2.63;-3.39;-3.51;-1.71;-1.86;-3.58;-2.79;-2.03;-1.77;-2.9;-3.55;-4.5;-2.02;-0.41
201309;7.36;5.99;6.4;6.36;8.27;6.28;5.07;7.59;5.96;7.35;5.24;5.85;4.8;5.58;6.57;4.68;5.22;5.1;4.44;6.81;2.5;2.77;2.72;3.4;4.26
201310;1.82;2.73;3.07;3.31;-0.77;1.44;4.46;3.97;2.82;-0.36;3.42;2.6;4.92;3.93;3.6;3.14;3.98;4.33;2.43;2.69;6.75;3.7;3.91;4.25;5.46
201311;6.95;5.3;7.6;4.31;4.89;2.87;5.14;4.38;4.91;4.08;4.16;5.19;2.6;2.81;2.3;2.49;2.39;1.81;1.32;0.9;1.69;3.32;3.76;3.08;3.16
201312;2.4;1.05;1.34;1.5;3.19;3.31;1.98;0.7;2.6;2.35;2.62;2.78;3.59;2.78;2.29;3.12;2.88;2.87;3.64;3.19;2.18;2.76;2.1;2.67;3.33
201401;0.02;-3.98;-4.44;-2.98;1.42;-3.34;-5.05;-3.48;-5.24;-0.44;-2.89;0.23;-2.84;-3.56;-2.64;-4.93;-2.85;-3;-2.1;-2.35;-5.69;-4.36;-2.94;-3.79;-2.07
201402;5.43;3.92;3.87;3.82;5.07;4.49;4.02;4.87;3.88;5.73;6.1;5.41;3.37;4.54;7.16;6.22;4.75;5.02;4.89;7.2;3.64;4.8;3.58;4.67;5.08
201403;-0.69;0.18;1.26;2.64;-2.58;-0.48;-0.18;2.22;1.42;-3.31;0.24;-0.14;0.53;-1.19;-3.21;-0.05;1.92;0.41;-0.45;-1.63;1.83;0.79;2.66;2.01;-2.99
201404;-6.35;-3.59;-3.86;-4.04;-7.75;-4.45;-3.75;-3;-2.89;-4.88;-1.65;-2.61;-1.5;-2.6;-4.2;-0.4;0.48;-0.59;-1.54;-3.61;1.65;1.46;0.09;0.53;0.57
201405;-2.5;-0.16;1.02;-0.26;-0.36;1.15;0.66;0.59;0.58;-0.7;0.46;0.82;2.18;2.03;1.37;2.6;0.88;1.98;1.91;3.48;2.36;0.78;1.77;2.41;4.19
201406;5.9;3.05;3.23;3.74;8.68;4.75;6.18;5.33;5.21;8.54;4.55;4.96;2.93;5.25;6.62;4.66;2.73;2.26;4.7;5.4;0.68;0.85;1.21;2.38;3.62
201407;-6.47;-3.86;-5.72;-5.39;-9.78;-3.56;-5.15;-6.07;-5.11;-7.57;-3.19;-4.86;-6;-6.03;-7.2;-3.96;-2.08;-4.16;-2.99;-3.16;-2.17;-2.17;-1.7;-0.44;0.53
201408;3.47;4.21;3.78;4.86;3.16;6.2;3.49;4.42;4.32;6.23;4.1;5.25;4.65;5.19;5.43;4.03;4.54;4.61;5.2;6.67;3.78;3.84;3.89;4.56;3.32
201409;-6.93;-4.88;-5.61;-5.58;-6.29;-7.87;-5.04;-5.16;-4.17;-4.86;-5.14;-4.91;-5.96;-5.48;-5.75;-4.8;-3.33;-4.41;-2.84;-4.22;-0.35;-1.43;-1.39;-1.14;-1.18
201410;3.25;8.33;7.13;5.62;3.83;3.53;7.9;8.13;7.32;5.96;4.05;4.2;5.26;4.75;5.15;1.83;3.5;2.24;1.67;3.3;3.3;2.42;1.44;2.76;-0.02
201411;-0.66;-0.75;0.06;-1.84;-1.6;-1.98;-0.01;0.66;0.14;0.99;2.5;2.81;1.89;0.56;0.33;1.13;3.71;2.61;3.01;1.19;3.68;1.88;2.49;3.81;1.73
201412;3.88;4.65;6.17;4.02;7.38;2.05;2.09;3.07;1.93;2.84;-0.11;1.72;0.24;1.36;1.09;1.11;0.49;1.02;0.26;0.04;0.41;0.68;0.17;-1.07;-3.17
201501;-4.14;-4.24;-4.84;-6.58;-3.65;-3.6;-5.98;-4.34;-4.56;-2.75;-2.93;-2.85;-3.07;-1.84;-2.8;-3.36;-1.33;-2.37;-1.88;-0.98;-5.51;-3.01;-3.33;-3.11;-0.88
201502;4.84;4.83;4.22;6.18;7.28;5.33;4.84;5.85;7.19;7.67;6.74;6.85;6.3;7.1;9.61;6.39;7.14;5.72;7.34;9.18;7.08;4.83;4.84;6.33;7.08
201503;-0.16;0.25;3.2;1.16;2.45;0.54;1.85;2.7;2.03;2.16;1.56;1.14;1.59;0.94;0.74;-0.71;0.05;0.65;-0.04;2.21;-2.15;-1.64;-2.16;-1.66;-1.44
201504;-2.07;-2.44;-1.93;-1.86;-3.2;-2.13;-1.85;-2.36;-2.53;-2.35;-1.47;-2.26;-1.74;-1.19;-1.95;0.85;-1.12;-1.03;-0.9;-0.55;1.65;0.94;0.04;1.73;2.33
201505;0.9;0.44;2.16;1.97;4.94;2.86;1.15;2.45;1.04;4.3;2.45;2.58;1.55;1.79;4.67;0.5;1.14;2.29;1.66;2.66;2.01;1.47;0.66;1.19;-0.11
201506;1.49;2.59;2.8;3.43;3.26;-2.34;1.61;0.74;0.98;1.65;-2.86;-0.8;0.91;0.61;0.02;-2.61;-1.26;-2.1;-1.25;0.04;-1.61;-1.45;-2.3;-2.3;-0.68
201507;-7.92;-5.17;-5.67;-3.29;-4.5;-4.64;-2.85;-1.16;-1.22;-0.61;-5.22;-1.31;-0.87;-0.61;-1.44;0.53;0.83;1.58;2.07;-0.81;1.34;1.54;1.7;2.7;4.82
201508;-3.96;-3.3;-3.65;-3.91;-6.33;-6.3;-4.74;-4.06;-4.98;-9.43;-3.96;-5.58;-6.59;-5.61;-5.4;-3.9;-5.52;-4.58;-5.14;-9.76;-6.76;-5.7;-6.89;-5.37;-6.08
201509;-10.55;-4.89;-3.45;-3.69;-8.57;-7.98;-4.86;-3.58;-3.96;-8.53;-10.23;-5.75;-3.83;-3.93;-5.61;-4.76;-4.04;-1.9;-3.46;-8.14;-3.22;-1.93;-1.67;-3;-2.73
201510;4.07;5.36;7.18;5.29;5.3;6.77;6.55;5.02;5.27;3.97;7.67;5.19;5.77;7.39;4.74;8.04;7.74;8.01;3.74;3.92;8.94;8.26;7.06;7.19;11.77
201511;2.53;1.91;4;1.85;4.59;4.35;3.88;5.32;4.33;5.93;2.75;1.58;0.68;1.9;2;0.02;1.51;0.69;2.12;0.39;-0.24;0.69;-0.86;0.63;1.33
201512;-6.83;-4.39;-3.35;-4.12;-5.21;-5.93;-4.47;-4.49;-5.37;-4.24;-4.94;-5.38;-5.16;-5.27;-5.32;-5.53;-2.94;-2.49;-2.99;-5.31;-1.13;-1.42;-0.9;-3.6;-0.49
201601;-11.8;-6.34;-7.83;-6.2;-15.25;-10.28;-9.05;-6.58;-6.95;-15.92;-9.88;-7.69;-4.52;-6.85;-11.5;-7.04;-7.22;-5.57;-7.01;-11.79;-3.21;-4.52;-5.28;-5;-8.26
201602;0.7;-1.58;0.82;0.06;-2.1;1.81;0.65;0.4;0.47;-0.55;2.51;2.53;2.54;2.2;-1.21;2.31;1.37;2.02;1.59;-2.5;0.18;0.79;0.38;-1.05;-2.77
201603;7.72;7.05;6.09;4.89;7.31;10.29;8.64;7.19;7.49;7.64;11.22;8.98;7.77;6.43;8.17;7.45;8.07;7.24;8.57;10.59;6.98;6.25;6.07;7.68;6.53
201604;5.04;3.53;2.2;0.5;5.13;1.68;2.48;2.21;1.31;3.43;3.75;2.24;1.63;0.07;1.65;0.81;1.23;0.72;1.13;4.71;1.03;1.97;1.6;-2.5;0.52
201605;-2.27;0.76;-0.05;0.32;0.56;2.62;1.7;2.4;1.43;3;-2.34;0.94;1.62;2;2.54;1.04;3.21;3.25;3.23;2.78;0.46;1.35;0.75;2.56;3.84