196307;-0.95;0.3;-1.97;0.83;-2.28;-1.17;-2.04;3.27;1.36;0.15;-0.77;-0.66;0.46;-0.29;2.16;-2.92;0.45;-0.71;1.11;-2.34;2.65;0.68;-0.43;-0.44;1.51
196308;7.75;5.78;4.6;1.31;6.75;8.95;5.64;2.67;4.08;5.45;6.77;4.53;5.2;4.65;4.91;3.77;4.04;6.4;7.32;6.77;5.66;6.33;7.38;4.79;7.12
196309;-0.88;-2.27;-1.54;-2.7;-2.85;0.82;1.4;-3.2;-2.63;-2.81;-1.2;0.03;-2.92;2.52;-1.09;-0.71;-1.99;-2.41;-3.2;-0.82;-5.59;-2.79;-3.16;-0.4;-0.73
196310;2.46;1.42;2.21;-0.71;1.25;1.49;0.32;-2.05;3.37;-2.13;0.35;0.24;1.18;3.14;2.99;4.12;-0.5;1.89;6.83;1.35;2.81;3.55;0.72;5.41;12.76
196311;-1.01;-1.68;3.31;-4.18;0.36;-1.35;-2.57;-1.65;0.11;-1.03;-3.35;-1.02;-0.97;3.29;-0.97;4.69;0;-0.67;1;-2.27;-0.19;-0.46;-2.73;-0.69;-5.39
196312;-0.28;3.59;-0.46;0.68;0.34;0.18;1.9;3.8;4.98;7.47;6.48;2.34;1.55;0.41;1.24;3.21;2.94;2.85;2.68;1.58;-0.27;5.82;0.36;2.84;-0.04
196401;0.86;1.79;1.1;4.82;1.9;5.62;2.12;4.42;5.76;-0.78;0.19;0.42;1.14;3.97;0.02;3.92;1.36;1.29;1.27;-0.73;5.87;2.15;2.32;4.89;0.44
196402;4.75;1.23;3.26;-0.86;1.51;1.14;4.26;2.01;1.63;1.63;-0.15;2.49;2.09;0.03;0.8;3.18;1.55;1.34;0.15;2.79;3.92;0.33;2.07;3.47;1.65
196403;6.03;2.75;3.82;0.45;1.16;6.53;3.61;2.2;1.9;1.57;1.18;1.91;0.25;-0.58;1.92;1.05;2.84;1.4;2.01;2.94;7.83;5.16;0.65;1.76;0.49
196404;-3.29;4.91;18.94;5.53;2.43;-4.18;0.51;3.43;2.51;4.19;-0.75;-0.53;-0.05;1.15;-1.72;-1.75;-0.56;-1.1;-2.77;0.18;-1.03;0.21;-0.48;-2.07;4.21
196405;1.09;3.19;2.17;-2.98;3.45;2.19;1.16;2.78;2.41;3.53;-2.44;1.69;1.14;0.63;0.06;2.22;0.22;-0.05;-0.47;0.29;2.73;1.22;0.65;2.72;3.78
196406;0.9;0.71;0.45;3.94;-1.45;0.07;3.44;0.25;0.62;1.71;4.24;1.7;3.64;4.88;1.57;-1.72;1.93;0.63;2.1;1.67;0;1.76;3.12;0.34;0.99
196407;3;4.11;2.04;-0.27;0.01;0.85;1.64;1.81;4.91;-0.48;3.81;3.76;-0.32;2.15;1.75;3.71;4.9;3.12;2.03;3.15;2.94;-0.09;5.73;-0.48;1.49
196408;-1.84;-0.51;-0.8;-1.63;0.28;-0.38;0.29;-2.1;-3.27;0.51;2.81;-0.2;-1.44;2.14;-1.24;-0.04;1.37;-1.44;-1.64;-2.3;-1.41;-3.14;0.79;-2.88;-1.21
196409;4.71;4.59;-0.31;6.14;7.9;2.73;4.45;2.87;5.14;3.75;0.28;3.45;0.29;3.52;3.52;1.73;0.4;3.69;5.44;3.11;4.09;6.51;3.5;0.45;5.97
196410;1.7;3.9;3.43;0.49;-1.98;2.52;-1.01;3.47;1.93;0.43;2.27;2.07;-1.02;0.49;2.14;0.58;2.04;0.9;2.49;3.37;-0.09;-1.53;0.76;-1.54;0.94
196411;-1.31;-1.19;5.34;0.57;-3.54;1.5;-1.43;1.53;2.31;2.72;0.73;-0.54;-1.41;0.87;0.47;2.79;-0.59;1.49;1.2;1.03;2.06;3.74;-0.79;0.61;-0.55
196412;-1.15;-2.59;2.2;-3.7;-1.73;-2.44;-2.95;-0.4;-0.9;1.15;0;-0.64;2.71;-0.28;1.79;-2.3;0.4;1.36;0.13;0.34;0.77;-1.03;2.76;-0.68;1.34
196501;8.99;5.7;1.36;6.47;10.77;4.09;4.64;-1.73;2.02;2.13;4.26;3.92;1.15;4.5;5.02;5.65;4.58;4.43;4.08;7.47;4.66;4.17;4.63;7.27;6.65
196502;2.32;3.63;2.02;0.55;3.61;2.11;0.92;-3.07;-3.49;2.4;0.77;1.17;1.21;0.21;0.55;3.43;1.59;0.53;1.68;4.22;-0.64;2.53;-0.64;1.67;3.88
196503;1.49;-0.54;-4.29;-1.94;-0.21;-0.06;0.16;-3.05;-1.25;-2.43;0.83;-0.12;-1.37;2.23;-1.88;1.11;-1.56;-1.4;0.35;-0.61;-2.59;-3.46;0.23;-0.42;-3.36
196504;4.91;5.83;0.29;6.6;3.53;4.4;1.59;1.04;2.39;9.51;3.96;0.98;2.64;3.88;3.44;1.09;1.95;2.77;3.63;5.58;1.54;2.77;7.96;3.35;4.62
196505;-2.09;-0.03;1.07;1.06;-3.23;0.64;-0.47;0.03;1.93;-0.81;-1.29;-0.56;1.4;-1.54;1.23;-0.74;-0.51;-1.28;-0.9;-2.03;2.47;0.28;-2.95;-0.11;0.74
196506;-9.06;-8.49;-3.79;-8.58;-11.17;-7.95;-3.3;-1.26;-4.81;-5.1;-5.05;-4.59;-3.94;-6.72;-5.72;-6.24;-4.51;-5.01;-4.73;-8.31;-5.5;-6.89;-5.21;-4.73;-6.81
196507;2.72;5.2;4.21;6.79;6.03;2.03;1.29;3.29;-0.36;3.59;2.62;0.6;3.16;1.65;3.28;0.55;0.71;0.66;1.46;-0.32;1.16;1.61;1.07;1.57;3.5
196508;3.03;-2.05;3.78;6.71;2.6;5.19;4.26;2.81;0.8;4.76;1.72;0.67;3.63;3.36;1.33;4.59;0.97;1.8;2.3;3.96;2.12;2.8;4.77;6.94;6.4
196509;5.83;3.57;2.39;6.03;2.74;2.82;1.58;3.92;1.37;6.17;2.96;5.05;2.42;2.08;2.94;6.79;0.42;3.29;1.74;4.69;4.21;5.5;4.29;3.95;3.35
196510;6.87;2.25;2.16;8.7;5.11;4.26;3.47;3.04;-1.46;3.34;3.92;1.75;0.26;2.28;3.35;0.99;1.51;3.28;3.27;2.38;3.2;6.48;3.09;5.39;4.92
196511;3.34;0.58;2.32;1.17;3.02;-0.98;0.4;0.22;-3.01;1.45;-0.99;-0.98;1.16;1.04;2.47;3.82;1.35;-0.65;3.81;2.19;0.32;-5.22;3.34;0.09;3.83
196512;2.91;2.69;1.67;7.81;5.88;5.21;1.29;1.88;0.18;3.19;1.8;1.69;-0.47;2.94;1.47;-0.86;-0.19;0.92;1.53;3.03;0.02;0.74;0.87;2.43;-0.51
196601;9.37;1.69;0.52;12.07;8.65;7.86;-0.52;5.58;-2.01;2.5;-1.44;-1.51;0.24;0.51;4.89;4.9;0.09;-1.98;2.29;1.17;1;-0.89;3.76;1.52;2.02
196602;0.27;-1.17;-3.39;2.25;6.19;0.32;-2.9;-0.14;0.16;4.86;-1.94;-3.77;-2.8;-2.29;-2.98;-1.29;-2.53;-0.91;-1.47;-1.05;-2.85;-2;-1.34;-2.33;4.12
196603;-0.75;-4.08;-3.77;2.69;-5.58;-2.84;-0.87;-2;-4.99;-4.44;-1.27;-1.47;-2.35;-2.69;-3.1;-1.23;0.05;-3.83;0.94;-1.66;-4.13;-4.71;-0.79;0.81;0.53
196604;3.47;1.25;1.59;5.65;0.81;4.65;0.5;0.78;1.73;0.61;3.61;2.91;3.68;5;4.41;4.69;3.06;1.69;1.95;6.03;-1.06;-3.21;1.81;2.83;6.13
196605;-9.02;-5.72;-6.55;-10.15;-10.48;-10.01;-4.74;-5.42;-3.51;-7.23;-5.05;-5.48;-4.18;-5.37;-7.28;-6.7;-3.88;-4.88;-4.44;-6.02;-4.24;-6.74;-5.53;-3.83;-3.71
196606;0.78;1.65;-4.38;3.58;0.8;-1.01;-1.26;-2.01;-0.36;-0.84;2;-1.41;-1.04;1.06;-1.08;-1.46;0.7;-2.55;0.09;-2.59;-2.12;-1.63;-1.04;-2.51;-0.65
196607;-1.37;-0.54;-1.91;0.08;-3.2;0.56;-0.47;-0.84;-4.11;-2.83;-0.33;-0.23;-0.92;1.12;-3.56;0.39;0.29;-0.02;-2.28;-1.71;-1.99;-0.45;-0.4;-1.28;-3.48
196608;-8.6;-8.09;-8.58;-14.16;-10.47;-7.07;-6.17;-5.97;-3.21;-9.96;-8.11;-6.11;-8.16;-8.01;-6.87;-7.94;-7.64;-6.53;-7.5;-9.01;-6.48;-6.69;-8.42;-7.14;-10.66
196609;-2.48;-1.13;0.83;-3.85;-5.52;-2.14;0.69;3.18;-2.08;-1.26;3.39;2.04;0.46;0.69;-0.75;0.11;3.04;0.12;-5.56;-4.47;2.73;-2.06;-1.29;-1.36;-2.75
196610;0.03;5.45;3.39;1.64;1.46;5.55;9.38;9.84;2.5;4.92;8.52;8.74;6.38;4.49;1.8;2.38;5.52;2.76;1.31;-1.21;5.3;3.93;1.85;1.52;2.35
196611;3.76;-0.36;2.97;2.39;7.22;-2.8;-2.9;-1.13;1.55;3.58;-2.69;-0.7;-2.69;0.04;5.03;3.86;2.45;2.18;3.26;4.82;-1.72;4.37;2.1;3.56;11.35
196612;1.49;-0.89;2.29;3;2.65;1.88;0.43;-0.39;-3.27;3.82;2.46;0.98;3.62;-0.79;-0.13;2.12;0.16;-0.03;3.35;2.14;4.95;2.5;-1.66;0.1;-2.67
196701;15.6;10.41;6.96;14.15;15.83;13.06;5.1;6.27;9.65;11.66;6.26;5.33;7.8;9.05;11.75;6.39;3.9;4.63;10.54;13.08;5.05;7.41;9.33;9.51;8.74
196702;3.03;0.06;-0.91;1.11;2.88;-2.87;-0.86;-0.11;-0.04;2.1;-1.67;-1.64;0.06;0.82;4.66;1.55;0.55;-1.05;2.83;2.04;1.07;2.63;0.43;3.21;2.91
196703;6.37;4.95;3.54;4.35;3.01;2.8;3.74;2.24;4.06;4.63;2.82;4.35;3.15;5.85;4.16;1.41;0.81;5.53;5.25;8.72;4.25;3.58;5.14;5.12;5.23
196704;4.21;0.88;2.59;2.27;6.87;0.66;0.94;1.96;9.38;2.25;2.71;2.06;3.64;2.42;3.17;3.18;1.48;3.37;5.3;5.95;-0.34;4.94;3.32;8.54;7.78
196705;-2.84;-2.07;-1.99;-4.31;0.08;-1.88;-5.05;-2.57;-5.18;-0.82;-3.4;-1.54;-4.47;-2.34;-0.14;-4.08;-4.24;-4.58;-4.22;-5.84;0.43;-2.47;-4.81;-5.94;-6.09
196706;4.19;1.97;4.93;7.46;9.39;3.45;2.38;1.05;0.43;8.72;-0.04;1.22;-0.3;5.75;3.57;2.79;-1.01;0.56;-0.08;4.98;2.4;5.4;1.42;2.06;3.39
196707;8.31;7.8;7.56;7.9;8.95;6.95;-1.91;6.65;5.54;8.69;7.69;3.91;7.16;6.42;3.65;4.3;4.46;10.42;4.63;5.5;9.22;5.12;5.31;1.97;3.55
196708;0.3;-2.11;-1.65;-1.04;0.32;0.56;-1.19;-0.62;-0.54;-1.82;-1.51;-0.1;-1.16;0.29;-1.68;0.94;-0.51;-0.08;-1.85;-1.98;-0.21;-0.48;-0.92;-0.16;-1.32
196709;3.39;3.54;5.89;2.18;9.57;2.16;2.94;1.52;5.66;0.52;1.63;3.31;1.52;1.55;0.12;5.81;0.95;2.91;2.63;3.17;4.1;-0.14;2.76;5.49;5.24
196710;-4.12;-3.3;-1.54;-6.72;-2.04;-8.17;-2.28;-4.81;-1.51;-6.36;-5.78;-5.16;-2.93;-0.53;-3.71;1.16;-4.84;-3.77;-5.09;-0.63;-5.32;-7.59;-3.21;-3.24;4.5
196711;-1.61;-1.33;2.16;0.21;-1.2;-0.27;-0.12;2.63;-0.7;3.15;-0.13;2.13;1.38;0.64;6.25;1.54;-0.99;-0.33;-1.31;1.47;-1.27;-0.04;2.31;0.66;1.87
196712;5.9;2.49;4.94;8.84;6.36;1.49;1.47;2.23;5.15;4.5;3.46;5.11;3.96;2.81;0.95;7.98;5.48;-0.33;4.25;2.37;1.9;6.51;2.4;2.17;3.27
196801;2.77;3.29;-3.62;-0.28;-4.33;1.71;1.92;-4.86;-4.69;-9.66;-2.01;-4.09;-2.35;-2.54;-9.58;-8.71;-2.23;-4.21;-5.93;-7.12;-2.79;2.34;-5.79;-6.42;-8.48
196802;-3.01;-4.71;-2.27;-5.73;-3.16;-1.56;-1.69;-1.99;-4.31;-8.28;0.09;-2.09;-4.28;-2.64;-2.82;-2.57;-2.76;-3.02;-4.88;-3.51;-2.49;-5.18;-2.61;-3.34;-3.88
196803;-0.15;0.88;0.45;-2.36;1.93;-2.24;-0.48;0.15;-2.92;1.49;-0.86;-1.05;-0.14;0.85;-1.48;-1.05;-2.98;0.54;-1.34;2.61;-1.19;4.14;2.68;1.83;4.44
196804;12.09;8.52;7.8;9.91;17.17;7.84;2.19;7.72;7.94;9.9;7;8.49;6;10.58;12.72;8.31;6.67;9.16;12.54;14.4;8.81;11.72;10.01;12.43;11.61
196805;6.29;2.98;0.27;9.13;4.37;1.57;-0.95;-0.5;3.88;3.47;1.91;1.06;1.89;3.8;-0.34;2.59;-0.23;-1.07;5.85;5.8;-0.01;2.38;1.84;2.18;5.14
196806;1.58;4.99;2.7;0.9;2.39;1.11;3.42;1.57;0.51;-1.67;4.5;1.8;4.17;0.44;-3.03;-0.32;3.92;0.73;-0.26;-2.65;0.71;2.75;-0.71;-0.86;-0.45
196807;-2.46;-3.6;-4.17;0.12;-7.23;0.49;1.32;-2.92;1.54;-0.35;-3.68;-4.92;6.19;-1.32;-3.7;-1.83;-1.9;-2.53;-3.64;-3.41;-1.84;-4.61;-7.05;-4.12;-5.9
196808;2.93;5.19;0.76;3.72;1.05;4.73;1.75;3.4;3.2;0.63;2.15;-0.25;1.37;1.39;2.92;1.95;0;0.06;1.33;2.34;0.8;1.74;1.77;0.82;2.54
196809;9.81;6.91;6.24;5.33;4.94;6.99;3.82;3.54;6.15;5.18;6.41;5.43;0.53;6.48;6.93;6.72;0.65;5.17;4.08;5.96;5.2;4.62;1.3;2.3;2.98
196810;2.17;0.1;-0.46;5.89;2.27;-0.25;2.49;4.93;1.26;2.21;3.94;0.52;2.11;1.2;0.16;-0.1;-0.11;1.88;1.31;0.52;5.25;-0.08;1.79;-4.89;-1.57
196811;4.6;7.73;7.58;5.57;9.19;3.31;6.14;3.35;7.59;3.69;8.31;4.15;5.71;5.18;4.12;2.85;8.81;5.75;6.36;8.89;-2.45;4.82;6.77;9.22;6.53
196812;0.32;-1.57;-1.05;-3.28;-3.12;-2.21;-4.75;-1.39;-5.1;-3.93;-2.23;-3.49;-4.2;-1.57;-4.35;-2.44;-5.87;-4.49;-4.27;-2.26;-2.6;-2.53;-5.1;-5.17;-4.29
196901;-0.56;1.93;1.62;-1.79;-1.7;-0.98;0.55;0.79;0.97;-2.18;-2.8;1.36;1.47;-0.21;-1.82;-2.21;-0.01;-0.2;-0.28;-3.27;-0.04;-4.74;-0.86;-3.46;-2.74
196902;-6.64;-8.87;-9.32;-5.08;-11.9;-7.67;-4.47;-6.94;-7.17;-3.74;-6.65;-4.06;-3.75;-5.02;-7.93;-3.49;-4.73;-4.6;-4.67;-6.5;-2.35;-4.98;-3.49;-3.19;-6.41
196903;1.94;3.25;1.91;8.87;1.8;2.32;1.79;2.35;7.61;5.54;-0.63;3.69;4.36;4.24;4.07;0.41;0.32;3.08;2.42;1.41;3.95;2.28;5.03;4.97;1.05
196904;2.19;4.56;2.41;1.14;0.68;0.31;4.78;-0.18;1.17;-0.58;2.25;3.76;0.41;1.21;-0.63;-1.21;3.49;3.17;1.09;0.97;-0.42;1.21;2.95;3.23;4.47
196905;-1.03;1.27;-0.46;2.83;-4.59;0.3;1.62;0.5;1.78;-0.99;-2.17;-0.12;1.02;-0.18;0.73;-1.85;0.17;-0.07;0.87;-0.79;1.71;1.68;3.1;-1.04;-0.7
196906;-9.42;-12.03;-11.28;-9.4;-9.86;-10.45;-5.68;-7.62;-10.97;-10.01;-10.11;-5.17;-7.6;-7.9;-7.94;-6.74;-1.7;-5.08;-5.9;-8.05;-5.11;-8.97;-4.85;1.6;-5.87
196907;-8.55;-10.03;-9.59;-9.39;-7.43;-6.31;-5.2;-7.3;-8.59;-11.12;-4.04;-4.32;-7.33;-6.71;-7.86;-6.91;-4.77;-7.26;-5.2;-8.82;-4.57;-6.56;-3.63;-3.87;-8.43
196908;3.07;4.14;3.88;7.26;5.35;4.62;3;6.99;3.23;9.92;4.28;2.68;6.13;3.92;9.55;4.67;1.69;4.45;4.94;7.54;3.13;2.19;5.32;7.11;9.38
196909;-1.68;-5.61;-5.44;-2.73;-0.15;-5.58;-4.07;-3.62;-4.9;-0.01;-3.2;-3.3;-3.55;-4.91;-5.48;-1.91;0.89;-2.3;-0.09;-3.31;-2.89;-1.26;1.64;-1.1;-1.31
196910;6.5;4.78;5.98;5.5;10.47;5.25;4.71;4.69;2.69;7.1;4.23;6.37;2.22;3.04;5.22;6.42;5.51;8.05;7.4;5.09;5.81;3.76;6.11;6.13;8.73
196911;-4.99;-5.68;-4.4;-1.04;-5.08;-5.97;-0.79;-5.27;-2.89;0.39;-3.56;-5.08;-3.81;-3.84;-4.07;-0.09;-3.42;-4.06;-3.99;-4.78;-6.42;-2.95;-1.9;-1.46;-2.41
196912;-5.57;-1.61;-0.77;-1.95;-1.5;-3.83;-4.5;-1.18;-4.33;-2.49;-3.53;-3.1;0.18;0.2;-4.09;-2.73;-1.15;-1.55;-2.68;-4.22;-2.85;-1.69;-0.53;1.97;-3.57
197001;-4.58;-7.04;-9.48;-6.34;-5.38;-6.47;-3.89;-8.37;-11.96;-11.49;-8.14;-2.68;-9.06;-11.89;-10.55;-9.02;-4.12;-7.3;-5.97;-14;-7.06;-7.61;-7.38;-7.85;-9.09
197002;7.88;5.05;8.7;7.68;5.99;6.09;8.27;9.83;8.11;11.35;7.78;6.98;3;6.57;2.85;4.96;3.15;7.99;3.51;3.36;10.47;6.99;2.93;3.37;3.26
197003;0.4;-1.19;-0.97;-2.43;-2.05;0.66;1.35;1.59;-0.79;-6.47;1.32;0.84;1.6;-0.13;-4.14;-0.81;1.36;0.25;-0.74;-5.05;0.51;3.6;-2.79;-1.72;-2.84
197004;-14.12;-8.61;-7.65;-13.22;-14.83;-8.46;-8.6;-8.48;-10.3;-19.23;-7.26;-8.95;-7.65;-12.06;-17.48;-8.17;-7.96;-11.16;-10.19;-15.33;-10.24;-4.88;-9.78;-11.19;-16
197005;-9.25;-2.03;-4.5;-8.27;-12.21;-2.14;-4.98;-5.04;-5.22;-9.37;-8.09;-5.44;-1.8;-3.33;-8.63;-4.24;-5.26;-7.74;-8.98;-7.9;-3.63;-4.27;-5.69;-8.04;-12.27
197006;-9.86;-6.4;-2.5;-2.74;-6.6;-7.21;-7.91;-3.87;-0.45;-14.3;-2.57;-3.18;-4.31;-5.12;-7.89;0.57;0.08;-3.14;-5.05;-6.89;-4.32;-2.35;-5.77;-6.89;-8.67
197007;7.07;8.91;6.62;7.66;5.86;10.38;10.46;8.84;8.61;1.43;9.51;10.53;10.26;6.2;8.61;9.86;8.76;6.87;6.01;7.21;9.17;7.93;2.06;7.61;4.84
197008;4.26;5.65;5.84;5.21;3.82;3.88;4.06;3.63;5.13;4.15;3.55;7.05;3.19;5.96;6.01;4.62;4.72;3.97;4.19;7.31;7.69;7.33;3.75;5.59;7.65
197009;8.88;2.6;12.39;7.01;11.82;3.22;5.9;0.63;1.45;10.33;2.78;2.49;0.37;2.69;7.24;5.71;1.18;1.28;5.29;9.65;1.33;0.05;7.16;5.99;11.55
197010;-4.16;0.5;-5.74;-6.38;-3.92;-4.31;-1.51;-1.61;-3.78;-8.78;0.48;1.08;-2.73;-2.18;-4.91;-0.07;-1.82;-0.39;-2.49;-1.49;-5.56;-1.41;0.14;-0.46;-2.65
197011;2.37;5.34;2.09;1.69;0.73;3.24;7.94;4.3;5.46;2.78;4.03;5.65;6.11;4.82;8.05;4.64;5.76;3.7;4.13;2.99;7.06;7.1;5.2;4.37;4.43
197012;7.93;6.86;7.86;9.2;5.91;7.46;3.34;5.75;7.52;5.89;9.2;5.22;6.95;9.28;4.63;6.85;4.37;6.88;8.67;7.5;8.27;5.36;6.44;6.56;3.66
197101;9.34;2.68;7.57;9.18;10.03;5.8;3.69;8.09;2.32;5.64;4.89;-1.03;8.3;7.29;9.38;4.88;5.54;3.07;3.06;8.2;11.06;3.74;2.33;4.93;8.28
197102;1.45;2.17;4.13;5.68;-0.02;2.95;1.5;0.53;2.61;1.31;0.97;3.97;-3.57;0.79;0.45;5.37;0.64;1.85;4.65;4;2.42;0.64;2.02;3.68;2.49
197103;5.19;1.83;4.75;3.6;7.43;3.06;3.57;2.69;6.42;8.13;1.32;3.42;1.67;3.37;7.47;3.69;4.27;4.29;5.14;6.69;4.77;2.45;6;5.75;7.62
197104;5.32;6.49;5.14;5.43;6.17;-1.52;5.03;3.47;0.76;0.44;3.21;1.54;1.07;3.66;7.02;7.8;2.62;-0.31;3.52;5.17;6.49;6.31;2.44;3.57;4.18
197105;-3.29;-5.9;-2.77;-4.42;-5.4;-4.29;-3.54;-4.17;-6.58;-5.35;-2.66;-3.14;-5.1;-3.99;-0.28;-3.77;-2.55;-2.28;-3.61;-2.44;0;-3.82;-4.29;-2.28;-2.69
197106;-1.95;-0.15;-3.74;-2.02;-1.63;2.27;-0.28;-0.3;1.54;-0.55;-0.17;0.48;2.59;0.58;1.08;1.42;1.91;1.31;0.05;1.63;-0.01;-2.87;-1.09;2.48;2.27
197107;-8.4;-3.88;-2.29;-9.31;-5.11;-3.21;-3;-3.6;-5.99;-4.57;-7.47;-5.33;-2;-4.25;-6.78;-8.12;-5.29;-1.14;-2.85;-4.16;-4.09;-4.08;-2.59;-5.67;-5.71
197108;7.66;10.01;4.49;6.06;3.12;7.72;6.31;-1.04;3.82;5.93;11.1;5.67;0.59;0.12;4.77;6.09;7.53;4.47;3.39;4.11;5.46;3.55;6.22;5.24;3.27
197109;-2.89;-1.43;-1.92;-5.02;-0.38;-0.44;-1.07;-1.66;-1.03;-0.49;-1.16;-3.31;-0.07;-0.24;-0.97;-0.85;0.53;-1.3;-0.95;0.03;-3.84;1;1.11;0.3;0.59
197110;-7.47;-6.84;-4.28;-5.7;-6.26;-5.41;-4.07;-3.13;-2.41;-2.88;-5.03;-8.83;-4.08;-1.56;-5.5;-4.56;-4.71;-3.63;-2.68;-4.6;-2.94;-4.86;-3.77;-1.54;-5.11
197111;-2.77;-3.22;-1.47;-3.07;-4.65;0.96;-0.45;-0.08;-1.56;-1.52;-1.47;-2.91;-0.3;0.34;-1.46;1.75;-0.38;-1.54;0.46;1.67;2.34;0.85;1.84;1.29;0.7
197112;13.2;10.05;9.25;10.31;14.15;5.04;8.41;9.75;8.08;9.89;9.52;11.89;8.84;8.51;11.27;8.78;6.7;8.43;9.37;9.58;5.06;9.48;9.8;9.79;10.28
197201;12.79;4.79;3.45;2.89;4.2;0.94;1.41;0.37;4.56;3.57;4.48;0.6;-0.18;0.66;3.87;6.46;1.1;2.07;-1.3;2.66;6.89;4.46;3.04;5.11;4.6
197202;2.93;2.23;2.19;2.96;2.67;0.25;2.07;0.59;2.08;1.36;3.94;3.18;5.52;0.04;4.16;3.12;2.02;2.17;4.44;6.31;6.19;2.92;5.96;2.38;5.16
197203;0.55;0.03;-0.05;-2.83;-1.37;3.9;-0.15;-3.27;-0.29;1.53;-1.63;-1.18;-1.12;-0.89;0.16;-4.09;4.77;2.32;1.33;2.03;-0.43;-0.29;3.36;1.93;0.23
197204;1.25;0.34;3.34;1.89;0.48;-2.61;1.21;0.68;-1.71;2.99;1.64;0.2;-0.49;-0.97;0.36;3.26;0.96;1.01;1.74;1.45;-4.2;-1.02;1.21;1.12;0.59
197205;-1.72;-2.78;0.13;-1.16;0.89;-3.23;-0.33;2.92;-1.15;1.2;1.76;-0.56;3.42;2.35;0.22;2.73;0.5;0.48;0.67;3.75;-0.14;3.89;2.9;3.03;4.38
197206;-2.43;-6.31;-2.36;-9;-4.34;-1.52;-1.27;-3.52;-4.71;-2.53;-3.94;-4.79;-3.62;-2.06;-2.85;-3.18;-2.51;-3.55;0.13;0.37;-4.83;-1.19;1.84;-1.36;-2.04
197207;-3.72;-2.99;-6.78;-4.31;-6.34;-0.68;0.54;-4.21;-2.84;0.02;-5.1;-2.45;-0.54;0.13;-2.8;1.66;2.38;1.06;-0.65;0.33;-5.34;-1.38;0.94;1.95;0
197208;5.92;7.5;6.07;2.93;3.98;3.81;7.03;1.76;8.35;2.21;2.75;4.46;1;4.69;2.95;7.19;6.47;6.66;4.66;1.34;2.9;6.84;-0.99;2.25;1.15
197209;-3.72;-3.45;-5.34;-3.26;-3.42;-2.18;-2.52;-1.99;1.18;-1.46;-2.71;-3.27;0.16;2.97;-3.32;-3.7;1.78;-0.42;-0.86;-0.02;-6.29;-1.74;0.37;-0.53;-0.21
197210;-0.68;-0.12;1.24;1.13;-2.15;-0.34;2.15;2.31;1.79;1.09;-0.55;1.97;1.28;1.96;3.6;-0.78;2.3;2.24;0.78;2.69;-0.48;2.13;0.93;-0.71;-0.49
197211;9.61;10.73;5.44;3.66;6.56;8.65;8.19;5.73;5.81;7.24;7.74;9.21;4.87;7.08;1.32;6.25;2.96;6.52;4.79;0.54;6.11;4.88;2.93;2.54;3.97
197212;-2.06;-3.24;-2.29;-4.5;-0.87;-1.99;0.4;-3.34;-1.67;2.52;-0.36;-0.44;1.04;2.41;-0.06;-2.48;1.06;0.8;2.72;3.46;-3.47;-0.71;4.44;2.99;0.95
197301;-4.56;-3.19;-4.77;-6.27;-5.12;-7.36;-1.68;-5.19;3.76;-5.7;-7.64;-4.9;-3.07;-2.01;-9.24;-3.75;0.21;0.75;-3.66;-4.13;-2.29;-5.99;-4.61;0.87;-3.17
197302;-4.16;-6.07;-0.74;-7.23;-1.4;-5.05;-5.2;-4.95;-7.71;-6.84;-7.94;-5.7;-3.19;-4.48;-0.27;-3.94;-2.57;-5.76;-2.71;-3.02;-9.17;-7.45;-4.53;-1.29;-4.63
197303;-0.4;2.56;1.09;-0.07;-1.63;-0.79;0.68;-1.54;2.43;-2.57;-1.13;-2.71;-4.27;-0.58;-3.1;-2.87;2.49;1.61;-0.94;-2.49;-5.08;-2.98;-0.07;0.3;-0.99
197304;-6.77;-4.37;-5.87;-5.94;-6.05;-3.42;-3.05;-6.84;-1.12;-6.48;-5.54;-2.04;-5.33;0.04;-4.22;-4.01;-4.44;-1.28;-5.69;-6.48;-2.61;-1.68;-5.32;-6.03;-6.98
197305;-5.64;-2.81;-9.41;-9.62;-6.39;-2.95;-0.75;-3;-7.5;-1.15;-6.9;-4.05;-1.02;-0.83;-2.47;-4.82;0.82;-1.96;1.43;-1.27;-7.52;-6.22;-1.88;-0.85;-1.35
197306;-3.06;-1.88;-1.27;-1.58;-1.44;-4.17;-0.79;0.53;-0.84;-4.2;-7.05;-2.23;-2.95;-0.81;-0.01;-3.83;-1.77;1.39;0.37;-4.94;-4.01;-1.99;-0.3;0.24;-0.82
197307;8.08;9.61;8.75;7.27;8;10.28;2.97;2.13;2.75;12.27;5.46;10.37;1.66;6.25;10.49;5.21;10.03;5.8;7.15;11.41;4.51;1.13;5.23;2.61;11.85
197308;1.65;-0.62;0.27;-1.55;-3.08;1.59;-3.64;-6.15;-1.41;-5.44;-0.98;-0.78;-3.55;-2.7;-1.54;-3;-4.06;-4.57;-3.93;-3.9;-3.91;-4.07;-1.7;-3;-4.27
197309;10.58;11.29;8.59;6.61;6.03;9.71;6.88;7.21;7.07;5.82;10.22;9.75;7.67;8.21;13.51;9.01;9.01;7.87;3.19;4.57;5.56;7.8;7.27;-3.99;8.06
197310;5.14;1.67;0.39;-1.68;0.51;3.64;1.92;-1.73;0.17;-2.6;6.62;0.82;-2.48;-3.12;0.48;-1.58;2.22;-2.01;0.98;1.92;-3.46;2.67;-1.92;1.23;-4.38
197311;-9.16;-13.29;-11.46;-10.74;-10.8;-15.37;-11.54;-12.69;-13.92;-22.79;-11.57;-13.57;-7.3;-15.53;-14.13;-10.81;-18.24;-12.12;-13.59;-11.71;-18.06;-9.27;-13.27;-10.19;-18.07
197312;6.75;6.05;3.19;3.07;3.74;7.16;3.94;5.32;-1.49;4.2;5.73;0.87;4.65;-1.24;3.53;2.11;5.03;-0.06;0.12;0.39;-2.27;3.75;-0.49;-3.44;-0.37
197401;2.6;4.41;2.26;4.17;-0.38;5.3;-0.06;-1.08;4.04;5.45;-5.65;3.76;1.41;4.02;1.47;0.39;2.44;-0.26;-1.6;-3.05;9.68;-4.24;0.34;-1.64;0.89
197402;4.23;1.88;-1.33;-0.02;-0.75;1.58;0.71;-1.8;3.44;1.84;5.77;1.94;3;0.57;-0.13;-0.73;4.64;-2.39;-0.96;-1.4;0.07;-1.13;0.14;-1.95;-0.28
197403;-4.39;-3.75;-6.01;-4.66;-2.9;-1.18;-5.43;-1.59;-6.88;-2.92;-3.87;-1.55;-3.41;-1.42;-4.7;1.29;-1.57;-2.33;-1.21;-1.92;-0.66;-1.39;-0.45;-0.54;-2.88
197404;-2.71;-6.14;-11.12;-9.48;-6.37;-4.6;-5.34;-4.65;-11.81;-6.14;-4.4;-2.2;-5.34;-6.03;-7.43;-3.8;-0.72;-3.3;-1.88;-3.82;-3.82;-3.12;-4.26;-3.84;-4.58
197405;-9.41;-6.35;-10.69;-9.85;-8.9;-6.28;-8.26;-5.78;-6.55;-8.84;-5.09;-3.28;-2.26;-6.01;-8.14;-5.61;-1.64;-1.18;-1.71;-1.79;0.92;-4.32;0.17;-0.43;-5.58
197406;2.35;-0.37;-3.51;-6.82;-7.41;0.55;-2.89;-2.5;-3.96;-7.75;-0.19;-1.2;-0.37;-4.87;-5.92;-2;-0.36;-0.92;-2.96;-4.41;-3.05;-0.66;-1.07;-0.75;-4.86
197407;-3.48;-7.03;-2.08;-5.98;-6.5;1.05;-2.5;-11.89;-4.94;-7.69;-6.33;-3.93;-5.22;-5.34;-10.93;-5.72;-5.94;-8.46;-7.94;-7.89;-1.7;-8.86;-8.67;-8.39;-11.84
197408;-8.08;-8.88;-7.94;-8.54;-9.57;-4.92;-9.2;-9.81;-9.98;-12.38;-5.11;-6.73;-4.74;-11.79;-9.72;-4.24;-10.47;-11.53;-11.13;-10.48;-7.95;-5.81;-7.54;-9.36;-8.93
197409;-8.29;-3.82;-3.59;-6.83;-10.9;-7.14;-8.44;-10.08;-5.67;-14.13;-11.13;-7.38;-5.26;-7.44;-13.62;-7.38;-6.06;-10.62;-11.74;-14.97;-6.14;-14.68;-13.04;-14.88;-18.22
197410;18.03;23.22;11.75;11.48;21.4;7.31;16.84;10.53;14.41;12.8;26.35;15.59;16.66;18.47;22.3;15.36;11.12;17.73;20.75;24.03;12.48;17.08;13.43;18.91;18.15
197411;-2.55;1.86;-1.24;-1.36;-5.49;-0.81;-0.94;-5.61;-2.5;-3.67;-0.28;-1.83;-3.98;-4.41;-5.08;-2.08;-2.57;-3.2;-5.01;-3.16;-3.09;-4.12;-5.34;-5.71;-6.71
197412;-3.41;-1.85;-3.92;-2.83;-4.57;-4.46;-0.64;-1.35;-5.13;-7.54;0.96;-0.55;0.12;-1.07;-2.61;-2.92;-1.54;-2.21;-4.51;-5.49;-0.48;-1.77;-2.54;-2.27;-9.28
197501;16.32;6.57;25.24;23.45;21.93;16.86;17.46;18.99;18.49;21.42;11.52;10.33;9.87;17.5;15.89;20.33;23.18;10.45;10.37;14.67;14.37;10.59;14.93;11.44;20.13
197502;5.14;2.98;1.06;3.3;7.53;4.62;3.06;3.24;6.28;5.36;0.84;2.38;4.54;1.77;0.46;2.74;4.68;6.42;8.94;6.52;5.28;9.84;7.34;11.53;7.35
197503;3.11;2.24;0.6;4.96;3.36;2.93;6.52;5.98;2.56;6.21;6.75;5.59;-1.81;6.12;8.44;5.67;6.37;4.4;3.24;4.99;6.48;2.19;0.73;2.12;4.7
197504;3.77;2.4;3.27;3.48;4.05;7.41;1.89;-1.07;4.19;9.17;3.85;7.92;1.56;5.37;7.6;4.21;4.35;3.65;4.78;7.39;8.54;-1.22;4.53;8.34;7.76
197505;4.82;8.92;6.8;10.36;6.48;4.08;3.42;9.43;5.61;2.88;13.36;2.77;5.73;5.97;5.43;2.21;4.01;2.98;2.95;5.35;6.45;11.43;5;6.83;4.43
197506;5.38;5.8;11.37;10.43;6.53;5.74;6.75;7.72;9.32;9.11;6.02;5.5;5.26;5.69;7.37;4.82;6.63;6.88;5.77;4.52;7.14;5.8;3.56;2.75;1.81
197507;-4.96;-8.42;-4.24;-4;-1.07;-5.17;-4.05;-9.25;-5.14;-7.01;2.86;-4.35;-4.2;-7.88;-4.73;-5.89;-6.9;-8.05;-8.14;-6.14;-2.64;-6.95;-8.46;-4.59;-6.56
197508;-5.58;-5.38;-3.25;-1.24;-5.48;-3.65;-1.6;-0.55;-3.24;-1.86;-2.82;-1.75;-2.1;-3.23;-5.78;-3.57;-2.59;-2.89;-2.22;-3.17;-2.99;-3.08;-1.14;-1.25;-1.36
197509;-6.91;-3.41;-3.53;-2.14;-2.97;-4.28;-4.78;-4.16;-4.27;-3.08;-0.17;-3.48;-1.54;-5.16;-2.49;-2.89;-2.86;-4.02;-4.43;-9.8;-4.65;-1.73;-1.07;-4.38;-2.86
197510;4.45;7.2;5.06;7.57;-0.18;7.39;8.36;8.5;6.29;3.9;8.82;4.77;6.52;7.62;5.37;8.56;8.56;7.26;7.94;6.5;4.08;9.4;7.66;3.22;2.22
197511;1.65;5.34;5.38;4.73;0.94;3.37;6.23;4.55;3.32;2.46;3.46;3.88;4.06;1.51;2.84;2.46;5.71;1.34;3.09;2.29;1.2;5.89;6.75;1.48;0.2
197512;-1.01;-0.79;-0.79;-0.82;0.25;-0.87;-0.97;-4.03;1.57;-0.99;0.99;0;0.82;-0.71;-2.48;-0.59;-0.76;-1.5;-2.3;-1.42;-0.6;-6.24;-2.07;-0.41;-0.62
197601;19.91;12.42;14.29;11.1;9.7;16.13;16.23;9.71;16.6;13.41;12.22;12.09;11.09;10.81;14.37;25.17;9.77;12.81;9.98;15.31;19.29;15.74;13.61;11.95;11.41
197602;6.75;4.12;3.39;-0.61;0.28;4.38;5.04;-0.23;3.67;1.38;4.6;2.16;2.78;-3.55;-1.38;6.06;-0.49;-1.55;-1.77;0.19;10.49;-1.09;-0.58;1.47;-1.3
197603;2.74;3.63;4.94;1.55;5.9;1.71;3.42;3.27;2.47;5.43;5.23;-0.08;1.13;3.68;3.23;3.79;5.06;2.35;2.75;-0.33;5;1.16;2.95;0.31;3.79
197604;-4.03;-3.11;1.1;1.56;-0.08;-1.47;-1.63;-3.43;-2.76;1.02;0.53;-0.38;1.1;-1.39;0.8;-1.43;-5.19;-0.34;-1.59;0.15;-3.79;-0.4;-2.86;0.48;-0.99
197605;-2.53;-2.53;-2.31;-2.92;-1.19;-1.31;-4.43;-3.32;-2.31;0.9;-2.38;-0.74;-2.38;-0.81;-1.19;0.77;-4.12;-1.83;-1.95;0.93;1.07;-0.11;1.06;0.78;0.67
197606;8.63;6.79;2.78;5.22;4.23;6.11;5.83;2.83;5.46;5.4;0.83;6.29;3.52;5.46;4.82;7.63;2.18;5.84;3.19;3;7.46;7.65;6.38;3.87;4.64
197607;0.82;-1.18;-0.44;1.45;1.18;0.93;-1.3;-0.68;-0.07;1.55;0.05;-1.48;-0.24;0.4;-0.47;0.2;0.33;-0.3;-2.04;-1.67;-1.47;-1.45;1.74;-1.23;-2.42
197608;-2.97;-1.91;0.5;4.16;-0.6;-2;-1.1;0.36;1.27;2.09;-4.03;-1.58;0.79;2.07;-1.08;0.77;-0.78;0.44;0.08;-1.61;-2.92;-2.58;0.7;-0.04;-2.07
197609;0.07;2.52;2.2;0.12;5.11;0.13;3.32;2.64;2.55;3.09;1.58;2.38;2.29;2.21;3.76;-0.58;2.06;3.78;-0.2;3.01;4.51;0.69;4.11;3.12;2.89
197610;-3.9;-6.54;-4.75;0.44;-0.05;-3.73;-2.58;-1.65;-1.47;-0.45;-1.47;-1.84;-2.21;0.18;-2.99;-0.55;-3.18;-1.38;-1.75;-2.81;-3.1;-4.56;-2.77;-3.03;-2.3
197611;3.15;3;4.37;3.4;1.89;3.7;0.23;2.13;1.79;2.34;2.99;0.26;4.53;0.22;-0.57;2.64;1.8;0;-1.67;-0.46;1.85;-0.7;1.19;-0.2;0.08
197612;10.71;7.63;7.22;3.62;4;7.91;7.99;7.16;6.91;2.2;8.93;7.75;5.89;5.45;6.82;10.45;6.72;7.38;4.3;3.47;9.55;8.69;6.67;5.87;5.33
197701;-0.31;-1.29;-2.66;-6.46;-5.37;-0.47;-0.49;-2.88;-1.4;-7.12;-1.09;-3.25;-1.78;-2.22;-4.33;-0.81;-3.02;-5.53;-7.18;-6.77;1.91;-0.24;-0.6;-4.01;-5.91
197702;-2.76;-3.37;0.44;-1.13;-1.33;-2.47;-2.82;-1.21;-3.81;-1.87;-2.17;-1.89;-1.21;0.45;-1.95;-0.12;-1.09;-2.47;-1.59;-2.61;-2.32;-3.43;-2.12;-0.65;-2.59
197703;-0.92;1.15;1.09;-0.79;0.56;-1.38;-1.75;-0.25;-0.15;-2.85;1.37;0.04;-0.93;-1.43;1.5;-0.01;-1.05;-2.57;-2.68;-3.09;1.42;-0.27;-0.23;-1.23;0.04
197704;2.51;1.22;3.24;1.56;6.21;1.48;1.85;1.85;3.21;-2.94;-0.49;0.11;1.31;0.63;-1.05;4.12;0.92;2.18;-2.68;-0.57;1.76;1.27;1.42;-2.98;1.27
197705;-2.41;-0.39;-2.06;-0.63;-1.64;-0.51;-2.17;-1.07;0.04;-1.07;-0.71;-1.01;-0.54;0.3;0.13;0.59;0.88;-1.01;-2.38;-2.43;1.08;-2.56;0.62;-2.49;-0.83
197706;4.39;5.65;3.44;6.17;4.05;4.03;6.08;3.69;3.36;9.21;4.18;3.31;4.66;2.56;4.5;6.8;4.39;4.49;6.1;5.26;7.09;6.4;4.76;7.11;6.33
197707;-1.54;-2.55;-5.06;-2.06;-2.93;-1.93;1.33;0.56;-1.41;-0.26;-0.49;0.63;-1.22;-0.91;-0.9;-0.25;-0.41;-1.44;-0.67;-3.66;-1.92;-1.53;-1.79;-1.21;-1.05
197708;-1.76;-0.06;-2.11;-1.55;-2.46;-1.24;-4.03;-3.38;-0.47;-1.33;0.7;-1.52;-1.87;-1.38;0.08;-2.7;-1.12;0.3;0.86;-0.11;-2.83;-1.34;-3.1;-0.95;-2.41
197709;-1.93;-1.21;-3.37;-1.84;-0.37;-1.3;0.5;1.49;-0.16;0.6;-1.77;-0.31;2.55;0.16;0.44;1.59;0.72;-0.85;0.91;-1.43;1.47;0.81;0.06;-0.01;0.85
197710;-3.44;-4.65;-3.28;-2.53;-5.19;-4.1;-2.94;-3.43;-5.74;-4;-3.03;-3.48;-4.77;-2.66;-5.47;-3.17;-4.36;-5.26;-3.02;-3.78;-4.39;-4.61;-2.75;-3.93;-3.39
197711;9.9;4.67;4.77;5.1;5.68;9.61;3.3;4.43;5.6;5.86;5.72;5.53;3.26;5.51;6.19;7.71;6.12;4.21;3.61;3.92;9.29;4.4;2.21;3.08;6.72
197712;1.22;-1.34;1.19;-0.32;-1.28;1.71;0.73;-0.05;-0.49;1;0.91;0.89;1.86;0.51;0.76;1.41;0.37;-0.36;2.09;-1.55;1.89;0.86;1.15;1.44;0.86
197801;-2.74;-5.21;-4.67;-4.03;-6.92;-4.18;-4.75;-3.83;-4.46;-7.02;-2.85;-4.99;-4.45;-5.47;-6.45;-2.97;-6.04;-6.79;-7.27;-7.13;-4.37;-3.81;-5.35;-5.62;-7.05
197802;1.85;-2.6;0.15;-1.97;-2.2;0.74;-0.74;-0.38;-1.6;-0.26;2.23;-1.73;2.58;-1.81;-1.14;2.77;0.37;-2.38;-1.65;-2.44;2.66;-1.4;-0.84;-2.04;-0.85
197803;8.87;1.13;4.08;2.89;4.48;8.57;3.35;3.56;3.27;4.18;4.33;3.26;3.31;5.91;4.9;9.21;5.42;2.95;3.67;4.05;9.45;3.8;2.84;0.5;4.14
197804;9.17;8.57;10.81;5.63;9.21;8.54;4.24;5.61;6.71;7.25;7.49;6.87;4.55;7.29;11.59;6.62;8.86;12.26;10.61;11.19;10.04;11.59;4.43;10.92;9.44
197805;7.79;0.94;5.59;1.9;1.99;4.41;0.33;2.1;4.42;2.5;4.32;2.27;0.76;2.47;2.06;5.1;3.14;3.32;1.87;2.71;10.06;4.87;1.51;-0.01;4.14
197806;0.38;-2.1;-1.04;-0.71;0.04;-1.54;-0.26;-0.63;-0.82;0.66;-1.08;-0.67;-1.7;-0.18;0.44;0.56;-1.06;-1.46;0.03;-1.36;-1.54;-1.17;-3.56;-2.04;-1.79
197807;6.44;6.18;3.25;2.22;7.05;5.27;4.91;6.69;5.23;9.8;5.63;4.63;2.7;5.88;5.71;2.74;7.28;6.9;5.14;5.62;9.51;7.85;5.21;5.17;6.79
197808;6.82;2.41;2.83;3.4;5.34;4.24;3.56;5.19;1.5;6.12;5.07;3.37;3.81;3.89;4.07;4.59;4.04;3.82;4.91;5.53;8.59;5.16;2.62;4.57;6.7
197809;0.2;-0.18;-1.13;-1.16;1.48;-0.7;1.66;-2.26;-1.71;-3.28;-0.61;-0.99;0.1;-0.82;-1.6;1.55;-0.77;-0.84;-0.98;-1.95;-1.25;-1.83;-0.15;0.37;-2.75
197810;-18.55;-11.9;-10.16;-11.25;-15.46;-13.55;-10.84;-12.41;-11.66;-11.27;-15.6;-10.93;-8.21;-11.62;-11.16;-14.77;-8.88;-10.24;-11.17;-13.72;-17.9;-7.05;-8.32;-11.17;-18.32
197811;2.99;2.85;3.28;3.07;4.97;4.65;3.49;3.31;4.64;5.54;4.59;0.91;3.22;2.45;6.91;3;5.38;3.81;1.5;1.84;5.52;3.66;1.61;3.61;5.18
197812;2.14;-1.44;-2.68;-1.33;2.24;2.02;0.13;1.75;0.61;1.47;1.5;-0.23;-0.15;3;4.13;0.29;1.29;1.91;0.63;0.84;1.37;5.86;2.29;3.4;2.18
197901;10.53;9.02;9.11;9.04;8.14;7.9;6.14;5.09;4.69;5.11;5.27;7.91;4.52;3.49;2.87;7.84;3.43;2.56;4.26;5.8;7.11;3.83;4.32;2.12;5.55
197902;-3.27;-2.37;-2.86;-2.36;-0.5;-1.58;-2.27;-4.6;-3.7;-5.03;-3.24;-2.58;-2.29;-2.81;-2.6;-3.26;-2.62;-3.11;-3;-4.95;-2.7;-2.25;-3.72;-3.08;-3.88
197903;11.01;6.51;5.5;4.61;7.24;6.55;7.27;4.64;5.54;8.26;9.04;5.61;2.99;6.64;8.02;10.43;6.82;5.37;5.86;7.64;10.54;5.98;4.77;7.1;10.39
197904;1.3;-1.45;-0.14;-2.89;-0.84;0.89;2.04;-2;-2.46;-0.65;2.71;0.49;-1.16;0.72;2.95;1.27;-0.42;0.97;2.98;1.55;0.43;0.01;2.17;2.69;1.98
197905;-1.83;0.44;-1.99;1.26;0.89;-0.44;-2.02;-1.11;-0.09;0.22;-2.22;0.31;-1.25;-1.17;-1.52;0.11;-2.99;-2.01;-2.43;-0.89;-2.31;-2.25;-2.15;-1.62;-0.72
197906;5.64;6.7;4.64;4.17;5.11;4.17;6.13;6.57;5.26;8.17;5.97;4.13;2.91;7.3;6.07;5.84;2.77;3.64;5.31;6.73;4.89;1.39;4.87;4.27;5.03
197907;2.64;2.7;1.57;0.13;2.65;4.33;-0.03;3.9;-0.09;0.07;2.64;1.17;1.08;2.79;2.8;7.09;3.26;3.62;1.14;2.22;1.45;-1.82;0.27;2.19;1.6
197908;7.01;3.46;5.8;4.57;7.38;5.01;2.78;5.59;5.98;8.38;8.11;8.89;7.58;6.41;10.64;6.9;4.6;7.18;7.55;8.8;8.69;4.8;6.35;6.6;8.53
197909;0.46;-2.43;-2.69;-2.75;-1.67;-1.56;-1.18;0.34;1.34;0.13;1.98;0.85;-1.4;1.06;-1.28;2.1;1.38;1.27;-1.66;0.21;-0.68;1.76;1;-2.44;0.72
197910;-10.41;-7.76;-8.4;-7.56;-7.78;-8.78;-5.74;-7.69;-9.44;-9.74;-6.18;-5.37;-7.26;-7.49;-7.75;-7.61;-4.46;-7.87;-7.82;-7.62;-7.44;-4.48;-8.81;-6.77;-8.03
197911;9.4;5.03;7.66;4.64;9.68;4.59;3.97;6.72;8.73;8.42;6.53;6.7;5.4;6.86;9.59;6.95;3.06;5.57;5.57;7.89;12.7;6.79;2.92;5.53;10.9
197912;9.24;0.01;0.73;-1.05;9.25;3.45;-0.77;3.12;5.37;5.97;1.27;3.01;3.46;2.36;5.15;5.57;0.28;3.83;1.78;5.6;11.47;1.06;2.21;2.17;4.46
198001;11.58;5.02;7.9;0.81;12.91;5.29;2.71;4.38;2.08;7.1;6.45;10.32;5.22;5.88;10.91;8.17;7.8;8.06;3.18;7.15;8.09;8.75;6.39;3.17;4.94
198002;-0.36;0.86;-4.32;-1.69;-4.36;-4.25;1.06;4.76;-2.83;-1.61;5.97;1.46;-3.96;-3.13;-2.03;-4.62;0.59;-1.76;-4.94;-1.65;2;6.52;-3.15;-3.59;-1.78
198003;-18.49;-12.43;-12.29;-6.58;-16.11;-10.22;-7.68;-12.25;-9.27;-17.04;-15.49;-13.66;-8.87;-9.44;-13.24;-14.06;-9.22;-9.94;-6.44;-12.76;-18.56;-14.06;-10.88;-8.22;-13.94
198004;6.15;6.51;9.53;6.75;3.57;4.79;7.49;5.83;7.7;5.33;6.8;4.5;5.52;6.54;2.98;6.11;3.61;3.19;5.54;5.81;4.08;3.18;1.9;4.24;5.08
198005;5.84;7.41;5.82;6.31;6.89;8.45;4.5;5.79;6.16;7.89;6.76;5.71;8.5;5.16;5.08;7.56;7.42;6.39;5.04;6.84;8.33;2.64;4.49;6.78;8.27
198006;4.15;3.35;3.53;6.27;3.68;0.9;0.83;4.14;4.69;6.49;1.24;2.43;1.95;5.28;4.06;2.05;3.24;1.76;2.41;5.3;3.03;5.04;4.33;1.88;4.42
198007;7.92;4.16;-0.54;3.25;3.51;10.39;3;5.46;6.2;13.09;7.16;4.34;7.02;8.81;5.57;10.13;7.35;7.35;6.95;10.84;9.4;5.21;6.19;7.05;14.13
198008;2.52;0.11;-1.33;0.24;2.1;0.95;3.05;1.73;1.79;4.73;6.26;0.54;1.36;5.45;5.52;1.98;3.87;0.65;1.06;1.92;4.11;7.9;1.87;2.12;3.84
198009;1.53;1.06;-0.88;1.78;4.32;1.82;0.42;3.66;1.26;2.03;2.31;3.49;0.71;3.29;8.78;-0.71;2.81;5.36;4.58;6.48;3;7.19;1.79;1.55;6.73
198010;0.02;2.81;-0.76;-2.6;2.54;1.27;-1.93;1.7;0.75;4.07;2.1;3.5;0.52;2.2;2.04;-3.26;3.16;4.28;3.75;-0.13;2.52;6.82;-1.07;5.24;4.02
198011;4.88;6.03;0.93;5.43;6.68;3.83;2.76;10.95;4.64;11.43;10.97;13.93;14.09;13.16;20.35;0.13;10.11;10.32;15.52;14.4;5.48;18.63;10.37;11.53;14.76
198012;-2.15;-1.26;0.11;-0.54;-5.61;-3.03;-0.4;-1.31;1.17;-2.66;1.3;-5.52;-3.07;-2.53;-3.23;1.5;-4.28;-1.64;-6.35;-4.99;-2.52;-8.42;-2.93;-3.65;-3.18
198101;0.93;1.53;1.86;-3.09;-4.11;-0.7;3.41;-2.96;-1.99;-4.6;-6.51;-3.62;-4.3;-5.87;-9.45;0.95;-1.42;-5.45;-4.97;-7.67;-0.63;-9.61;-3.51;-6.2;-8.29
198102;2.68;-1.18;0.73;0.79;-1.09;0.9;1.87;1.31;1.48;2.57;1.14;3.44;2.5;2.88;0.26;7.01;8.77;2.88;3.92;0.74;3.69;2.14;4.38;-1.69;-0.63
198103;14.34;6.4;6.45;8.09;5.64;10.6;3.18;7.01;8.64;9.98;7.26;2.21;3.64;6.51;2.22;4.93;2.17;3.19;6.84;5.91;3.39;3.98;1.69;-1.46;7.37
198104;-0.11;0.59;0.4;-1.88;-0.33;-2.34;3.41;-3.22;3.89;2.18;-2.6;1.87;-2.43;2.2;-5.43;2.03;-2.17;-1.98;-7.15;0.05;2.24;0.23;-2.6;-2.25;0.65
198105;1.48;1.89;3.42;1.71;2.38;0.63;4.26;1.41;1.98;3.67;1.09;-1.69;-1.33;1.77;3.88;2.7;-1.31;0.34;-0.26;1.95;3.41;0.98;0.7;-0.89;3.98
198106;-1.67;-0.57;1.15;-0.83;-3.96;0.67;0.2;1.94;0.89;-4.96;-2.48;-1.15;0.4;-1.37;-0.89;-4.04;0.57;-1.72;0.02;-3.99;0.37;0.02;1.49;1.2;-5.39
198107;-4.15;-1.4;-1.23;-3.58;0.07;-3.14;-1.49;-2.38;-1.27;0.18;-3.7;-5.19;-0.87;0.12;3.63;-1.48;-0.97;-0.84;0.09;3.74;1.26;-1.43;-1.29;5.19;-0.38
198108;-8.33;-7.26;-2.48;-4.5;-9.53;-6.88;-4.71;-5.07;-8.94;-9.35;-7.07;-4.12;-2.62;-3.93;-5.93;-4.17;-5.62;-6.02;-5.87;-7.8;-5.55;-2.35;-5.28;-6.44;-8.27
198109;-6.8;-5.43;-3.41;-1.56;-11.16;-5.64;-4.65;-4.63;-4.69;-6.85;-3.27;-5.99;-0.57;-8.11;-8.74;-5.7;-2.99;-3.73;-4.7;-10.51;-5.46;-3.78;-6.47;-7.59;-8.7
198110;3.36;-2.94;3.89;6.78;8.69;8.98;4.02;6.38;7.79;6.25;2.87;4.63;3.25;2.82;10.29;12.24;7.94;5.42;6.02;11.26;3.86;0.99;8.87;6.64;11.21
198111;2.18;5.01;6.61;6.67;5.37;4.26;6.01;4.52;5.19;4.88;5.83;3.06;3.9;3.47;4.43;6.84;2.03;5.13;4.16;3.83;3.99;5.56;4.18;5.4;1.87
198112;-1.69;-1.18;-3.96;-4.26;-4.17;-1.39;-2.11;-2.44;-3.44;-5.89;-0.84;-0.88;-1.19;-1.47;-4.12;1.42;-1.09;-3.6;-3.42;-4.57;-3.37;0.73;-1.82;-4.99;-4.08
198201;-0.44;-0.68;-0.35;2.3;-5.51;-3.68;0.16;-1.56;-1.39;-2.66;-1.52;-2.17;-0.49;-2.07;-7.94;-3.73;-5.3;-2.24;-0.88;-7.5;-4.99;5.27;-2.62;-4.8;-2.89
198202;-1.8;-1.97;3.27;0.02;-8.01;-2.67;-0.99;-1.53;-4.21;-3.38;-2.87;-2.03;-4.8;-6.1;-8.08;-5.19;-7.05;-5.05;-5.56;-9.74;-4.7;-1.78;-2.75;-6.37;-9.47
198203;0.29;3.13;0.19;1.71;-3.25;0.19;0.04;0.66;0.13;-1.87;-1.09;-0.88;1.84;-2.94;-3.17;0.58;2.29;1.6;-0.84;-6.09;-1.43;-1.81;-1.52;-1.39;-2.11
198204;5.23;4.19;3.02;3.36;4.29;7.07;5.09;4.23;3.25;5.73;6.77;6.09;-0.71;4.65;3.4;7.59;4.37;3.63;3.75;6.51;4.97;5.48;5.59;5.75;7.5
198205;-2.57;-1.25;-1.68;-5.94;-6.92;-6.25;-1.7;-3.28;-6.9;-3.28;-3.19;-2.91;-3.11;-2.58;0.03;-2.67;-1.7;-3.52;-1.49;-4.82;-5.35;-2.01;-2.97;-1.83;-3.24
198206;2.05;-0.25;-1.5;-2.28;-4.64;-2.48;-1.45;-1.62;-3.22;-4.25;-0.23;0.55;-2.08;-1.2;-7.22;-4.69;-0.52;3.34;-1.79;-5.21;-2.82;-2.47;-0.37;-2.36;-3.43
198207;-2.95;-0.95;-4.77;-1.15;-4.02;-1.02;0.08;-0.81;-2.68;-6.42;-3.08;-4.11;-1.53;-2.25;-3.57;-0.73;-2.58;-1.15;-2.44;-3.39;-1.27;2.55;2.78;-2.71;-5.42
198208;13.31;13.6;11.7;12.46;13.37;13.85;12.93;14.76;14.99;17.13;12.17;11.81;11.94;6.99;14.98;10.16;12.03;8.91;13.37;11.38;10.9;7.11;10.1;9.69;10.14
198209;-0.41;0.71;0.99;0.83;-0.59;0.82;3.26;0.59;1.51;-1.02;2.63;3.19;0.63;0.83;1.39;3.45;2.55;2.6;1.24;2.96;0.99;4.64;3.37;2.94;2.47
198210;18.33;13.94;9.81;8.56;18.24;15.44;12.82;9.4;13.13;13.38;13.47;8.47;7.79;12.4;15.19;10.89;9.89;11.07;9.69;15.77;16.29;16.98;9.86;11.28;15.58
198211;6.55;5.66;6.98;6.96;8.98;8.3;6.12;3.11;5.08;8.29;7.66;2.22;2.59;6.05;6.26;8.68;4.31;5.05;2.93;6.61;8.73;5.99;6.1;3.97;7.54
198212;6.74;1.83;0.59;2.29;-1.42;0.19;1.14;1.96;2.31;-1.46;-1;3.64;0.03;0.22;-3.76;-2.19;1.13;-2.24;3.49;-1.98;-0.29;-0.75;6.35;0.87;2.59
198301;5.39;4.35;3.25;5.36;4.65;3.74;4.08;4.27;1.68;9.79;4.16;2.41;8.35;2.77;5.52;5.66;1.12;1.92;3.99;5.11;14.81;1.66;1.85;2.49;3.76
198302;2.22;5.18;7.09;5.28;3.32;4.54;3.89;5.11;3.28;0.13;4.76;5.26;0.65;5.61;4.28;4.29;1.33;4.38;1.73;3.57;-0.05;3.59;2.47;4.18;3.53
198303;7.81;3.91;4.13;1.2;5.97;5.18;5.81;2.03;2.15;4.27;2.97;5.12;2.71;3.15;3.28;2.11;6.12;2.77;2.09;2.23;5.64;7;3.48;5;2.72
198304;10.2;7.1;6.11;6.02;12.1;8.98;6.24;6.1;8.12;3.45;8.39;6.5;8.59;6.06;6.15;9.95;6.71;5.6;6.77;6.13;3.09;8.1;10.15;6.51;7.02
198305;3.99;2.34;0.83;4.32;2.37;0.62;0.61;2.87;-0.43;4.82;4.37;-0.9;-1.64;2.15;5.32;-1.67;-2.2;-1.29;-0.96;1.36;2.86;-2.49;-1.66;0.84;5.89
198306;7;0.51;-1.41;2.24;4.06;4.14;1.11;-0.55;2.87;4.33;0.08;2.7;2.12;4.89;3.83;4.95;1.64;2.88;8.87;6.94;0.36;1.26;6.23;3.94;4.72
198307;-2.38;-3.8;-1.16;-3.93;-5;1.22;-3.15;-0.01;-3.76;-2.91;-3.67;0.94;-2.5;-4.9;-6.29;-4.97;-1.26;-4.31;-2.72;-6;-1.54;-2.13;-4.35;-2.86;-5
198308;-0.78;0.5;4.55;-1.54;-1.56;-0.47;2.4;-3.67;1.36;-0.44;-1.13;3.32;2.9;1.67;-3.49;-0.35;1.49;1.92;-0.07;-1.18;-0.69;4.93;-0.11;-0.32;-2.15
198309;-0.61;0.08;-1.29;4.61;2.13;3.63;0.93;1.28;4;2.23;2.83;0.77;2.15;-0.65;2.72;4.47;2.3;1.92;2.34;1.18;4.55;0.92;1.69;3.97;-0.58
198310;-4.44;-4.1;-5.15;-0.97;-3.37;-1.77;-1.58;2.98;0.79;-3.72;-3.73;0.85;-1.97;-5.52;-7.42;-2.97;-0.75;-0.96;-2.72;-5.25;-0.11;0.25;-1.87;-1.11;-6.35
198311;6.62;9.55;5.9;0.16;1.44;2.36;2.65;3.14;1.87;0.39;6.22;2.54;1.29;3.41;4.76;5.65;1.18;4.37;2.2;5.95;4.22;3.8;5.5;-1.96;2.79
198312;0.52;-2.47;-2.04;-3.5;-4.12;0.89;-0.26;-4.58;-3.59;-0.58;-1.95;-0.81;-0.38;-2.35;-2.05;0.22;-0.15;-0.54;-0.86;-0.43;1.48;-1.99;2.75;1.19;-1.37
198401;-0.49;-4.1;-0.86;-1.31;-0.37;-3.16;1.75;-0.44;-3.05;-4;-0.78;1.29;2.19;0.05;-6.01;-0.79;1.55;2.04;-1.63;-4.23;-1.02;-3.75;4.47;-3.78;-3.42
198402;-6.3;-4.51;-3.12;-3.71;-6.22;-8.77;-0.06;-5.17;-4.42;-4.47;-6.57;-4.63;-2.88;-4.94;-7.22;1.44;1.62;-2.65;-2.87;-6.17;-4.59;-3.53;-3.07;-2.9;-6.36
198403;3.31;5.23;4.61;1.27;1.04;3.92;-0.29;1.55;1.39;1.42;1.98;2.08;-2.29;2.75;2.39;0.12;2.6;1.08;-0.69;0.44;2.61;0.37;0.78;3.04;0.54
198404;-3.8;-2.42;-6.41;-3.34;-4.85;-1.41;1.38;2.16;-2.44;-1.49;-1.62;5.13;1.9;-0.57;-0.01;1.69;1.45;1.08;1.75;-0.59;-2.24;2.63;1.92;0.78;2.03
198405;-9.84;-9.29;-6.36;-5.75;-6.5;-5.55;-5.82;-6.61;-1.57;-5.05;-3.6;-6.1;-5.73;-5.86;-6.96;-6.94;-4.45;-1.96;-3.85;-4.37;-2.68;-4.08;-5.35;-5.13;-4.31
198406;0.76;-0.5;0.06;0.15;-2.71;1.03;1.5;3.79;4.92;-2.32;3.46;2.7;7.08;2.63;3.79;2.49;1.12;3.25;1.68;6.24;5.75;2.62;2.99;2.2;3.82
198407;-9.4;-4.28;-3.44;-4.41;-4.68;-3.31;-2.59;1.02;-1.04;-3.13;-3.95;-3.3;-2.16;0.02;-4.38;-4.39;-3.3;-1.66;-1.28;-4.11;-5.4;-2.51;0.13;2.68;-1.51
198408;13.42;13.13;12.18;13.43;12.65;11.21;11.31;10.17;10.9;14.36;12.31;8.73;10.98;11.02;15.07;16.27;12.18;9.72;9.1;12.5;12.6;11.99;9.85;10.81;12.18
198409;-2.37;-2.15;1.86;0.26;-2.69;-1.19;-1.85;2.98;1.59;-1.46;-0.45;0.92;1.58;0.92;-3.76;1.43;3.67;0.33;-0.28;-2.48;3.68;0.22;0.61;0.21;-3.16
198410;-4.2;-1.25;-0.48;0.35;-0.8;0.33;-0.18;2.13;5.04;-1.67;-0.57;-2.55;-0.26;0.03;-1.21;1.54;-0.76;1.43;0.8;0.09;0.47;0.25;2.38;1.41;-1.13
198411;-2.41;-0.78;1.1;1.02;-3.74;-0.97;-0.41;2.15;0.52;-2.76;-0.27;0.98;0.24;-0.09;-4.11;-0.05;0.54;-2.05;-0.85;-3.01;-1.95;-0.11;-0.53;-2.14;-3.37
198412;-3.52;2.21;2.8;5.13;2.19;2.2;2.26;1.8;4.36;2.43;1.98;1.39;1.29;2.89;3.65;-0.14;3.63;2.27;3.84;3.3;1.14;3.54;4.03;2.47;1.82
198501;11.33;9.21;6.86;12.56;12.56;10.13;7.24;5.09;6.35;13.67;6.71;4.93;5.98;8.22;13.12;6.59;6.04;9.24;7.08;10.44;6.77;5.26;6.97;9.93;13.68
198502;1.81;0.42;2.06;1.89;0.61;1.7;0.38;0.65;0.41;-0.3;1.48;3.12;1.23;1.09;1.87;6.54;2.15;2.85;3.04;0.95;3.82;3.56;2.48;0.43;2.6
198503;-1.04;-0.95;-0.3;-0.31;-1.57;-0.67;0.61;0.65;0.4;-4.03;1.53;0.83;1.12;2.74;-2.22;2.81;3.69;-0.55;1.12;-4.28;3.3;2.36;-0.15;-3.04;-0.73
198504;-1.23;-2.82;-0.96;1.32;-3.3;-1.2;0.58;1.05;0.13;-1.31;-2.57;0.03;4.84;-1.37;-1.98;-2.42;2.06;-0.45;-1.06;-1.61;-1.15;-0.34;-0.71;-1.04;-0.1
198505;1.34;4.03;5.18;9.36;7.25;4.34;3.54;4.91;6.63;6.92;4.99;5.3;7.01;7.67;5.72;2.69;6.69;5.58;7.02;5.49;9.34;4.31;6.43;5.89;6.92
198506;0.68;0.01;1.36;4.8;0.46;0.65;1.03;3.33;2.12;1;3.44;3.43;2.14;2.88;2.4;0.69;-0.05;0.78;3.87;3.5;2.88;0.71;2.94;-0.65;3.28
198507;3.54;2.85;0.39;-1.59;1.6;0.1;1.99;1.15;-1.85;-1.52;-1.31;-2.49;1.39;-1.41;1.88;-2.58;-1.2;-1.18;0.02;1.65;-1.44;-1.35;-1.56;1.5;-1.23
198508;-0.84;-0.57;-1.31;-1.51;-0.74;0.62;0.61;1.17;1.11;-1.83;-0.21;0.47;-1.5;-1.03;-3.74;0.74;1.08;0.27;-1.29;-1.34;0.25;0.77;-0.2;-1.33;-1.45
198509;-5.09;-5.38;-3.03;-7.77;-8.83;-6.1;-3.72;-6.06;-6.04;-2.74;-1.66;1.3;-4.56;-5.18;-5.24;0.49;-2.35;-2.86;-2.8;-6.81;-2.07;-4.21;-2.21;-3.68;-6.12
198510;0.33;2.32;7.66;8.04;2.39;2.58;4.5;6.81;5.23;5.06;3.25;4.05;5.15;2.54;4.65;0.91;5.2;4.76;4.62;2.97;4.21;6.62;4.95;5.3;5.04
198511;6.53;7.6;8.19;7.36;7.62;4.08;6.69;6.78;6.26;6.06;9.48;5.9;8.7;7.09;8.96;5.95;3.68;8.22;6.36;5.72;6.39;4.03;7.25;8.44;9.1
198512;3.83;3.53;2.66;5.18;1.83;2.5;3.36;4.03;5.19;5.48;3.8;4.77;6.71;4.57;3.09;4.64;2.94;4.72;2.25;3;4.38;2.09;4.84;7.82;4.74
198601;3.62;4.93;5.47;7.34;3.58;-4.61;2.7;3.9;2.5;2.37;-7.85;1.9;-1.03;2.42;0.8;1.13;-2.08;1.07;1.23;1.86;1.75;-1.46;0.87;0.07;2.57
198602;6.99;7.61;6.87;7.07;6.53;4.47;7.04;7.86;9.04;8.91;8.65;6.18;8.89;6.88;7.42;11.76;5.61;9.9;8.34;7.69;7.52;6.93;9.79;5.73;10.53
198603;5.2;5.31;6.85;6.19;4.14;2.54;5.51;4.62;3.44;2.52;3.58;3.68;3.59;5.96;4.7;6.93;6.62;8.38;6.6;3.49;7.95;3.36;5.34;5.72;7.25
198604;-2.11;-4.01;-8.07;-4.59;-2.34;-0.48;-2.36;-3.2;-1.54;-2.49;2.34;-1.81;-0.07;-3.19;-0.22;1.52;1.13;-2.17;0.24;0.25;0.25;-0.4;-0.66;0.52;0.56
198605;2.52;5.35;3.63;3.13;3.07;2.49;7.16;4.25;2.95;4.98;4.89;4.66;4.32;5.06;3.57;7.13;5.92;6.73;4.87;5.25;10.14;5.7;5.96;3.52;7.31
198606;0.95;0.31;0.28;2.9;-3.2;-1.98;0.25;1.09;3.7;-1.51;0.73;2.67;3.25;1.1;-3.59;4.95;2.58;3.9;2.12;-2.37;2.26;-0.39;3;0.99;1.33
198607;-12.24;-8.57;-3.91;-4.09;-6.45;-11.46;-5.63;-1.93;-2.72;-8.96;-4.68;-1.13;-4.87;-4.09;-8.38;-12.38;-4.01;-2.79;-4.49;-8.33;-7.1;-5.71;-7.72;-7.15;-8.54
198608;7.04;5.57;8.18;7.78;6.82;12.71;9.81;5.87;9.88;3.09;6.31;6.46;7.75;2.88;8.64;8.21;6.46;8.8;4.58;6.49;12.7;10.71;5.5;3.3;4.02
198609;-3.62;-4.77;-9.28;-10.03;-10.86;-5.64;-7.13;-8.45;-8.86;-6.1;-4.59;-7.32;-8.81;-8.43;-8.48;0.36;-8.22;-9.39;-10.49;-8.33;-3.28;-3.97;-9.95;-10.48;-8.01
198610;3.24;4.8;5.03;1.96;3.74;5.7;6.41;6.93;6.87;5.75;3.38;6.27;5.21;6.25;4.19;6.6;5.42;4.68;7.61;5.71;4.13;6.17;5.32;6.95;2.55
198611;-0.94;-0.81;2.31;1.28;-1.55;3.12;1.42;1.87;0.83;1.5;1.92;2.21;3.41;4.29;-1.16;-1.76;3.85;2.74;0.12;0.72;1.39;2.09;2.35;1.35;2.15
198612;-3.82;-3.14;-4.46;-1.51;-2.1;-2.97;-4.17;-3.3;-3.57;-1.71;-4.09;-2.75;-1.93;-0.19;-4.88;-2.06;-3.41;-1.37;-2.68;-5.6;0.13;-2.64;-2.62;-1.8;-3.74
198701;13.82;13.16;13.97;9.83;10.47;15.54;13.78;13.28;15.09;11.24;11.03;12.08;12.91;12.7;15.11;11.52;7.41;13.6;13.33;12.22;13.25;11.08;12.57;13.79;13.28
198702;10.44;4.9;5.86;7.15;10.82;3.91;3.83;1.37;5.5;5.27;4.14;1.91;4.19;6.13;6.33;6.91;-2.3;1.86;6.66;6.94;2.89;1.26;5.07;5.34;7.15
198703;5.36;4.67;-2.8;-5.15;-2.45;4.37;4.89;1.22;0.8;-0.06;4.6;1.24;0.33;0.35;0.8;7.6;3.97;2.64;1.08;1.57;7.41;6.98;1.56;2.49;2.2
198704;1.62;1.81;-0.15;-6.07;-5.28;-1.49;-0.87;-2.94;0.44;-1.84;-1.34;-0.51;-3.41;-1.32;-5.24;-0.54;-2.05;-1.33;-2.46;0.71;-0.38;-1.59;-2.74;-2.25;-0.43
198705;4.24;-0.79;0.05;-2.8;-1.02;0.85;0.51;-0.15;-2.07;1.08;-1.27;-0.18;2.35;4.52;0.82;0.09;2.27;0.09;0.91;-0.47;4.06;2.87;0.5;0.26;0.08
198706;0.87;3.7;2.71;3.73;2.63;5.61;4.1;3.57;3.69;3.83;5.63;4.08;3.64;4.76;2.52;5.98;5.25;7.18;5;2.11;5.59;6.32;7.47;5.37;4.27
198707;8.25;6.33;5.78;8.68;2.97;3.26;6.88;1.82;0.98;4.61;3.61;1.7;2.74;6.98;4.13;10.78;3.32;1.55;4.92;6.15;5.77;8.09;4.44;4.72;3.6
198708;2.35;4.64;2.44;1.44;3.14;-0.66;2.31;2.64;7.58;4.35;0.85;4.09;5.05;4.97;5.6;3.98;5.8;3.89;3.09;3.11;2.25;8.7;3.52;4.51;4.9
198709;-0.07;0.93;-2.48;0.18;-0.46;-3.32;0.38;-2.44;-2.3;-3.45;-3.26;-1.38;0.63;-3.26;-1.21;0.98;2.65;-4.31;-2.86;-2.88;-1.16;-0.7;-3.17;-3.24;-5.06
198710;-28.3;-33.2;-25.82;-24.71;-29.63;-23.89;-23.74;-17.13;-22.94;-23.53;-21.46;-13.93;-21.12;-26.37;-23.41;-17.54;-18.46;-17.88;-22.71;-27.63;-25.46;-19.12;-23.48;-22.61;-26.63
198711;-7.64;-5.13;-4.9;0.4;-8.12;-11.47;-4.03;-3.93;-7;-7.89;-5.81;-8.03;-8.85;-6.77;-8.59;-10.14;-5.43;-8.41;-9.01;-7.25;-7.02;-6.95;-7.89;-7.62;-9.36
198712;3.28;11.44;5.09;5.12;8.47;7.71;6.35;4.84;5.6;8.17;10.92;3.96;8.84;9.25;6.85;3.24;6.42;6.13;10.45;8.55;13.11;0.17;8.87;8.63;10.14
198801;5.82;0.78;5.8;2.4;2.95;6.23;3.19;8.62;2.54;3.45;6.71;8.82;1.73;7.25;1.33;8.28;5.83;4.54;3.79;5.11;5.46;1.84;2.58;5.51;4.07
198802;7.55;10.47;2.95;4.44;5.55;3.37;7.29;0.68;1.87;3.94;5.18;2.83;5.49;8.04;3.76;2.63;5.42;3.63;6.36;6.42;6.42;7.13;5.45;3.87;7.82
198803;2.71;1.57;0.48;-2.61;-0.91;2.42;-1.55;-1.31;-6.15;-0.29;0.77;-1.41;-1.77;-1.69;-5.09;-1.61;-2.08;-5.47;-1.73;-1.5;-0.42;-2.63;-1.36;-2.2;-2.55
198804;2.77;3.77;-2.2;2.23;0.44;2.42;0.53;-0.62;0.44;-0.14;4.2;3.6;1.8;1.92;-0.44;-1.83;0.29;2.57;0.12;0.19;0.88;0.19;-0.74;0.89;-0.46
198805;0.4;0.22;0.14;-0.88;-2.32;1.57;0.62;2.22;0.24;0.29;-1.35;1;-0.31;1.81;0.89;1.79;1.85;1.61;-1.1;-0.15;-1.62;-1.06;1;0.57;-0.26
198806;1.42;7.03;6.15;5.08;6.12;-0.95;6.38;4.9;5.86;4.43;1.17;1.34;5.8;6.13;6.94;2.39;4.22;7.63;5.06;6.43;2.03;4.34;5.9;4.87;8.49
198807;-0.06;-0.56;-0.26;0.6;-1.24;-0.64;-0.96;0.68;-0.69;0.37;-1.76;0.43;-0.04;-1.34;-5.49;0.81;0.57;-1.73;-2.07;-2.96;-1.26;-0.14;0.25;-0.62;-2.06
198808;-3.17;-0.92;-1.2;-1.08;-3.94;0.94;-0.96;-1.2;-1.84;-0.95;-3.15;-2.12;-3.34;-4.81;-5.91;-1.04;-3.26;-2.67;-4.2;-3.37;-1.41;-1.51;-0.75;-2.6;-4.31
198809;1.72;2.5;3.54;2.53;-0.88;2.75;3.49;3.84;5.41;4.68;3.01;2.24;1.72;3.84;4.43;1.88;4.67;2.89;6.04;5.2;3.26;7.67;6.18;5.42;3.82
198810;-0.31;1.45;-0.89;-0.55;-2.55;2.48;0.79;1.39;3.63;-1.69;2.21;2.61;2.98;4.29;0.62;0.77;3.05;2.36;0.6;0.83;1.02;6.83;0.26;3.98;-0.53
198811;-3.02;-1.57;2.43;-1.86;-1.68;-0.96;-1.22;-1.96;-3.16;-2.99;-1.4;-0.18;-2.32;-1.93;-4.52;0.19;-1.16;-1.94;-0.57;-2.65;-3.57;0.13;-0.85;-1.96;-3.1
198812;2.37;1.66;-1.2;0.71;2.73;0.93;2.63;1.18;2.61;3.74;1.1;1.77;2.25;0.86;5.95;4.37;1.09;3.25;1.14;3.1;3.32;2.13;2.28;1.81;3.58
198901;6.58;6.31;6.49;7.79;8.57;7.69;4.27;4.98;5.1;7.08;9.46;6.44;6.02;7.2;5.61;5.08;7.04;7.88;7.6;6.91;3.95;6.42;5.93;7.1;6.55
198902;0;-1.62;-0.46;-2.07;-0.18;0.63;-0.99;-0.89;-1.21;-1.66;0.47;-1.48;-3.68;-2.82;-2.51;1.79;-1.82;-1.04;-2.48;-1.82;-2.02;0.35;-1.29;-2.38;-2.64
198903;2.95;3.68;2.17;3.2;3.29;2.38;0.2;1.03;4.65;5.41;2.28;3.58;-2.04;0.68;-0.05;3.72;4.66;4.61;0.64;1.32;2.56;4.62;4.53;2.12;2.14
198904;3.76;3.54;7.43;6.56;4.07;4.8;4.21;3.4;5.72;3.29;4.78;4.75;3.33;4.44;7.67;3.69;7.77;4.51;6.93;4.9;4.41;4.76;4.69;4.34;5.98
198905;6.26;3.72;4.69;3.37;2.53;5.55;4.27;4.59;4.16;2.2;3.8;4.59;1.59;3.54;2.27;2.35;4.92;3.02;6.64;4.14;3.9;4.55;5.69;3.28;6.15
198906;-0.98;-0.09;-1.59;0.63;-0.92;-0.75;0.99;1.5;-3.29;-0.6;1.1;0.39;0.77;0.52;-3.54;-1.95;-0.28;-0.2;-2.37;-2.13;0.46;-0.16;0.5;-0.93;-2.84
198907;5.34;5.35;5.94;6.91;7.02;5.36;6.77;4.88;8.27;7.37;8.08;5.02;6.99;6.68;7.48;4.93;10.19;8.25;7.48;8.82;13.17;7.79;10.96;8.59;8.65
198908;3.07;1.48;2.71;0.36;4.37;3.36;1.91;2.26;1.86;2.02;2.85;0.04;2.98;1.11;2.82;2.24;1.18;2.16;2.48;3.97;1.82;1.7;0.42;3.54;2.56
198909;-1.24;-2.73;-0.23;-0.17;1.06;-1.13;0.03;0.24;-0.47;1.93;0.93;1.11;0;-3.93;-2.24;-0.2;-0.04;-0.4;1.48;-0.83;4.69;-0.15;1.12;-0.12;-0.47
198910;-6.22;-4.29;-2.74;0;-3.01;-4.32;-0.4;-2.54;-2.99;-3.97;-1.39;2.13;-1.07;-5.05;-3.84;-2.64;-3.17;-4.6;-2.9;-3.31;-2.67;-7.03;-2.15;-3.09;-1.72
198911;3.7;1.99;2.9;2.38;-0.53;2.09;3.61;2.86;0.9;3.34;3.67;3.15;2.58;0.51;-0.37;1.67;2.02;2.66;0.92;3.69;0.99;1.28;1.71;-1.04;-0.29
198912;1.99;-0.08;-0.09;-1.78;0.9;3.53;2.97;2.97;1.8;-1.33;6.54;3.65;0.34;1.64;1.21;4.79;4.7;2.24;5.11;-0.34;3.19;0.95;1.23;1.15;-0.32
199001;-5.07;-4.45;-4.92;-8.56;-11.47;-5.57;-4.95;-6.76;-9.63;-10.75;-8.42;-5.92;-7.09;-4.61;-7.62;-2.86;-8.46;-8.85;-7.78;-5.68;-11.05;-5.29;-8.93;-7.34;-6.12
199002;2.18;3.51;5.18;-0.7;1.06;2.05;2.36;0.94;2.07;4.34;2.94;1.1;0.67;3.16;0.85;1.61;-0.02;0.2;-0.03;3.14;2.19;0.71;0.58;2.49;1.6
199003;2.03;0.75;3.69;-0.09;-0.81;0.77;1.66;-0.41;0.82;-0.23;2.02;0.34;3.85;2.1;-0.51;3.31;3.71;2.64;2.19;4.35;4.46;1.34;2.29;3.63;4.84
199004;-4.48;-7.37;-3.14;-3.55;-2.89;-4.72;-4.64;-3.71;-4.72;-4.49;-3.23;-3.51;-1.98;-0.42;-3.97;-4.32;-3.51;-2.52;-3.51;-2.46;-2.67;-2.79;-0.4;-3.8;0.76
199005;6.37;7;9.77;8.52;7.65;7.77;8.4;6.41;9.42;9.91;5.85;7.08;11.79;9.05;9.17;5.77;8.94;9.23;8.82;11.89;10.25;9.84;11.07;8.47;8.83
199006;-0.38;-0.29;0.13;-0.99;1.35;-0.88;1.32;-0.14;-0.18;-2.03;-2.77;0.55;1.4;-0.76;-3.47;-3.21;-2.6;-1.21;-2.41;-0.31;-3.98;-2.19;2.52;-2.83;3.38
199007;-8.32;-1.61;0.53;-4.19;-4.22;3.71;2.89;-0.74;-2.32;-4.45;0.96;1.49;-0.01;1.12;-3.95;0.01;1.84;-2.47;-0.44;-3.12;4.1;-4.52;-1.86;0.88;-4.41
199008;-12.72;-8.44;-8.7;-11.5;-14.65;-6.43;-7.72;-11.29;-7.33;-12.13;-8.09;-6.42;-8.53;-8.61;-14.09;-9.24;-5.4;-9.98;-11.82;-9.7;-8.06;-8.42;-10.14;-9.1;-9.51
199009;-9.67;-5.19;-6.84;-9.21;-10.21;-4.3;-4.95;-8.32;-3.01;-8.63;-7.59;0.64;-4.09;-4.81;-10.52;-5.53;-0.22;-2.1;-8.18;-8.94;-6.04;-2.21;-3.71;-7.04;-7.39
199010;-9.63;-4.35;-2.34;-4.65;-4.73;-3.2;-0.12;-0.02;1;-5.54;-6.93;0.67;0.92;0.77;-10.44;-4.72;-1.09;0.14;-2.24;-3.89;-3.22;-0.18;1.48;1.58;0.07
199011;9.8;7.42;7.83;5.24;11.37;4.64;5.51;4.12;4.48;14.26;5.03;3.46;5.33;7.94;14.49;4.43;4.55;7.65;7.52;10.65;8.93;5.39;2.5;7.94;8.97
199012;3.61;-0.26;2.04;1.36;4.11;1.11;1.38;2.27;2.12;4.43;0.82;1.62;2.57;3.86;5.52;1.08;1.07;0.69;3.57;4.67;7.72;4.15;3.81;4.16;4.38
199101;5.61;5.43;4.32;7.69;8.6;2.36;0.99;5.66;1.12;8.92;2.95;0.46;3.02;4.48;12.9;4.12;0.73;6.9;5.11;8.76;1.74;4.83;7.3;3.58;9.26
199102;12.01;9.78;7.33;8.66;11.29;9.67;6.16;5.15;9.03;8.96;12.45;5.34;5.34;6.08;7.89;3.78;8.32;5.67;7.39;7.38;9.72;5.88;10.24;7.68;9.12
199103;6.64;5.4;6.41;5.91;3.8;-0.28;0.86;0.72;1.61;5.46;1.86;2.3;1.94;4.11;4.94;4.54;1.47;-1.17;2.52;5.49;1.38;3.42;3.2;6.32;3.56
199104;0.49;-3.92;0.18;1.98;0.71;1.85;0.37;-0.72;-0.18;-3.3;3.7;1.09;0.18;0.01;2.44;-1.93;0.99;-2.75;2.27;0.37;-0.2;1.51;2.1;0.28;-1.25
199105;2.02;3.3;2.09;6.43;3.33;3.06;0.79;3.89;4.73;3.35;5.64;1.03;2.12;3.49;6.82;1.09;-0.32;5.64;7.64;7.98;2.99;5.27;3.67;4.76;3.85
199106;-5.94;-5.9;-3.4;-5.07;-9.35;-6.31;-3.29;-6.41;-5.75;-5.73;-6.08;-1.67;-3.79;-3.97;-7.02;-7.46;-3.48;-4.94;-4.49;-5.65;-4.1;-2.32;-4.75;-4.17;-4.05
199107;3.44;0.47;3;4.13;6;5.14;4.21;5.26;1.62;5.94;6.91;4.62;3.14;4.57;2.86;4.51;5.12;3.86;3.92;3.33;1.51;4.78;4.4;5.44;7.74
199108;3.62;-0.53;1.89;2.74;3.01;3.95;3.15;3.71;0.72;3.2;-2.85;1.91;0.17;2.6;1.97;3.77;2.68;1.34;1.64;4.98;2.27;5.91;1.57;3.66;4.74
199109;-2.48;-0.44;1.26;-0.18;5.78;-2.55;3.05;2.19;-2.32;-0.88;-2.06;1.76;-1.28;-0.87;-0.85;-4.54;-1.04;-1.34;-0.72;-4.65;-2.58;-0.72;1.66;-3.14;-1.79
199110;1.98;3.1;4.55;3.14;8.17;3.82;2.28;1.9;1.2;5.41;0.38;2.4;-0.85;4.57;0.52;2.79;1.98;2.49;-0.29;-0.03;-0.24;4.22;-0.06;1.82;1.6
199111;-3.5;-2.99;-4.74;-1.65;-7.73;-6.63;-0.91;-4.82;-2.71;-3.9;-7.03;-1.86;-5.16;-5.6;-3.79;-9.01;-4.79;-5.91;-4.74;-4.38;-2.47;-1.53;-5.74;-3;-0.13
199112;9.08;9.3;7.45;7.06;13.42;11.3;7.1;8.61;6.17;13.4;7.19;7.84;7.61;16.61;8.59;8.91;10.25;7.15;8.7;15.63;8.68;9.74;12.92;12.91;16.08
199201;8.74;5.22;-0.53;-0.34;1.89;3.62;-1;0.08;-1.26;-1.65;5.72;-0.72;-0.63;-1.59;2.86;12.2;-2.41;-3.41;2.7;1.11;9.12;-0.58;-2.62;-3.08;-1.83
199202;4.7;3.78;-0.51;0.23;-2.56;3.23;1.6;2.6;4.21;-2.94;6.4;1.04;3.49;3.04;2.73;6.73;-0.18;0.99;-0.58;3.61;5.22;0.68;0.82;0.46;0.64
199203;-3.78;-2.23;-0.65;-1;-7.44;0.78;-0.4;-0.36;-2.27;-3.52;-2.68;-0.34;-1.54;-1.37;-4.98;-0.5;-1.82;-2.23;-1.66;-4.63;-1.61;-3.97;-0.38;-0.54;-3.77
199204;-0.79;1.38;-2.53;-1.26;-10.92;2.26;2.69;3.19;1.12;-3.41;1.69;3.5;6.36;-1.36;0.61;0.73;6.48;6.14;3.68;-0.39;-0.36;0.04;2.6;1.88;-1.18
199205;0.08;0.55;3.53;0.05;1.52;1.26;1.77;0.67;0.42;1.77;3.81;1.27;-0.4;0.49;0.99;2.01;-0.15;1.6;-0.03;-0.41;1.28;1;0.43;0.62;1
199206;-4.28;-1.81;-2.53;-1.97;-4.46;-1.76;-1.45;-0.78;-1.16;-2.36;-3.44;-0.89;1.39;-2.88;-5.89;-2.84;-1.07;-1.59;-1.78;-1.12;2.01;-2.84;-1.11;-2.82;-3.43
199207;2.8;1.92;3.73;3.13;3.05;3.18;4.58;0.98;3.79;7.26;4.08;3.43;6.18;5.02;4.2;6.26;4.41;5.67;2.95;5.46;3.5;3.31;4.1;5.75;3.32
199208;-6.31;-6.32;-5.91;0.01;-6.27;-4.66;-3.07;-4.98;-2.9;-2.88;-2.82;-0.49;-2.96;-1.77;-2.41;-2.35;-2.45;-1.07;-2.54;-1.6;-3.7;-1.63;-0.4;0.67;-2.51
199209;3.47;-2.38;0.59;3.59;2.66;-1.11;1.31;-2.17;3.26;3.99;2.6;0.34;1.03;2.79;2.88;2.4;-0.76;1.97;2.34;1.99;4.22;2.43;1.28;-0.66;1.93
199210;4.01;-1.46;2.59;-1.55;3.66;2.92;2.2;-5.51;0.88;3.01;-3.25;-0.99;-0.01;0.5;4.9;1.87;2;-0.9;1.63;2.45;1.69;1.4;-1.5;3.85;3.48
199211;6.17;9.18;6.66;4.29;8.25;4.6;2.79;2.96;3.72;6.18;2.26;0.9;3.4;3.55;8.17;2.63;2.64;1.33;5.4;6.42;5.73;4.04;4.08;2.68;6.13
199212;4.92;3.99;0.89;4.45;3.4;2.77;1.84;-4.86;4.51;1.74;3.96;1.82;3.67;0.97;1;2.94;3.46;3.41;2.57;2.56;2.43;1.27;-0.12;0.74;1.19
199301;8.05;5.83;3.34;5.35;-0.97;3.56;3.03;5.35;0.5;0.57;5.52;2.33;1.97;-0.93;2.43;3.19;1.72;-0.46;-0.94;3.27;1.6;2.92;-1.77;-2.74;0.61
199302;-0.59;0.63;1.5;4.39;-5.57;2.99;3.02;2.59;3.07;-0.55;0.75;5.11;3.79;-2.51;-2.87;3.89;2.7;4.47;-0.47;-0.81;2.35;2.03;-2.59;-0.12;-2.99
199303;2.24;6.46;0.97;4.41;2.48;3.08;3.86;0.38;4.77;2.97;3.32;3.42;1.95;5.67;2.84;0.95;3.35;2.1;3.82;2.9;2.4;3.84;0.39;1.21;0.91
199304;-0.15;2.45;4.07;-1.55;0.3;0.35;-0.29;-0.38;-2.73;-3.21;-0.48;-1.94;0.45;-0.05;-4.2;-4.29;0.12;-2.06;-1.72;-5.19;-4.32;-2.56;-8.49;-4.05;-5.99
199305;6.17;1.77;1.65;3.81;6.41;1.03;2.37;2.68;1.95;3.38;3.27;2.27;2.89;2.87;4.83;0.1;1.45;0.81;2.89;5.13;2.78;2.99;2.44;1.67;5.79
199306;3.08;1.17;2.63;1.94;-0.78;-2.21;0.38;1.58;3.97;0.26;0.74;0.74;-0.29;0.29;-1.64;4.12;1.42;2.08;1.08;1.13;2.03;0.49;-0.37;0.63;-2.1
199307;5.26;1.43;0.85;0.77;1.19;-0.61;0.92;3.71;1.67;0.83;2.49;0.95;2.83;0.36;0.53;-1;0.02;1.01;-1.32;-3.07;1.36;0.59;-1.28;-3.44;-3.49
199308;5.9;7.03;5.22;4.84;4.47;3.47;4.4;2.26;5.53;7.69;3.86;1.96;3.3;2.58;3.59;3.91;4.55;5.93;3.17;4.51;6.49;3.56;1.79;3.98;2.05
199309;0.75;-0.76;-0.63;-1.68;0.77;3.06;0.41;-3.02;-0.52;4.13;1.81;0.87;-0.33;-1.54;0.1;-3.18;0.28;-0.17;1.51;-0.03;0.56;2.22;-1.45;-0.84;0.98
199310;4.29;3.97;0.42;2.93;2.34;0.63;-0.06;1.87;-2.29;-0.76;1.98;0.73;2.33;1.08;1.97;5.06;1.17;2.5;1.51;2.09;4.05;-0.41;2.18;1.88;1.83
199311;-1.64;-4.94;-4.17;-4.49;-4.02;-4.03;-1.89;-0.2;-2.07;-2.77;-3.51;-2.76;-2.75;-0.68;-0.46;2.31;-3.65;-0.96;-3.11;0.81;-2.08;-0.54;-1.04;0.25;0.62
199312;-1.47;1.29;2.75;3.14;-0.36;0.92;1.01;2.77;3.6;5.59;4.56;0.71;3.51;4.62;3.58;3.96;0.91;1.82;2.98;-0.88;0.96;2.53;0.12;1.72;1.65
199401;5.18;5.55;2.41;6.3;2.09;7.01;5.24;3.36;3.67;4.96;3.56;4.45;2.16;4.47;1.58;3.05;1.51;1.99;2.8;3.63;2.94;2.27;4.38;0.11;3.42
199402;-5.71;-2.36;-4.37;-2.32;-5.19;-3.91;-3.45;-4.28;-2.42;0.44;-1.49;-2.43;-4.42;-1.83;0.55;-2.42;-4.7;-1.74;0.94;1.59;1.25;-2.89;-3.6;-2.68;-2.22
199403;-6.31;-4.17;-5.28;-5.26;-4.98;-3.25;-3.5;-4.76;-3.34;-6.97;-5.37;-4.36;-3.47;-4.84;-6.1;-4.16;-3.19;-4.38;-3.73;-5.14;-2.63;-4.44;-4.27;-3.69;-4.97
199404;0.28;-0.82;-2.1;1.25;-0.41;0.62;1.39;2.28;1.87;0.49;3.72;1.96;1.53;-1.27;1.04;2.93;3.3;-0.46;-1.96;-0.63;-1.03;1.76;3;2.11;1.63
199405;1.13;0.63;0.96;-1.68;-0.83;1.79;-0.64;-2.98;1.43;-1.27;1.14;-0.76;-1.99;1.76;-0.21;2.96;1.95;1.6;1.79;0.52;2.93;2.7;1.1;2.92;1.83
199406;-5.16;-2.45;-2.39;-1.89;-3.86;-1.67;-2.08;-3.77;-3.56;-1.95;-0.68;-2.5;-0.81;-4.04;-4.65;-5.1;0.35;-3.29;-2.12;-2.3;-1.61;-1.41;-0.33;-3.53;-5.02
199407;3.89;2.57;5.68;6.51;3.32;3.91;4.54;4.2;4.51;4.94;4.11;4.13;2.42;1;4.06;2.94;2.09;1.8;4.21;1.63;1.38;4.84;2.27;0.9;3.47
199408;6.11;3.67;6.56;2.12;5.16;8.48;2.84;1.76;2.23;2.45;7.81;1.15;3.08;2.58;4.4;4.56;1.78;3.02;4.04;6.04;4.43;6.54;2.9;6.86;8.06
199409;-1.09;-2.17;-0.44;-2.62;-2.73;1.55;-2.25;-1.96;-2.73;-3.34;0.66;-2.24;-3.45;-1.62;-2.36;-2.12;-3.71;-3.21;-3.35;-2.01;0.31;-1.77;-0.3;-2.18;-2.09
199410;0.11;-2.25;-1.56;1.63;-0.09;3.46;1.58;3.11;3.27;2.73;1.53;4.49;0.86;1.57;3.08;1.31;0.49;0.53;1.16;1.64;-0.57;2.13;2.09;1.01;3.43
199411;-4.25;-4.28;-5.02;-1.93;-5.32;-5.32;-4.66;-3.05;-1.29;-2.05;-3.14;-4.26;-3.19;-2.71;-3.87;-6.54;-3.3;-3.22;-5.86;-3.6;-2.33;-3.61;-3.56;-2.68;-2.91
199412;-0.32;-0.21;1.22;2.08;0.02;2.9;0.15;0.89;2.09;2.71;1.35;1.08;2.33;0.17;5.26;2.77;2.1;2.04;1.54;-0.77;2;0.15;1.57;1.44;0.27
199501;0.18;2.2;0.09;7.35;0.21;0.54;2.1;1.09;4.39;3.79;0.21;1.19;1.12;0.35;0.32;-1.97;2.43;2.82;1.84;2.67;4.01;4.2;2.49;2.95;3.03
199502;4.99;3.13;3.83;1.07;2.5;5;4.18;2.77;2.28;3.3;4.8;4.58;4.17;2.96;3.53;6.09;3.51;3.91;3.93;6.02;2.7;3.62;4.85;3.55;5.19
199503;1.88;2.19;3.11;2.02;1.32;5.87;3.33;1.21;-0.34;1.22;2.82;3.96;1.72;2.42;0.78;5.9;2.99;1.87;1.39;5.53;3.32;2.27;1.93;3.54;3.09
199504;2.53;3.11;2.5;1.39;0.91;7.97;1.86;2.13;1.46;1.05;0.65;2.45;1.51;0.83;2.5;3.88;3.03;2.6;1.46;-0.74;3;3.77;2.3;4.45;4.28
199505;3.45;1.58;2.72;3.34;1.29;0.39;2.68;4.39;4.91;3.82;4.95;3.25;2.32;4.53;2.1;2.26;4.27;2.87;3.59;2.5;2.49;4.48;2.83;4.03;5.77
199506;4.42;4.31;3.33;2.99;5.57;2.61;0.39;1.54;1.63;3.31;5.01;-1.22;3.58;2.89;3.48;1.45;0;2.16;3.3;6.86;1.95;2.53;3.21;2.48;6.78
199507;3.28;2.2;4.23;7.09;8.2;2.44;0.8;3.91;1.67;6.61;4.45;6.23;5.22;6.41;7.68;2.47;3.54;3.95;4.33;4.34;4.97;0.22;4.01;3.33;5.85
199508;3;3.67;4.25;1.98;0.58;2.45;-0.66;-0.06;5.08;3.28;0.25;-1.67;1.72;-1.43;0.51;0.31;2.46;1.04;0.8;-1.57;3.58;1.69;-0.24;2.12;1.57
199509;2.64;4.25;6.38;-2.92;2.29;1.43;3.63;3.03;4.15;3.32;1.74;0.73;1.7;1.32;3.36;6.39;5.03;2.85;2.42;2.61;3.73;8.18;5.17;5.13;5.2
199510;-2.6;-1.94;-1.33;-5.18;-2.97;-0.34;1.25;-2.72;-2.32;-2.82;-6.44;-1.64;-0.86;-3.94;-5.67;-1.76;-1.63;-0.69;0.35;-3.28;0.78;1.31;2.41;-2.73;1.12
199511;3.48;4.95;4.92;5.31;3.32;6.87;3.13;5.26;5.48;3.86;6.39;4.97;5.49;7.31;6.71;5.93;4.25;4.75;3.26;4.7;3.56;5.79;6.63;4.86;-0.36
199512;2.28;1.93;2.99;1.88;0.9;4.82;3.81;2.46;3.58;0.71;4.12;0.28;1.98;1.48;0.56;5.79;2.39;4.13;1.01;-0.59;3.9;0.34;1.94;1.31;-3.09
199601;4.56;2.87;2.85;1.42;-1.96;2.31;0.65;2.8;3.28;0.01;1.9;6.88;1.43;1.49;2.84;5.05;3.59;1.58;3.23;-0.55;1.26;2.99;4.76;3.47;3.33
199602;0.08;0.65;3.09;1.41;3.03;0.66;-0.51;1.27;1.39;3.99;4.44;4.99;1.35;1.15;4.46;-0.51;0.16;0.03;2.84;2.67;0.56;2.91;0.49;3.59;1.99
199603;-1.23;-1.09;-2.35;-0.93;1.16;3.58;1.25;3.36;0.26;1.7;2.1;-0.63;2.13;3.1;2.82;2.75;5.15;1.19;1.24;2.77;-2.3;-0.52;0.24;1.65;-0.57
199604;4.51;-1.7;0.34;2.7;6.54;0.5;1.08;-0.8;1.71;4.82;2.85;0.67;1.03;1.11;4.83;1.59;0.48;2.28;2.4;3.43;6.32;1.44;-0.04;1.28;6.3
199605;2.95;3.31;-1.52;4.61;4.16;0.59;1.58;1.71;1.77;2.39;3.3;0.46;1.54;2.73;3.51;3.06;-0.61;2.49;2.26;3.99;0.89;4.21;3.83;4.41;3.85
199606;-4.36;1.54;-0.49;-6.07;-7.59;2.22;1.61;1.07;0.27;-5.43;-0.73;-2.42;0.3;-1.37;-4.72;2.6;0.34;-1.21;-2.26;-1.53;0.85;2.84;1.6;-0.24;-0.65
199607;-10.46;-5.21;-6.81;-6.54;-11.66;-4.96;-5.63;-7.09;-5.03;-9.88;-5.1;-4.65;-3.59;-5.94;-8.76;-7.2;-4.8;-3.26;-5.29;-6.66;-1.78;-3.23;-4.97;-4.05;-4.39
199608;4.31;2.22;4.87;6.07;3.93;4.88;2.51;4.85;2.36;5.03;3.22;2.81;4.1;4.35;5.13;3.26;4.53;3.34;3.23;4.05;0.46;-1.71;2.3;3.97;4.58
199609;2.09;4.51;1.53;2.35;5.16;4.75;2.33;1.48;4.79;3.24;2.94;3.04;5.58;4.91;5.29;5.89;3.83;4.58;7;6.56;3.96;4.53;4.41;6.52;11.36
199610;-0.89;-0.05;2.52;1.15;-3.85;6.26;3.6;7.11;3.78;-2.26;3.38;3.79;0.94;1.04;-3.04;3.06;0.91;4.48;1.27;-1.08;1.58;4.18;0.48;1.49;2.34
199611;4.68;5.43;3.89;5.93;2.87;4.47;3.21;3.84;4.65;6.43;4.99;5.13;7.11;8.1;4.32;4.59;6.51;8.14;6.53;9.14;9.06;7.67;7.54;6.38;11.3
199612;1.65;1.11;-1.08;0.53;-1.75;0.72;0.84;-0.71;-2.65;-0.94;-1.44;1.02;-0.41;0.07;-1.64;-0.67;-0.47;-2.42;-3.96;-0.3;-1.78;0.12;0.33;-3.99;-2.34
199701;3.45;1.83;1.03;3.2;2.36;7.35;1.67;4.05;6.75;4.29;3.65;5.03;3.76;4.91;1.75;7.26;2.82;6.13;4.2;5.38;5.36;7.18;5.67;7.13;10.96
199702;-1.72;-2.84;2.63;0.94;-3.56;-0.85;-0.04;-0.68;0.17;-1.34;-0.38;-2.07;2.22;0.68;-1.73;2.01;1.94;2.76;1.34;-3.2;0.56;3.21;3.06;2;-4.39
199703;-5.37;-1.9;-5.65;-4.52;-6.11;-1.84;-3.42;-4.51;-3.61;-5.94;0.34;3.77;-3.28;-3.37;-6.51;-5.84;-1.98;-5.31;-3.08;-5.53;-5.63;-5.91;-5.98;-6.34;-5.53
199704;-0.28;-3.74;-0.78;3.82;-0.15;2.26;0.29;0.31;4.39;1.47;2.22;1.49;3.78;2.91;-0.57;4.4;5.29;4.78;6.63;3.03;6.69;3.56;7.87;10;10.45
199705;9.33;8.25;8.75;7.36;11.8;4.53;4.81;7.36;7.88;10.95;5.57;6.18;7.55;6.25;12.26;5.14;6.6;4.11;5.74;10.49;5.53;6.18;7.35;5.46;7.09
199706;2.3;3.64;4.17;3.46;4.26;6.86;4.19;4.58;5.42;3.82;2.81;2.8;6.02;2.5;3.37;6.72;4.47;6.64;5.3;3.67;4.09;5.49;3.86;5.28;1.64
199707;5.46;5.85;5.78;9.03;5.49;6.14;7.9;5.8;9.01;7.89;7.97;6.63;7.08;6.86;8.6;8.31;7;6.91;10.04;12.65;4.64;6.06;4.19;7.5;14.9
199708;3.31;0.32;-2.73;-2.12;-2.11;1.74;-1.07;-5.31;-1.65;0.92;-3.52;-3.14;0.65;-2.13;-1.44;-5.16;-4.49;-3.28;-7.11;-1.62;-4.44;-6.1;-7.87;-5.12;-3.38
199709;6.53;3.85;4.98;5.87;9.5;3.75;6.22;7.61;4.28;6.82;5.38;5.74;4.4;5.1;7.57;3.71;6.56;3.17;7.56;6.78;7.89;5.55;6.38;6.6;2.35
199710;-4.94;-4.1;-6.08;-4.91;-3.45;-0.85;-3.51;-0.7;-2.45;-6.14;-6.15;-4.28;-3.1;-2.71;-3.31;-4.37;-1.08;-2.3;-5.11;-5.72;-0.75;-4.26;-1.86;0.19;-5.29
199711;0.06;0.88;0.81;2.74;-1.93;3.05;2.67;1.28;3.44;-1.37;1.93;0.04;1.63;2.14;-0.8;2.71;2.36;3.1;8.4;3.96;7.5;7.99;6.67;3.6;2.42
199712;-0.73;2.72;0.61;1.56;0.34;2.61;3.54;5.56;2.11;3.11;5.43;1.94;0.82;1.64;2.45;6.11;3.71;1.92;1.73;0.58;1.6;3.24;3.48;0.59;-3.68
199801;-0.26;-1.23;0.78;0.98;2;-1.48;-1.6;-1.43;0.66;-2.32;1.51;-2.85;-2.33;-0.47;-3.1;3.55;-3.75;0.56;0.36;0.15;0.66;1.02;0.52;4.46;6.85
199802;7.34;7.79;7.32;11.2;7.17;5.31;6.53;6.95;9.42;9.34;5.38;7.39;8.28;6.4;8.01;5.11;5.02;8.29;7.64;9.5;3.55;5.76;6.46;6.81;11.59
199803;5.88;6.58;4.07;6.9;9.47;6.65;3.47;3.19;6.11;4.8;3.64;3.78;4.1;3.14;4.37;6;3.72;5.35;7.21;0.57;5.76;4.16;6.86;7.87;3.34
199804;-0.75;2.08;-0.44;5.59;2.39;2.71;-0.3;1.85;0.46;2.2;-0.96;5.43;0.5;0.57;2.52;0.49;3.43;0.96;1.25;5.88;-3.7;-1.59;-0.87;3.85;1.04
199805;-2.72;-3.32;-4.46;-4.87;-3.88;-2.23;-1.45;-3.55;-2.99;-5.61;-1.14;-3.22;-3.08;-2.46;-1.36;-0.56;0.66;0.01;-2.41;-4.7;0.26;-1.35;-1.07;-2.05;-5.69
199806;-1.1;3.37;1.45;5.77;6.04;1.1;0.13;6.08;1.47;4.06;-3.02;2.5;0;0.2;1.72;4.35;0.84;2.85;5.83;0.76;0.76;2.36;5.43;4.14;10.94
199807;1.22;-4.27;-0.7;-6.63;-6.5;-1.73;-5.01;-0.55;-5.3;-9.52;-9.42;-1.04;-4.33;-4.3;-7.22;-5.12;1.28;-4.32;-3.15;1.1;-2.67;-0.42;0.3;-0.83;1.06
199808;-19.67;-13.18;-16.73;-15.96;-20.6;-11.12;-6.42;-18.32;-12.81;-14.77;-15.97;-9.24;-18;-16.65;-23.74;-13.85;-14.87;-11.72;-18.07;-24.31;-10.7;-14.97;-15.15;-17.19;-15.22
199809;10.61;9.72;13.36;5.82;8.87;9.88;5.45;4.31;2.84;7.3;6.94;3.86;4.53;5.51;9.88;7.47;5.69;3.57;5.53;-0.1;6.22;2.13;6.66;12.97;15.19
199810;6.25;3.78;5.32;5.93;5.84;4.67;1.11;6.52;4.26;3.37;7.21;8.07;7.99;9.6;4.08;3.76;9;8.69;11.14;12.01;7.83;12.25;8.79;7.26;1.75
199811;11.41;4.11;4.7;9.57;7.67;1.77;3.41;6.02;6.55;1.24;6.79;6.1;5.9;8.21;1.98;6.54;3.9;3.94;6.7;7.95;5.81;6.45;5.47;11.34;9.39
199812;17.99;6.05;11.86;7.56;6.01;7.66;4.86;2.17;3.34;3.09;0.34;2.66;1.19;11.57;6.03;0.65;14.08;4.93;7.29;6.43;0.23;3.7;6.3;7.65;12.13
199901;7.19;4.04;3.91;4.52;8.72;1.97;0.19;3.22;-4.11;-4.1;-3.27;0.5;-1.75;1.08;-0.98;-1.6;5.02;-0.99;4.09;11.57;-1;-0.55;0.34;10.15;16.36
199902;-0.36;-2.5;0.14;-0.36;-5.97;-3.09;-3.3;3.21;-4.72;-9.07;-4.78;-1.64;-1.05;-4.81;-7.36;-1.72;-5.48;-2.43;-4.69;-5.66;-2.4;-3.08;1.73;-7.08;-10.93
199903;18.06;0.4;4.49;3.86;7.33;3.48;2.75;3.41;2.82;-1.53;5.51;5.91;5.56;2.11;2.77;2.05;2.77;6.47;1.64;5.4;-1.79;0.96;-1.01;4.16;4.89
199904;3.59;7.2;0.92;6.36;13.94;1.07;5.13;3.65;6.59;4.86;10.86;6.91;8.52;0.88;10.61;12.35;4.61;4.25;8.39;-0.74;5.33;1.47;3.54;2.8;0.38
199905;-6.22;4.89;2.37;-2.19;-3.48;6.14;6.61;1.44;4.07;3.93;0.83;-4.5;-1.63;-1.41;-1.51;-3.25;-0.15;-3.05;2.35;-2.5;-1.37;1.29;-4.07;-4.75;-4.02
199906;2.58;2.89;1.68;0.66;5.97;-0.54;-0.37;2.07;1.85;-2.2;2.82;3.68;4.97;7.51;4.82;2.57;5.14;5.32;8.04;6.53;2.08;1.79;6.45;8.97;12.98
199907;2.89;-2.34;-1.13;-0.05;-6.73;0.78;-1.55;-1.91;-1.28;-2.17;-0.74;-4.33;-2.65;-3.71;-4.78;-3.09;-2.71;-5.18;-1.42;-5.79;-4.61;-3.39;-0.46;-4.57;-5.68
199908;1.74;-2.47;-4.59;-1.65;-1.34;-3.67;-0.37;-4.32;-1.12;0.24;-4.03;2.12;-1.19;-2.78;-3.6;-4.31;-4.61;0.97;-3.08;-4.9;0;-3.3;1.75;2.37;1.72
199909;-1.9;-4.05;-2.57;3.48;-0.68;-3.13;-5.66;-3.67;-6.4;-3.23;-4.31;-3.02;-6.41;-2.4;-1.4;-2.74;-2.59;0.09;4.07;-3.31;-3.06;-2.96;-6.22;-2.92;-2.65
199910;5.23;4.8;3.81;8.52;8.3;-1.58;6;3.05;4.01;8.99;6.92;5.81;1.44;9.47;13.49;2.8;7.84;8.33;8.51;11.53;3.01;1.25;4.39;11.63;6.23
199911;4.38;-1.91;10.07;5.44;7.41;3.3;2.05;0.6;0.79;9.92;-1.21;0.68;0.29;-1.04;-0.33;-0.03;5.81;4.82;0.45;-1.63;-3.39;2.68;3.44;4.14;5.46
199912;9.25;8.37;8.18;10.13;17.41;4.52;7.31;6.23;10.48;13.88;5.87;4.43;0.25;4.92;4.47;1.18;6.55;14.86;13.86;-0.65;0.47;-1.36;-1.66;4.81;16.5
200001;0.83;-4.9;-1.93;-4.34;-3.69;2.01;-4.05;-1.13;8.67;2.13;-2.73;0.43;0.57;-8.18;-0.12;-3.6;-2.38;-11.46;-9.33;-3.81;-8.06;-0.41;-2.92;0.66;-12.39
200002;17.89;1.78;11.27;7.45;9.79;-4.66;3.96;7.8;15.78;28.36;-1.22;18.32;0.52;-5.49;-3.28;-7.41;2.2;-5.45;0.81;-0.01;-7.57;-10.18;-3.02;2.16;3.47
200003;-2.44;3.82;-4.64;2.21;-2.03;8.85;2.96;7.41;-0.37;-5.24;8.11;5.64;7.13;13.75;12.86;10.97;8.5;13;11.87;9.63;8.91;14.54;5.31;4.73;16.74
200004;-7.49;-7.09;-6.78;-3.86;-12.14;-2.3;-0.78;-1.93;-5.1;-7.61;0.98;-0.25;4.84;-3.02;-3.97;2.95;-0.28;-2.41;0.91;-2.7;1.67;-4.85;0.89;2.93;-17.66
200005;-2.87;1.1;-2.63;-2.6;-11.1;1.9;-5.35;-1.54;-1.57;-4.22;-2.19;-3.36;-6.35;1.64;1.32;-1.54;-3.46;-3.84;-3.62;5.68;2.27;-4.54;2.45;-1.4;-10.02
200006;15.34;-3.25;11.59;4.19;11.74;-4.42;-5.81;2.54;3.18;7.65;-2.58;-1.54;-5.58;3.08;0.61;-4.89;7.7;-3.52;3.63;-5.74;-2.24;1.89;2.44;8.95;11.52
200007;-6.01;-1.08;-2.08;1.72;-8.81;1;-0.24;-4.66;-1;0.91;3.95;6.59;-0.31;0.18;-0.23;7.11;-0.69;0.4;-1.64;-3.91;-2.34;3.31;-2.44;-4.62;2.68
200008;12.58;5.05;7.02;17.75;12.78;10.06;8.1;2.97;15.95;6.71;5.42;8.94;6.31;9.84;10.46;7.96;6.28;2.51;7.82;8.44;2.04;5.51;5.39;2.84;11.59
200009;-6.28;-9.85;4.12;-6.53;-9.69;0.77;2.51;-4.75;1.94;-1.8;-3.09;3.47;-1.29;-3.63;-5.2;-1.56;-1.89;-2.01;3.26;-18.35;-1.59;-0.86;2.31;-0.47;-2.79
200010;-4.67;-1.81;-0.64;-1.28;-13.01;-6.82;1.3;-7.76;-3.9;-8.66;0.58;-0.14;-0.88;2.63;-3.45;4.91;4.92;-1.17;-3.22;0.41;5.38;1.31;4.76;2.68;-1.18
200011;-17.67;-6.88;-0.4;-21.02;-27.23;-1.99;-3;-9.66;-10.01;-13.86;-1.31;2;-11.35;-9.14;-11.98;1.95;2.15;1.29;-6.02;-14.71;-2.42;-1.06;-0.82;-3.62;-17.61
200012;5.68;2.2;9.45;4.21;0.31;2.79;6.96;3.81;8.75;0.6;12.76;2.99;6.07;8.26;4.36;8.93;8.93;4.85;2.92;-11.78;5.9;5.27;4.94;4.37;-6.5
200101;8.25;9.95;-0.92;10.62;6.61;-0.11;1.37;5.6;-2.53;3.98;1.72;-3.05;0.27;7.88;3.09;-2.49;3.51;2.96;-1.93;14.71;-2.1;1.97;-0.43;-0.99;6.26
200102;-12.01;-5.38;-0.93;-14.12;-23.17;-2.78;0.39;-3.76;-6.71;-10.68;-2.44;-1.51;-3.29;-8.5;-16.91;2.34;0.59;-7.61;-0.58;-21.1;1.61;-3.2;-0.3;-8.97;-13.02
200103;-6.88;-5.89;-5.43;-13.08;-15.58;-3.86;-1.21;2.65;-2.59;-5.74;-2.46;-5.54;-2.7;-1.33;-4.67;-0.16;-1.97;-5.07;-6.03;-12.95;-3.84;-3.7;-5.15;-8.32;-8.34
200104;11.38;10.9;5.03;9.7;15.07;6.87;4.09;4.79;12.09;10.67;10.63;7.57;4.8;7.42;13.7;3.21;3.5;6.85;9.3;15.58;2.83;6.6;0.04;5.19;5.1
200105;4.43;5.98;2.9;-3.54;-2.83;2.37;2.89;0.82;-1.11;-0.85;1.45;-0.13;2.88;5.15;-0.82;5.17;1.26;2.35;2.04;-1.39;3.84;2.62;2.1;0.67;0.46
200106;-0.49;-4.45;-1.53;-1.99;-0.99;-6.27;-1.5;-4.53;-4.05;-0.28;-3.54;-4.32;-1.34;-0.5;1.86;-0.29;2.65;-1.51;-1.09;-0.31;0.01;-2.29;-2.56;-3.17;-2.4
200107;-6.36;-4.62;-3.92;-6.59;-10.66;-1.18;-2.94;-6.28;-0.35;-2.88;-2.61;-1.94;-0.16;1.17;-7.54;-4.6;0.01;-1.02;2.06;0.26;-0.19;0.79;4.59;2.52;-1.79
200108;-7.64;-0.39;-2.63;-6.62;-11.47;-2.64;-1.38;-0.61;-4.05;-10.32;-5.08;-2.04;-4.26;-6.03;-11.86;-1.52;-3.3;-4.19;-4.81;-8.77;1.51;-4.31;-1.78;-4.29;-9.99
200109;-5.26;-4.15;-4.05;-11.99;-19.35;-11.87;-7.34;-4.3;-13.66;-19.94;-12.89;-12.67;-10.43;-9.27;-12.05;-16.65;-5.02;-9.59;-2.28;-8.29;-3.91;-6.68;-3.5;-3.07;-9.21
200110;1.77;5.31;0.14;2.23;5.26;1.43;1.56;-4.39;4.56;13.9;5.96;-2.79;-0.25;2.69;6.57;1.56;2.14;1.28;-3.58;4.1;-1.34;4.38;0.79;-1.36;5.5
200111;9.22;2.52;6.4;9.75;13.54;4.69;5.95;6.46;7.64;9.95;8.87;7.99;8.28;5.52;11.29;18.55;1.72;9.62;4.81;9.09;5.28;6.99;5.51;7.33;7.32
200112;4.54;3.87;3.66;3.69;2.45;-0.26;3.07;2.98;7.42;-3.08;0.77;3.32;1.57;-0.27;1.03;-1;4.75;2.74;3.76;1.62;1.96;0.85;3.24;-1.99;-0.43
200201;-6.63;-1.1;-1.78;-4.41;-9.55;2.12;2.56;-0.77;-2.2;-0.22;5.67;3.18;-1.38;-0.67;-4.82;3.64;-0.07;-0.26;-0.17;-1.04;-0.67;-6.06;1.51;-0.29;5.2
200202;-8.57;-1.16;0.73;-4.97;-8.43;3.17;0.77;3.09;0.67;-14.91;0.56;3.32;2.74;-0.54;-5.56;-2.03;3.27;-0.63;-1.16;-3.4;1.84;-2.88;1.92;-0.99;-1.93
200203;6.43;1.9;4.53;3.22;6.72;6.43;6.72;4.75;5.94;12.24;4.76;5.39;7.74;3.23;3.9;0.81;6.58;3.25;4.13;5.41;6.03;1.76;2.31;2.09;1.69
200204;-11.68;-3.16;1.44;-2.14;-11.21;2.1;0.15;3.35;-1.68;-8.75;0.7;2.61;0.49;-1.44;-9.87;0.41;-2.98;-4.78;-6.42;-7.4;-1.23;-11.2;1.34;-7.79;-6.52
200205;-4.44;0.56;-3.19;-1.93;-5.75;-0.98;-0.19;-2.61;-1.97;-3.34;1.85;0.06;-0.71;-2.8;-1.82;3.79;1.1;-0.85;1.76;-2.18;-0.3;0.89;-1.93;0.68;-2.94
200206;-10.82;-6.2;-7.97;-9.07;-14.63;-4.19;-2.39;-3.9;-5.46;-13.84;-3.92;-6.58;-4.56;-3.37;-4.45;-7.17;-1.04;-11.16;-5.86;-6.7;-4.47;-9.58;-6.76;-7.52;-6.31
200207;-13.39;-13.57;-6.91;-10.4;-11.33;-12.1;-10.13;-8.96;-10.83;-11.07;-2.42;-8.24;-9.57;-11.92;-10.88;-9.27;-10.69;-9.36;-9.24;-9.83;-5.37;-2.43;-6.51;-2.92;-4.35
200208;-3.52;0.75;0.53;2.13;3.23;1.74;0.27;0.48;1.55;1.04;-3.16;-1.58;1.06;2.21;-0.92;2.06;-0.77;2.44;3.59;2.49;-0.13;2.19;-0.49;-0.77;0.72
200209;-17.47;-8.88;-13.74;-5.9;-7.22;-9.04;-8.28;-8.39;-8.83;-8.87;-14.97;-12.04;-7.76;-11.03;-11.69;-10.63;-11.57;-9.95;-8.23;-7.68;-10.33;-9.63;-10.4;-11.79;-9.62
200210;10.45;5.44;7.75;6.61;8.11;3.34;9.25;5.96;2.06;6.73;11.79;9.84;5.8;15.13;9.91;6.55;6.35;5.95;10.01;6.1;14.69;10.57;7.5;6.8;5.74
200211;22.41;12.8;14.56;7.98;6.55;7.69;11.88;5.07;5.78;7.9;11.87;10.3;6.64;8.37;7.02;5.21;5.03;3.18;4.17;-0.22;10.32;3.32;2.64;4.2;3.54
200212;-15.52;-5.88;-6.55;-11;-9.08;-7.81;-7.34;-3.12;-1.49;-4.34;-13.7;-5.6;-3.7;-9.31;-8.06;-4.7;-2.13;-3.93;-5.77;-4.95;-7.16;-3.94;-3.11;-4.16;-3.8
200301;2.32;0.21;-0.02;-2.57;-5.84;-9.45;-1.51;-4.16;-3.69;-0.45;-2.52;-1.93;-5.13;-4.7;-2.98;-5.96;-2.48;-3.6;-3.16;-3.78;2.39;-1.37;-3.45;-2.82;-0.97
200302;0.1;-6.21;-0.33;-3.59;-5.84;-2.98;-6.32;-2.64;-2.92;-3.55;2.27;-4.79;-2.89;0.94;-4.43;-0.68;-2.52;-2.39;-1.7;0.79;-0.44;-1.49;-3.5;-1.43;-1.46
200303;1.29;-0.71;-1.43;0.25;0.5;-2.52;0.28;-0.99;0.2;1.45;-1.37;-0.6;-0.32;1.44;1.29;0.6;0.69;0.35;3.5;2.27;-3.26;3.09;-1.75;3.07;2.65
200304;11.48;10.42;11.1;14.11;14.15;10.05;5.66;7.11;10.64;8.85;12.7;10.1;9.35;7.17;10.47;7.58;7.7;7.59;9.83;4.44;7.2;4.62;5.33;8.33;9.68
200305;17.9;7.02;11.93;10.23;9.99;8.48;7.72;5.13;8.35;7.84;11.41;10.86;7.28;2.82;4.85;6.9;5.76;6.53;2.32;6.13;8.45;3.96;9.17;1.5;6.32
200306;0.39;2.5;2.42;0.39;3.5;-0.14;2.57;-0.32;1.08;0.04;0.87;3.49;1.41;1.96;-0.64;-0.85;0.34;2.35;2.45;0.14;-2.49;-2.07;2.49;3.59;0.84
200307;3.41;2.52;4.71;5.52;1.92;3.48;6.06;3.45;10.1;3.66;4.97;5.97;2.56;3.35;3.55;6.51;1.97;4.78;1.09;1.4;2.15;-2.28;-0.17;-0.87;-0.01
200308;7.85;6.36;6.12;0.69;1.9;10.74;2.94;2.94;-0.58;0.82;0.1;7.61;1.87;1.5;5.46;1.64;1.83;2.94;3.34;4.33;1.28;2.25;1.08;0.07;-1.1
200309;-3.54;-4.47;-3.67;-1.93;-1.65;-0.97;-1.84;-1.85;-1.51;-2.29;-2.83;-1.7;0.14;1.07;-2.22;-1.77;-1.85;-2.93;-0.46;-1.75;-0.53;-5.05;0.04;0.99;0.97
200310;8.8;7.88;9.51;6.8;8.71;10.32;7.05;7.39;7.43;2.93;10.79;12.67;4.12;2.09;7.41;3.88;6.78;4.52;4.79;10.07;0.95;6.69;5.33;4.29;5.75
200311;4.02;1.21;5.71;2.59;-1.34;4.09;2.23;2.32;1.41;-0.47;1.61;0.43;0.26;0.42;0.9;3.68;1.97;-1.01;1.82;1.5;3.15;0.89;2.43;0.3;3.19
200312;4.09;4.49;-0.34;2.89;6.34;3.29;5.97;5.51;9.05;4.4;7.49;1.69;6.53;6.21;2.14;8.79;9.08;1.58;4.39;0.2;6.85;6.55;4.19;4.04;2.97
200401;6.9;1.31;4.22;8.91;2.66;5.31;0.83;-0.61;3.68;3.77;0.59;-1.28;0.97;0.75;-0.85;3.09;0.26;1.61;2.99;2.86;0.42;2.74;0.08;1.43;2.64
200402;-1.96;-0.83;2.16;4.32;-1.37;3.93;2.97;2.78;0.02;2.16;3.47;-2.23;2.93;-0.27;2.56;0.31;1.01;4.74;0.94;3.35;1.71;1.33;1.72;1.25;2.78
200403;-2.94;-0.13;-0.93;-2.02;-0.42;-0.51;-0.91;-2.14;-1.15;-1.64;-1.27;-2.07;0.37;-3.22;1.71;1.11;-0.81;-0.23;-2;0.87;-3.57;-2.85;-1.71;-1.81;-0.08
200404;-6.54;-3.6;-4.2;-4.02;-1.51;-3.14;0.74;-4.2;-4.12;-2.12;-2.7;-2.67;-2.02;1.12;-2.36;-2.63;1.08;-2.77;-1.75;-4.51;-0.73;-0.97;1.96;-0.35;0.24
200405;2.98;0.77;-0.08;0.35;4.28;4.59;0.97;0.98;3.37;-0.05;1.27;3.8;0.22;0.59;0.35;1.17;0.37;0.94;2.69;1.97;0.42;-1.52;-0.27;1.1;0.06
200406;1.16;1.56;1.74;4.41;2.22;0.54;0.39;1.43;2.49;2.03;3.01;1.02;1.04;5.6;3.86;5.66;3.86;0.36;3.88;-0.63;1.16;3.65;2.06;0.21;0.66
200407;-9.54;-7.14;-4.95;-6.94;-10.02;-4.97;-4.37;-0.64;-3.47;-9.28;-8.93;-2.89;-4.88;-2.13;-4.52;-0.01;-1.81;-5.15;-1.41;-3.39;-4.48;-2.77;-2.78;-3.49;-2.67
200408;-2.61;-1.86;-2.24;-0.6;-2.24;-0.38;-0.41;-0.13;0.81;1.77;-5.97;1.35;-1.05;-1.14;1.63;0.73;0.69;-3.61;1.6;-1.04;-0.66;1.68;1.8;1.41;0.98
200409;3.97;2.28;3.4;3.38;6.53;3.67;3.35;1.32;2.23;5.55;0.5;4.23;3.54;1.45;-0.65;1.91;2.01;0.86;2.11;4.13;-6.75;1.9;0.65;-1.57;3.76
200410;4.29;5.29;2.41;3.13;2.77;3.21;2.32;-0.11;1.94;-0.25;5.12;0.78;2.5;2.68;-2.74;3.85;3.18;4.66;1.99;1.32;-0.39;1.86;-0.75;0.87;2.57
200411;7.91;3.88;6.71;8.64;7.31;5.07;7.38;3.73;5.73;8.15;1.43;9.1;6.24;5.97;2.79;5.92;4.04;4.22;3.93;5.38;1.61;3.06;5.23;2.19;6.23
200412;4.12;3.94;6.87;2.83;6.44;3.6;2.81;3.99;2.76;6.02;2.71;2.08;1.38;1.55;0.53;5.64;3.4;2.38;3.56;5;5.89;3.28;4.41;3.49;4.05
200501;-6.82;-2.43;-3.65;-2.94;-7.03;-2.36;-2.4;-1.87;-2.05;-10.19;-5.43;-0.39;-0.64;-1;-4.48;-3.04;-2.26;-3.23;-0.26;-3.29;-5.65;-3.16;-1.17;-2.2;-0.4
200502;2.04;1.16;2.13;3.29;-4.95;3.09;3.8;3.89;3.53;0.96;0.18;3.88;5.92;-0.6;3.52;-0.22;2.05;4.08;4.12;1.33;3.82;-0.08;2.29;-0.14;2.23
200503;-2.93;-0.62;-2.16;-4.44;-2.07;0.36;0.79;-1.64;-0.47;-0.67;1.46;-0.58;-1.93;-2.22;-4.3;-1.59;-0.1;-1.5;-2.77;-1.73;-1.55;-2.09;-1.16;-1.97;0.19
200504;-5.57;-5.57;-3.62;-4.43;-1.84;-1.69;-2.27;-2.75;-2.2;0.08;-4.22;-3.93;-3.34;0.21;-2.9;-3.46;-2.14;-0.94;-1.9;-2.52;-0.49;-0.15;-3.97;-2;-1.86
200505;6.07;3.48;5.11;8.77;6.92;5.33;4.8;1.97;4;9.09;10.28;5.28;3.84;2.41;5.31;2.94;4.93;6.9;1.78;4.76;1.34;2.57;2.6;3.07;3.29
200506;1.24;-1.07;-0.94;3.01;-0.15;3.03;1.88;1.33;2.52;-0.14;0.46;2.87;2.1;0.16;1.47;2.56;2.38;-1.06;-0.6;2.76;1.39;0.15;0.06;-0.06;2.17
200507;5.44;3.23;3.56;7.96;4.99;3.55;3.49;5.41;4.96;7.42;5.53;4.5;3.21;3.28;4.97;1.4;6.11;3.4;4.58;3.8;2.29;3.23;2.33;4.67;5.01
200508;-0.04;0.79;-2.58;1.82;-1.11;0.78;0.79;-1.1;1.43;-2.05;-1.45;-0.02;-1.27;-0.74;-1.71;-3.72;-1.26;-1.78;-0.1;-0.75;-0.57;-3.53;-1.1;0.38;-3.18
200509;-0.28;0.71;1.75;4.59;1.59;-0.63;1.83;0.7;-0.79;1.92;1.3;2.34;-3.64;1.75;1.79;1.25;0.93;0.78;1.82;1.72;3.19;-2.84;0.17;0.89;2.23
200510;-4.73;-0.88;-2.47;-2.46;-0.11;-1.86;-4.48;-1.68;0.13;1.36;0.01;-3.66;-4.54;-0.69;-0.13;-2.84;-3.61;0.61;-4.07;-0.17;-3.03;0.64;-0.2;-4.12;-3.13
200511;2.07;3.78;3.86;6.72;5.98;2.1;3.71;4.16;5.86;4.79;7.03;3.52;1.87;5.75;4.96;1.57;5.98;1.14;3.31;5.12;2.92;6.41;1.62;2.85;3.68
200512;1.29;0.82;0.79;2.57;-0.78;1.11;0.26;0.09;-2.05;-0.06;-0.41;-0.14;2.81;-0.13;0.11;-1.59;0.01;-0.07;-0.43;0.54;0.92;-2.14;0.62;-0.37;1.06
200601;6.15;1.33;5.56;6.34;3.95;5.98;4.56;5.64;3.76;4.23;0.84;6.46;4.73;-1.42;6.57;5.56;1.33;1.73;5.73;3.99;4.62;-1.15;-0.1;5.62;3.17
200602;-0.2;-0.02;0.77;-3.16;-0.79;0.83;1.17;2.73;-0.49;0.35;-0.81;0.44;1.5;0.41;-0.29;4.93;2.26;-0.1;-0.71;-1.83;1.14;-0.33;2.24;-1.53;-0.69
200603;1.34;3.09;2.62;3.07;3.33;0.43;0.75;1.2;0.17;1.07;4.56;1.19;-0.37;3.44;2.94;3.93;4.03;0.82;1.76;3.14;1.09;-0.17;0.68;3.37;0.57
200604;3.1;1.07;0.93;3.55;-0.24;0.94;1.98;0.43;-3.4;-0.83;0.02;-1.9;1.07;1.47;3.61;-0.74;1.82;0.59;2.06;2.67;0.76;0.57;1.95;3.44;-0.7
200605;-2.55;0.13;-3.37;-4;-5.17;-3.82;-1.5;-1.32;-4.34;-3.65;-2.48;-2.09;-2.18;-2.26;-6.45;-4.56;-4.2;-0.1;-3.1;-5.33;0.57;-2.98;-1.26;-1.72;-6.86
200606;0.01;-0.54;-2.67;-1.25;0.78;-0.25;0.78;1.79;-0.19;-1.34;-1.23;0.24;-0.5;-1.66;-0.64;1.33;-1.67;0.15;1.44;1.53;2.98;0.87;-0.69;0.59;0.53
200607;-3.63;-1.61;-1.85;-6.35;0.83;-0.07;-1.04;-0.03;-3.82;-5.9;2.29;1.71;-2.43;-2.68;-0.51;-1.27;1.5;0.44;-0.47;0.44;-0.87;-3;4.46;-1.71;-0.5
200608;5.54;1.26;3.41;5.03;0.76;1.3;4.69;2.6;1.83;4.97;4.29;2.73;3.14;2.61;0.96;8.72;1.88;3.2;-0.71;0.79;3.25;3.27;2.54;0.54;-0.52
200609;1.06;4.38;2;2.53;0.91;-0.85;1.66;1.54;-0.92;2.28;4.03;2.26;4.67;1.87;5.56;4.37;2.66;-0.11;4.04;0.96;3.24;2;0.82;2.36;2.26
200610;3.66;5.54;6.93;2.63;4.41;4.41;4.28;3.39;4.71;3.97;-0.09;3.48;5.53;1.54;5.42;3.81;2.06;2.62;2.11;3.81;5.4;4.63;4.44;3.14;4.11
200611;3.65;0.56;1.17;5.94;2.22;1.56;3.24;2.83;3.63;4.3;1.45;0.34;1.03;2.81;3.04;4.08;-0.6;1.5;1.09;3.12;0;1.22;2.45;2.94;5.7
200612;1.83;3.27;2.48;-1.3;0.75;0.41;2.16;2.24;-0.85;-0.76;2.05;-0.09;3.68;0.78;-2.63;1.32;4.51;2.55;1.36;0.77;2.9;-0.61;0.66;-0.93;-3.05
200701;2.35;2.81;1.28;3.49;2.72;0.69;2.42;0.75;2.23;3.34;-0.7;2.29;1.84;2.08;1.85;2.9;2.83;1.21;1.03;2.9;0.74;2.74;0.23;2.77;2.87
200702;-1.28;-4.18;-2.55;-0.37;1.4;3.62;-1.9;0.24;1.55;1.55;-1.97;-0.95;-1.78;-0.06;-3.71;-3.63;-2.43;-1.64;-1.97;-1.35;-2.1;-2.63;-1.86;-2.12;-1.83
200703;1.62;0.05;2.76;2.55;2.86;1.68;0.9;0.76;1.59;1.12;1.16;-0.69;0.26;1.64;2.06;-0.51;1.1;1.21;-0.27;2.81;1.05;-0.25;1.31;1.61;3.1
200704;5.4;3.35;2.22;6.15;1.52;4.66;3.57;3.96;2.26;2.09;4.28;3.85;6.24;1.92;3.45;5.49;4.11;3.8;2.93;3.38;6.05;5.35;4.92;5.9;4.17
200705;2.9;2.98;1.03;2.89;5.88;2.04;4.44;3.62;3.7;2.71;3.44;-0.58;5.29;2.99;8.1;3.21;3.41;2.59;3.39;4.46;4.34;3.95;2.73;4.37;6.45
200706;-1.42;0.22;-1.46;-1.26;-1.42;-1.31;-3.12;-2.47;-3.36;-2.26;-0.95;-1.8;-2.96;-0.95;0.7;-1.4;-4.06;-1.23;-0.78;-2.39;-0.94;-0.27;-1.31;-1.58;-0.97
200707;-5.31;-3.54;-6.7;-5.07;-3.15;-4.31;-5.2;-4.95;-2.4;-1.88;-7.64;-1.76;-3.15;-7.39;-2.72;-4.05;-4.34;-2.02;-3.67;-2.53;-0.92;-3.04;-1.25;-3.95;-3.08
200708;-1.04;1.52;1.11;2.07;3.04;-1.14;1.64;2.58;1.14;2.69;3.31;0.39;1.73;0.73;2.19;0.44;1.64;3.01;1.17;2.41;0.96;2.86;0.8;0.07;-1.17
200709;2.67;4.16;-0.15;3.1;4.27;3.25;-0.96;4.51;4.47;4.12;-0.37;4.79;1.19;3.32;6.27;1.96;2.05;3.61;2.1;4.9;3.06;2.79;5.27;5.05;4.34
200710;2.17;2.29;-2.58;0.33;3.06;1.48;-0.94;5.3;4.72;1.66;0.81;0.58;2.71;0.51;4.9;1.55;1.23;2;1.16;1.08;6.69;2.2;0.47;3.41;2.44
200711;-7.01;-6.87;-4.4;-9.26;-4.38;-4.09;-9.09;-3.31;-5.59;-2.48;-4.48;-4.13;-4.26;-6.21;-7.92;-1.78;-3.85;-1.72;-2.51;-6.34;-5.08;-3.21;-2.52;-5.53;-4.22
200712;-1.07;-0.77;-4.47;-3.45;1.45;-3.69;0.97;-1.67;-0.3;-1.62;-2.95;-1.5;-1.07;1.64;-1.35;-2.99;-1.17;-0.02;-2.27;0.65;1.82;-2.76;2.78;-1.28;1.83
200801;-9.09;-7.43;-5.97;-8.59;-6.45;-7.27;-7.51;-5.75;-6.55;-8.17;-0.28;-4.65;-6.77;-4.27;-11.71;-2.94;-8.12;-6.27;-0.29;-5.69;-5.72;-5.85;-6.64;-7.03;-7.16
200802;-2.92;0.11;-1.41;-6.79;-3.92;-3.97;-6.53;-2.18;-1.59;-1.28;-3.4;-5.16;-0.11;-5.21;-8.4;-1.99;-3.4;-2.29;-5.06;-1.18;-3.84;-4.12;0.27;-4.27;3.38
200803;-0.83;-3.01;-1.89;-4.3;0.86;-2.85;-7.21;1.44;-1.19;2.86;-4.79;6.19;-0.9;-2.45;-2.72;-1.2;-0.81;0.11;-0.98;-0.67;1.85;-2.03;-1.08;0.32;-1.73
200804;5.16;7.66;5.8;5.28;3.27;4.37;6.51;2.25;3.34;0.47;-0.36;-5.26;2.93;6.4;13.88;1.96;6.38;6.88;5.18;6.35;1.75;0.54;6.68;10.24;4.74
200805;4.03;4.01;4.95;2.7;2.96;3.87;7.82;1.59;2.07;1.57;1.73;-2.9;4.01;-2.1;1.51;3.24;1.2;6.15;-1.81;3.29;2.79;2.07;-0.03;2.53;7.04
200806;-9.4;-8;-11.57;-12.2;-11.09;-7.29;-9.94;-9.34;-9.53;-8.17;-6.11;-11.16;-9.02;-10.22;-12.01;-10.52;-8.42;-6.87;-10.59;-6.23;-6.45;-7.49;-4.17;-6.69;-3.94
200807;0.65;0.41;-2.02;4.64;-0.3;-3.16;3.36;-4.16;-0.96;0.51;-0.57;0.71;-4.67;4.09;-5.16;-1.59;1.16;4.09;0.06;-7.12;-4.96;0.88;0.39;-1.27;1.76
200808;1.34;1.33;-6.05;4.79;-2.15;5.61;1.95;0.07;-0.04;0.11;1.98;2.65;2.52;-0.22;0.03;3.11;1.32;3.45;1.97;1.47;4.13;3.6;3.12;0.93;-0.15
200809;-17.26;-11.82;-35.68;-4.6;-10.8;-9.16;-10.54;-3.65;-21.34;-11.29;-9.18;-7.78;-9.49;-8.24;-11.69;-11.58;-6.45;-3.3;-5.82;-14.59;-5.83;-8.12;-7.11;-7.09;-15.3
200810;-23.68;-23.95;-20.62;-27.44;-24.1;-15.64;-18.16;-20.72;-13.47;-16.83;-18.76;-9.75;-24.46;-20.98;-16.4;-24.66;-12.3;-12.64;-15.49;-19.93;-16.93;-15.75;-13.98;-14.78;-16.37
200811;-14.74;-5.48;-13.18;-22;-13.73;-7.16;-12.53;-8.69;-7.01;-9.54;-13.29;-1.4;-7.75;-14.38;-14.96;-7.49;-1.79;-5.81;-8.48;-5.29;-10.65;-5.17;-9;-1.59;-9.87
200812;4.08;4.69;4.95;-4.07;4.84;0.83;1.4;0.67;4.68;3.86;0.64;1.19;1.69;-0.41;1.64;1.63;3.28;2.39;1.09;-0.97;-1.32;4.96;4.64;0.67;7.97
200901;-4.44;-6.41;-11.53;-19.98;-6.05;-11.55;-10.03;-7.67;-3;-5.01;-10.18;-10.87;-13.83;-11.07;-4.3;-4.7;-7.69;-9.03;-11.2;-2.71;-7.52;-6.99;-9.67;-4.43;-7.58
200902;-11.27;-11.09;-15.05;-18.69;-8.92;-12;-14.46;-11;-9.16;-11.74;-12.23;-10.19;-15.89;-11.67;-8.03;-4.87;-11.18;-8.08;-13.98;-7.24;-6.53;-10.3;-10.44;-7.98;-0.71
200903;10.87;7.42;16.57;18.22;14.95;7.39;8.76;7.12;9.79;7.2;7.15;5.7;7.11;12.19;8.66;9.82;5.18;8.38;11.35;11.42;10.87;8.55;6.76;6.43;10.84
200904;19.83;13.53;15.07;13.84;9.39;12.38;11.39;9.46;7.76;13.36;16.35;5.18;17.79;12.73;12.93;10.66;5.12;5.11;11.53;11.61;11.32;11.29;12.11;6.18;10.36
200905;8.03;1.1;9.5;9.51;8.71;0.83;5.74;3.85;4.83;2.99;3.7;4.73;8.54;5.98;6.38;8.03;1.52;1.49;6.95;7.5;3.55;4.02;5.43;2.92;9.21
200906;0.45;3.63;-2.31;-1.25;2.55;0.53;2.06;-1.47;1.12;1.74;1.62;-0.19;-3.13;0.93;0.92;-2.05;3.07;0.71;-2.37;-0.89;6.93;-0.01;0.36;1.27;2.04
200907;9.85;9.4;10.77;10.13;3.58;12.45;9.26;8.45;6.81;7.4;9.92;8.3;10.73;9.09;7.48;12.86;9.91;6.51;8.72;7.86;10.55;4.37;6.92;5.56;4.99
200908;8.64;6.31;4.2;5.15;3.54;4.49;6.04;3.11;6.89;6.1;9.76;2.29;1.16;3.32;2.19;8.27;5.07;2.45;0.82;2.86;3.23;0.94;2.61;2.08;1.94
200909;7.35;1.86;4.11;3.39;4.93;4.09;0.19;6.6;1.24;3.63;6.87;5.66;9.13;4.8;4.94;2.87;0.46;4.31;1.47;5.89;3.62;2.97;4.92;4.15;5.81
200910;-7.22;-5.09;-7.84;-5.96;-4.96;-6.51;-1.57;-5.07;-7.45;-3.94;-3.58;-6.36;-4.2;-2.68;-5;-1.41;0.04;-1.7;-2.18;0.64;-0.96;0.81;-0.81;0.91;-0.88
200911;1.69;3.41;5.01;4.64;5.39;3.25;3.07;5.19;3.72;3.73;2.33;6.61;8.23;6.11;5.21;10.41;6.15;6.76;7.14;5.49;6.37;5.61;5.33;5.47;6.45
200912;2.55;2.65;6.58;4.8;5.92;7.88;5.59;7.24;2.64;1.21;3.63;5.15;0.49;4;5.56;2.12;2.9;2.74;1.95;5.48;4.33;-1.99;2.88;0.85;3.62
201001;-6.95;7.63;-1.03;-0.52;-6;-5.65;-0.98;-4.22;-2.07;-1.51;-3.46;-4.96;-0.52;-3.18;-4.75;-5.42;-1.86;-3.74;-2.56;-6.95;-3.54;-4.02;-3.55;-3.95;-4.97
201002;4.88;5.02;5.19;3.14;4.63;3.73;4.11;5.68;3.78;2.13;5.74;2.41;3.36;4.3;1.37;2.53;1.5;3.92;2.71;3.41;5.13;2.11;3.87;3.5;4.49
201003;7.5;5.79;7.21;8.25;6.45;7.06;6.91;6.69;6.85;7.51;9.94;7.04;6.77;4.97;6.83;10.29;4.55;5.5;4.88;7.65;7.17;4.95;6.91;4.69;4.02
201004;1.21;-0.63;8.71;5.55;3.21;3.92;-0.47;3.66;3.06;0.91;3.97;3.86;1.19;3;1.25;3.61;0.91;2.88;-0.72;1.68;6.63;1.82;-0.03;4.27;1.81
201005;-7.24;-8.52;-7.72;-6.76;-8.83;-8.61;-7.57;-8.32;-7.52;-8.66;-6.26;-7.91;-7.39;-5.45;-8.89;-9.04;-6.45;-5.7;-7.84;-7.82;-7.14;-6.82;-8.18;-7.99;-11.65
201006;-9.29;3.49;-7.46;-5.35;-5.45;-9.66;-4.71;-5.65;-5.6;-6.9;-6.7;-6.04;-5.3;-4.6;-6.92;-5.1;-5.67;-5.62;-3.99;-6.1;-8.16;-4.07;-2.53;-5.37;-9.27
201007;5.19;8.53;11.81;6.17;3.92;7.24;6.64;4.12;8.27;7;10.12;10.14;8.38;7.53;5.58;9.64;7.88;6.99;6.52;6.13;13.01;6.25;7.36;8.08;5.5
201008;-7.46;-7.72;-7.79;-8.78;-3.68;-5.78;-7.34;-4.44;-3.86;-3.24;-4.39;-9.93;-6.39;-2.68;-4.08;-8.95;-8.06;-2.64;-5.74;-4.81;-6.19;-5.05;-4.58;-2.74;-2.32
201009;10.9;10.03;14.74;7.77;8.62;9.14;10.75;10.9;9.55;8.49;10.83;12.24;7.7;8.28;9.57;15.27;5.47;7.21;10.12;13.67;13.42;10.12;9.62;7.69;11.08
201010;2.45;3.09;1.93;2.48;1.55;6.15;5.39;3.48;5.4;2.89;5.47;1.86;4.58;2.73;1.39;4.26;4.59;3.91;3.44;5.75;6.43;2.8;4.98;5.41;3.53
201011;3.44;1.57;1.81;0.21;1.13;-0.94;2.9;2.09;0.4;0.7;1.42;1.21;1.7;0.24;-3.53;4.5;-0.05;1.5;2.14;-0.73;7.07;0.71;0.21;-0.76;0.66
201012;12.82;13.54;13.25;13.4;3.35;9.13;5.59;6.64;5.34;6.4;6.54;12.7;5.22;7.09;8.04;8.7;8.92;5.99;5.6;6.69;7.37;6.74;5.75;5.47;3.71
201101;3.15;3.12;2.27;2.23;3.38;3.78;0.73;0.58;1.31;1.27;2.6;7.49;3.11;1.43;3.9;1.44;1.94;4.63;2.22;1.38;-1.08;1.7;3;-0.54;-0.09
201102;5.46;0.92;4.77;6.85;4.66;8.44;4.75;4.33;5;3.96;4.64;4.47;5.4;4.03;3.13;4.61;1.84;5.05;3.22;3.51;1.62;4.61;0;2.51;3.41
201103;-0.46;-0.79;0.73;-1.21;-2.59;-1.28;2.13;2.89;1.06;1.67;3.2;-1.33;1.41;1.54;-1.8;-0.56;-0.28;0.85;-0.39;1.06;3.85;0.06;1.32;0.28;1.62
201104;-0.08;1.75;-0.09;2.51;1.15;3.41;1.92;4.13;3.71;4.68;2.69;4.17;3.43;2.69;1.33;2.21;0.18;3.34;5.12;1.88;3.57;4.2;4.35;3.11;3.62
201105;-3.42;-4.4;-1.73;-4.1;-3.4;-2.6;-3.49;0.71;-1.55;-0.78;-5.35;-2.31;-0.52;-1.18;-0.7;-0.75;-1.57;-2.24;-1.82;-0.83;-2.51;-0.92;-0.58;0.43;0.48
201106;-4.47;-2.76;-2.63;-1.92;-3.48;-3.54;-0.37;-1.15;-1.85;-2.81;-1.91;-2.37;-0.57;-0.07;-3.98;-3.05;-3.17;-1.52;-0.89;-0.78;-2.82;-0.8;-1.12;-0.43;-0.9
201107;-2.81;-6.36;-4.35;-4.48;-4.76;-5.99;-4;-2.58;-4.36;-2.1;-5.86;-2.91;-3.82;-4.3;-0.53;-3.06;-3.55;-3.57;-2.03;0.15;-3.11;-0.88;-0.87;-1.69;1.9
201108;-13.06;-10.64;-2.44;-10.78;-7.45;-9;-7.43;-5.35;-8.27;-7.5;-4.02;-4.88;-9.81;-7.43;-7.23;-1.59;-5.64;-5.73;-3.55;-7.14;-6.24;-3.16;-3.08;-6.73;-3.86
201109;-11.81;-12.24;-9.62;-11.09;-8.04;-6.82;-12.17;-5.22;-9.1;-10.87;-5.47;-7.01;-12.61;-9.04;-10.19;-4.64;-7;-10.13;-7.02;-5.97;-7.02;-5.09;-4.43;-9.83;-4.04
201110;12.42;15.6;13.7;18.14;12.45;12.28;13.83;11.53;13.41;13.24;8.86;11.53;15.39;13.72;14.23;6.92;10.95;12;10.25;10.53;11.22;8.58;9.68;11.95;9.93
201111;-2.68;-3.99;-0.2;-1.69;-0.42;-3.07;-2.08;-0.06;1.74;-2.27;3.43;1.41;-1.56;-0.07;-1.16;0.85;-0.22;-1.94;0.09;0.22;0.12;2.74;1.92;0.19;-2.05
201112;0.93;-1.95;0.22;-0.54;-2.01;6.34;0.87;2.44;0.88;-1.83;5.83;1.78;0.39;0.94;-2.27;1.37;3.29;1.59;0.56;0.85;0.77;2;0.21;0.29;-1.13
201201;9.82;7.03;3.85;8.2;5.91;4.72;6.96;4.38;6.84;6.14;0.95;1.95;7.53;6.47;7.31;0.01;4.99;6.72;2.81;1.85;4.74;1.13;4.03;7.56;9.49
201202;9.29;6.03;2.96;4.27;1.94;4.01;5.05;5.03;3.83;5.09;1.5;3.81;2.34;5.03;5.43;6.2;6.44;3.98;3.5;3.82;2.58;4.69;2.13;3.02;8.15
201203;4.26;4.73;1.31;2.31;2.07;5.43;3.64;1.95;3.73;1.68;4.43;1.79;1.6;3.25;2.48;1.75;5.14;5.92;0.91;1.81;3.13;3.79;2.71;1.28;5.96
201204;1.45;-4.05;-2.01;-3.45;-2.03;-3.15;-2.74;0.32;-3.35;1.07;1.25;1.22;-1.53;-0.5;-2.72;-2.63;-0.6;-2.3;-0.17;-0.56;0.67;-0.14;-1.47;0.33;-0.18
201205;-7.21;-10.81;-6.64;-8.14;-5.98;-3.83;-5.79;-5.78;-9.51;-7.66;-4.36;-2.68;-9;-4.62;-11.4;-4.2;-4.12;-9.64;-6.17;-7.65;-3.25;-4.9;-2.99;-7.43;-5.12
201206;5.85;4.19;5.81;4.12;5.11;7.21;7.3;4.8;1.72;2.69;6.03;3.9;2.39;4.41;3.78;0.6;3.15;3.82;3.67;5.03;4.44;3.42;2.82;2.57;3.13
201207;-1.43;0.22;-0.12;-1.24;-3.68;-0.21;-1.08;1.64;2.04;-0.03;0.55;1.56;1.78;0.04;3.82;0.56;1.48;-0.16;2.25;-0.86;0.24;0.73;2.14;-0.8;0.86
201208;7.13;2;0.82;4.08;3.72;2.55;4.37;-0.67;4.97;3.45;3.72;0.63;3.39;3;4.52;5.36;0.51;2.38;0.84;3.86;3.19;0.14;0.22;1.37;5.69
201209;4.49;4.67;4.19;1.6;3.85;7.13;3.38;4.27;1.86;1.73;5.9;1.92;1.65;2.4;4.32;2.62;3.89;3.3;2.84;1.32;2.68;3.34;0.41;0.16;0.87
201210;3.92;2.55;-1.44;-2.52;-5.04;-3.43;-0.55;0.19;-1.18;0.17;0.84;-4.21;-1.87;-3.16;-5.54;0.05;1.84;-0.43;-1.14;-0.61;-0.98;-2.75;-0.52;-0.34;-6.56
201211;-1.16;1.25;1.35;-1.51;2.49;-0.16;0.71;-1.04;-0.06;2.24;3.24;1.06;1.53;2.1;3.19;3.15;0.42;-0.2;-0.49;1;0.68;1.56;0.25;1.04;-0.29
201212;6.49;4.57;1.75;1.36;3.38;1.2;2.18;0.73;2.58;1.97;4.9;1.28;0.78;4.26;1.23;-0.41;-0.6;3.24;-0.08;2.55;0.74;-0.27;-0.88;2.03;-2.96
201301;8.38;8.8;7.67;6.72;7.25;7.89;5.56;4.08;8.58;5.38;6.28;5.55;7.75;6.04;5.55;7.26;6.8;5.18;5.48;6.86;6.7;6.94;4.3;4.83;-1.95
201302;0.87;1.63;3.56;-0.26;1.9;2.79;2.66;1.06;-0.07;0.07;0.26;2.37;1.92;0.21;1.21;1.34;0.32;2.37;1.79;-0.41;2.29;1.14;2.28;0.86;0.19
201303;5.44;5.04;3.59;3.92;5.15;2.28;5.46;5.8;4.65;3.08;5.95;3.33;3.1;3.55;2.48;4.04;4.5;4.88;3.31;1.64;6.49;4.73;5.83;4.64;1.58
201304;1.79;1.9;1.92;-0.89;2.5;-1.31;1.02;1.79;-0.3;-0.22;0.56;2.35;2.6;-1.76;-0.35;1.99;3.01;2.64;1.8;-0.2;2.52;0.78;1.83;1.94;4.41
201305;7.02;3.72;4.83;3.92;6.5;3.47;1.73;-1.06;5.62;2.11;1.56;-0.08;2.24;4.83;3.8;5.6;0.99;3.83;1.57;3.26;1.44;0.04;2.17;3.08;3.68
201306;-3.4;-3.91;-1.69;3.62;-1.64;-0.96;-0.89;1.4;-0.04;-0.88;-0.67;-0.58;-0.13;-0.4;-0.39;-1.74;-0.51;0.1;-0.77;-3.14;-1.7;-3.21;-0.27;-1.12;-4.67
201307;7.06;7.26;7.09;5.84;10.94;5.07;4.82;8.29;5.69;4.67;5.37;6.8;4.57;5.02;4.19;4.88;4.3;6.1;5.12;10.56;6.16;4.85;4.72;1.14;8.44
201308;-3.15;-4.49;-3.92;-3.84;0.83;-4.46;-3.52;-3.68;-3.14;0.06;-2;-2.33;-4.71;-1.97;-3.21;-2.74;-4.08;-4.11;-2.4;-3.75;-2.48;-3.6;-4.16;-0.65;2
201309;5.16;3.77;4.11;4.53;7.97;5.07;3.81;1.08;2.03;2.39;2.03;2.61;3.75;5.3;5.81;2.15;2.18;3.69;2.74;7.82;3.05;3.9;2.47;4.23;2.59
201310;2.21;2.88;5.01;2.82;-0.76;6.79;4.86;4.11;2.14;1.68;5.49;5.19;3.62;2.89;7.02;6.59;2.12;4.16;3.76;3.8;5.55;3.36;3.8;5.67;7.11
201311;4.32;5.02;4.52;1.78;-1.64;2.77;1.13;4.58;0.85;4.62;1.55;2.41;1.9;3.73;1.42;1.43;5.86;4.69;2.39;4.76;2.24;2.86;3.77;4.04;3.78
201312;3.68;1.64;2.23;3.23;5.03;5.07;2.63;0.92;1.83;3.28;-0.13;1.52;4.5;5.07;4.12;0.96;3.92;2.37;2.45;1.98;3.21;2.97;0.14;1.91;2.7
201401;-2.53;-4.34;-4.69;-4.38;7.01;-6.97;-4.4;0.75;-1.68;-1.94;-5.73;-2.58;-0.69;-1.9;1.21;-3.83;-5.06;-3.52;-4.05;-4.76;-5.13;-3.97;-5.35;-4.2;-5.84
201402;5.3;4.24;4.59;3.97;7.52;3.22;2.03;1.98;3.46;2.22;4.57;5.91;2.87;6.18;5.93;3.08;5.27;4.64;5.48;5.47;5.38;5.73;3.73;3.32;5.69
201403;-0.64;-0.14;2.05;2.76;-6.78;1.74;2.1;2.98;1.97;1.31;1.36;0.63;1.62;0.1;-4.6;1.45;0.49;3.47;1.54;-3.21;1.85;0.73;1.21;1.71;-1.08
201404;-2.06;0.37;-0.18;0.04;-3.5;1.68;1.13;-3.62;-0.39;-3.5;0.67;-1.13;0.88;-2.88;-2.41;-0.06;2.76;-1.34;1.78;-3.4;0.76;0.57;2.11;-0.57;4.32
201405;1.38;0.35;1.05;0.64;2.75;0.23;1.51;0.66;1.44;2.39;1.48;0.68;2.97;3.42;3.94;3.79;0.88;2.57;1.89;1.38;2.33;0.23;-0.19;2.8;5.45
201406;4.06;2.42;5.16;2.24;8.55;1.5;2.57;3.42;4.48;3.36;0.24;1.34;1.83;3.33;3.51;1.91;1.06;1.75;4.12;3.8;2.76;0.71;-0.64;1.23;3.77
201407;-4.77;0.43;-2.4;-2.47;-6.37;-2.48;-5.21;-3.6;-4.28;-3.31;-1.04;-0.54;-3.27;-1.87;-0.15;-2.87;-2.55;-3.11;-1.13;-0.34;-3.33;-2.62;-0.82;0.76;-0.36
201408;4.57;4.98;5.66;8.88;6.58;2.9;5.19;4.45;5.15;4.34;3.53;2.46;3.27;3.56;3.72;5.52;3.13;4.58;3.23;3.67;4.1;4.94;3.84;5.94;3.68
201409;-4.62;-1.37;-2.59;-1.25;-3.81;-1.75;-2.19;-3.78;-3.94;-4.3;-0.07;-3.41;-2.64;-3.49;0.04;-2.06;-2.14;-1.07;-0.1;-4.34;-1.61;-1.5;-1.61;-1.2;-2.99
201410;1.16;3.86;0.64;2.05;3.31;2.67;6.23;5.67;3.35;2.74;3.68;1.01;3.29;0.44;0.87;3.61;1.14;2.26;2.69;0.28;4.03;3.33;-0.12;5;0.96
201411;0.05;2.91;1.4;5.09;-0.38;1.42;1.72;0.56;2.23;0.98;3.11;0.93;-0.75;0.43;1;5.12;1.44;5.21;2.67;2.89;4.22;3.87;4.04;6.24;1.47
201412;-0.69;1.3;1.59;1.18;0.01;-0.91;1.88;1.89;0.51;-0.51;1.72;-0.38;2.31;1.28;-1.33;3.37;0.37;-0.81;-0.15;-3.06;-0.78;1.8;-1.01;-3.35;-2.49
201501;-1.86;-7.94;-8.4;-3.94;-1.94;-4.84;-2.07;-0.97;-2.75;0.7;-6.3;-4.12;-5.19;-4.43;-2.39;-5.59;-2.59;-1.65;-2.64;-1.26;-4.93;-1.35;-2.08;-2.31;0.39
201502;5.24;6.88;7.76;4.49;11.62;7.33;2.28;3.11;5.25;10.19;7.73;6.94;4.46;8.64;4.96;8.27;5.8;6.44;4.22;10.66;5.11;4.98;4.34;8.21;5.93
201503;-1.42;-0.48;-0.54;-1.64;-0.85;-2.25;-0.31;0.05;0.76;1.89;-1.43;-0.57;-2.05;-0.32;0.38;-0.65;-1.85;-1.99;-0.57;-2.18;-2.01;-0.52;-1.46;-2.93;-0.03
201504;0.99;0.76;2.06;-1.95;-1.15;4.67;-0.97;-1.4;-1.1;0.34;0.34;0.71;0.42;1.62;-1.15;-2.07;2.15;-1.7;-0.39;4.99;1.47;-2.5;-0.1;3.94;2.73
201505;1.78;1.17;3.54;1.26;3.87;2.06;1.85;3.61;0.91;4.3;1.9;0.04;-0.35;0.49;0.87;2.42;2.07;0.51;1.94;0.28;0.63;1.69;0.92;1.4;0.2
201506;-4.35;-1.27;0.98;-3.23;-0.41;-0.44;-2.01;-2.57;-2.06;0.02;-0.39;-1.16;-2.92;-1.23;0.57;-3.28;-1.1;-1.95;-1.29;0.02;-2.6;-0.91;-2.25;-2.63;-0.86
201507;-5.87;2.83;0.33;3.62;-0.49;0.6;1.87;0.65;0.99;4.08;-0.53;-1.66;-0.05;8.86;-0.65;-0.28;1.12;2.95;0.89;6.33;1.74;2.7;1.73;-1.55;0.85
201508;-4.55;-6.97;-6.04;-5.5;-9.51;-7.72;-6.85;-4.55;-4.16;-5.13;-8.48;-5.39;-7.06;-3.22;-4.77;-5.63;-5.48;-7.85;-6.67;-6.38;-5.36;-5.03;-4.43;-6.36;-7.66
201509;-6.6;-7.49;-2.79;-3.53;-8.12;-6.28;-4.17;-0.29;-1.47;-3.22;-4.24;-0.71;-2.01;-2.87;-4;-6.04;-1.91;-2.39;-3.72;-2.34;-2.15;-1.58;-1.63;-3.07;-5.2
201510;8.83;8.37;7.07;3.8;4.71;9.02;7.99;4.64;4.66;8.59;8.31;10.64;8.23;9.84;5.56;9.86;8.41;7.22;5.97;14.57;7.82;5.83;7.22;7.6;6.76
201511;3.4;2.72;2.68;-0.63;3.25;-0.28;1;0.47;0.04;2.82;1.31;1.09;-1.51;3.67;0.71;-0.52;0.15;0.46;1.5;2.09;-0.37;0.98;-2.09;-0.12;-1.07
201512;-6;-4.44;-2.71;-1.37;-4.61;-3.38;-4.08;-0.1;-3.34;-1.42;-3.76;-2.08;-0.54;-1.38;-6.25;-2.54;-0.75;-1.87;-3.77;0.63;-0.62;-0.58;-2.34;-7.03;-2.65
201601;-7.57;-15.94;-7.63;-4.45;-17.65;-10.62;-8.47;-0.72;-0.35;0.9;-5.12;-5.18;-4.88;-6.16;-5.88;-5.65;-3.52;-6.6;-6.63;-8.63;-1.15;-2.18;-6.44;-7.33;-13.61
201602;-0.47;-4.4;-3.05;2.14;-4.14;-3.15;-2.87;1.29;1.24;-2.36;-0.06;1.58;1.29;-2.6;-0.34;3.26;2.81;-0.28;-2.3;-4.39;0.99;1.2;2.07;0.58;1.74
201603;7.94;7.18;7.58;6.34;8.56;6.54;5.91;7.34;7.06;7.82;7.07;6.59;7.15;6.64;9.52;7.1;6.18;5.48;7.67;7.18;7.44;6.96;5.35;9.64;5.75
201604;5.21;6.49;2.9;1.5;3.11;2.95;5.92;-0.07;-0.23;3.41;3.83;2.32;1.09;-1.89;2.84;2.16;1.88;3.33;0.96;0.03;-0.87;-0.63;-0.34;-6.7;1.09
201605;0.55;2.69;4.34;-0.92;3.54;0.93;2.82;1.98;2.85;1.91;-1.56;1.04;1.66;4.09;1.77;-1.11;0.62;0.59;1.32;5.42;1.35;1.81;-0.46;4.05;2.44